Workbook

Sheet ✏️ SME Input
B5: 📋 INSTRUCTIONS: Fill in ORANGE cells only for your application. Grey cells are locked (auto-calculated or reference only). Dropdown cells have a pick-list — click the cell to see options. Contact the Migration PMO if you have questions.
B6: Application Name | C6: Wave / Release | D6: DB Size (GB) | E6: No. of Tables | F6: No. of Stored Procs | G6: No. of Views | H6: No. of Triggers | I6: SQL Agent Jobs | J6: Linked Servers | K6: CLR Objects | L6: SSIS Packages | M6: SSRS Reports | N6: Informatica Workflows/Jobs (No workflow change — enter count) | O6: SSIS Complexity | P6: SSRS Strategy | Q6: SME Notes / Risks | R6: Informatica Job Count | S6: Replication Articles (Trans+Merge) | T6: Snapshot Publications | U6: Replication Type
B7: Reference | C7: ⬆ ENTER | D7: ⬆ ENTER | E7: ⬆ ENTER | F7: ⬆ ENTER | G7: ⬆ ENTER | H7: ⬆ ENTER | I7: ⬆ ENTER | J7: ⬆ ENTER | K7: ⬆ ENTER | L7: ⬆ ENTER | M7: ⬆ ENTER | N7: ⬆ ENTER count | O7: ⬆ ENTER | P7: ⬆ ENTER | Q7: ⬆ ENTER | R7: ⬆ ENTER | S7: ⬆ ENTER | T7: ⬆ ENTER | U7: ⬆ Dropdown
B8: Order Management System | C8: Wave 2 | D8: 450 | E8: 120 | F8: 85 | G8: 45 | H8: 12 | I8: 8 | J8: 2 | K8: 3 | L8: 18 | M8: 22 | N8: 5 | O8: High | P8: EC2 (Lift & Shift) | R8: 5 | S8: 8 | T8: 0 | U8: Transactional
B9: Billing Engine | C9: Wave 2 | D9: 820 | E9: 200 | F9: 140 | G9: 60 | H9: 18 | I9: 15 | J9: 4 | K9: 6 | L9: 32 | M9: 35 | N9: 12 | O9: High | P9: EC2 (Lift & Shift) | R9: 12 | S9: 15 | T9: 2 | U9: Transactional
B10: Customer Portal DB | C10: Wave 1 | D10: 180 | E10: 80 | F10: 45 | G10: 30 | H10: 5 | I10: 3 | J10: 0 | K10: 0 | L10: 8 | M10: 10 | N10: 0 | O10: Medium | P10: AWS QuickSight | R10: 0 | S10: 0 | T10: 0 | U10: None
B11: Provisioning System | C11: Wave 2 | D11: 650 | E11: 150 | F11: 110 | G11: 55 | H11: 14 | I11: 10 | J11: 3 | K11: 2 | L11: 24 | M11: 18 | N11: 8 | O11: High | P11: EC2 (Lift & Shift) | R11: 8 | S11: 6 | T11: 0 | U11: Transactional
B12: Revenue Assurance | C12: Wave 4 | D12: 1200 | E12: 280 | F12: 190 | G12: 90 | H12: 22 | I12: 20 | J12: 6 | K12: 8 | L12: 40 | M12: 50 | N12: 20 | O12: High | P12: EC2 (Lift & Shift) | R12: 20 | S12: 20 | T12: 3 | U12: Mixed
B13: Fraud Management | C13: Wave 2 | D13: 340 | E13: 95 | F13: 65 | G13: 35 | H13: 8 | I13: 6 | J13: 1 | K13: 4 | L13: 15 | M13: 12 | N13: 3 | O13: Medium | P13: Power BI | R13: 3 | S13: 4 | T13: 0 | U13: Transactional
B14: Network Inventory DB | C14: Wave 2 | D14: 560 | E14: 130 | F14: 95 | G14: 48 | H14: 10 | I14: 9 | J14: 2 | K14: 1 | L14: 20 | M14: 16 | N14: 6 | O14: Medium | P14: AWS QuickSight | R14: 6 | S14: 5 | T14: 0 | U14: Transactional
B15: CRM Integration DB | C15: Wave 1 | D15: 220 | E15: 75 | F15: 50 | G15: 28 | H15: 6 | I15: 4 | J15: 0 | K15: 0 | L15: 10 | M15: 8 | N15: 2 | O15: Medium | P15: AWS QuickSight | R15: 2 | S15: 2 | T15: 0 | U15: None
B16: Product Catalogue | C16: Wave 1 | D16: 90 | E16: 45 | F16: 30 | G16: 20 | H16: 3 | I16: 2 | J16: 0 | K16: 0 | L16: 4 | M16: 5 | N16: 0 | O16: Low | P16: AWS QuickSight | R16: 0 | S16: 0 | T16: 0 | U16: None
B17: Mediation Platform | C17: Wave 3 | D17: 780 | E17: 180 | F17: 125 | G17: 65 | H17: 16 | I17: 12 | J17: 3 | K17: 5 | L17: 28 | M17: 20 | N17: 10 | O17: High | P17: EC2 (Lift & Shift) | R17: 10 | S17: 10 | T17: 0 | U17: Transactional
B18: Interconnect Billing | C18: Wave 2 | D18: 420 | E18: 110 | F18: 80 | G18: 40 | H18: 9 | I18: 7 | J18: 2 | K18: 2 | L18: 16 | M18: 14 | N18: 4 | O18: Medium | P18: EC2 (Lift & Shift) | R18: 4 | S18: 4 | T18: 0 | U18: Transactional
B19: Roaming Settlement | C19: Wave 2 | D19: 390 | E19: 100 | F19: 72 | G19: 38 | H19: 8 | I19: 6 | J19: 1 | K19: 3 | L19: 14 | M19: 12 | N19: 5 | O19: Medium | P19: EC2 (Lift & Shift) | R19: 5 | S19: 3 | T19: 0 | U19: Transactional
... B36: MDM Master Data DB | C36: Wave 4 | D36: 520 | E36: 140 | F36: 98 | G36: 52 | H36: 12 | I36: 9 | J36: 3 | K36: 1 | L36: 18 | M36: 22 | N36: 7 | O36: High | P36: EC2 (Lift & Shift) | R36: 7 | S36: 8 | T36: 1 | U36: Transactional
B37: TOTALS (auto) | C37: =SUM(C8:C36) -> 0 | D37: =SUM(D8:D36) -> 13340 | E37: =SUM(E8:E36) -> 3483 | F37: =SUM(F8:F36) -> 2207 | G37: =SUM(G8:G36) -> 1292 | H37: =SUM(H8:H36) -> 259 | I37: =SUM(I8:I36) -> 217 | J37: =SUM(J8:J36) -> 45 | ... N37: =SUM(N8:N36) -> 121 | R37: =SUM(R8:R36) -> 121 | S37: =SUM(S8:S36) -> 122 | T37: =SUM(T8:T36) -> 8

Sheet 📋 App Effort Detail
B4: Formulas auto-calculate from SME Input sheet values. Orange = SME editable input. Green = calculated output. Hours = Days × 8. AI saving applied per role. Contingency = AI-adj × (1 + buffer%).
B5: APP IDENTITY | D5: DATABASE PROFILE | I5: SQL OBJECT INVENTORY | O5: ETL & REPORTING | R5: EFFORT TOTALS (hours) | AB5: INFORMATICA EFFORT (hrs) | AG5: ENVIRONMENT BREAKDOWN — Data & ETL (hrs) | AM5: TOTAL BY ENV (hrs)
B6: Application Name | C6: Tier (Auto) | D6: DB Size (GB) | E6: Tables | F6: Stored Procs | G6: Views | H6: Triggers | I6: SQL Agent Jobs | J6: Linked Servers | K6: CLR Objects | L6: SSIS Packages | M6: SSRS Reports | N6: Informatica Workflows/Jobs (No workflow change — count for JDBC) | O6: SSIS Complexity | P6: SSRS Strategy | Q6: Wave | R6: Gross Hours | S6: AI-Adj Hours | T6: Hours w/ Contingency | AB6: Informatica Job Count | AC6: Inform. Dev hrs | AD6: Inform. Test hrs | AE6: Inform. Prod hrs | AF6: Inform. Total hrs | AG6: Data Dev hrs | AH6: Data Test hrs | AI6: Data Prod hrs | AJ6: ETL Dev hrs | AK6: ETL Test hrs | AL6: ETL Prod hrs | AM6: Total Dev hrs | AN6: Total Test hrs | AO6: Total Prod hrs
B7: Label/Formula | C7: Label/Formula | D7: ⬆ Input | E7: ⬆ Input | F7: ⬆ Input | G7: ⬆ Input | H7: ⬆ Input | I7: ⬆ Input | J7: ⬆ Input | K7: ⬆ Input | L7: ⬆ Input | M7: ⬆ Input | N7: ⬆ Input | O7: ⬆ Input | P7: ⬆ Input | Q7: ⬆ Input | R7: Formula | S7: Formula | T7: Formula | AB7: Ref SME | AC7: Formula | AD7: Formula | AE7: Formula | AF7: Formula | AG7: Formula | AH7: Formula | AI7: Formula | AJ7: Formula | AK7: Formula | AL7: Formula | AM7: Formula | AN7: Formula | AO7: Formula
B8: ='✏️ SME Input'!B8 -> Order Management System | C8: =IF(D8>1000,"T3 Complex",IF(D8>500,"T2 Moderate","T1 Simple")) -> T1 Simple | D8: ='✏️ SME Input'!D8 -> 450 | E8: ='✏️ SME Input'!E8 -> 120 | F8: ='✏️ SME Input'!F8 -> 85 | G8: ='✏️ SME Input'!G8 -> 45 | H8: ='✏️ SME Input'!H8 -> 12 | I8: ='✏️ SME Input'!I8 -> 8 | J8: ='✏️ SME Input'!J8 -> 2 | K8: ='✏️ SME Input'!K8 -> 3 | ... P8: ='✏️ SME Input'!P8 -> EC2 (Lift & Shift) | Q8: ='✏️ SME Input'!C8 -> Wave 2 | R8: =((((D8/100)*0.5+F8*0.5+G8*0.2+H8*0.8+I8*1+J8*3+K8*5+(D8/100)*0.3)*8+(L8*IF(O8="High",2,IF(O8="Medium",1,0.5)))*8+(M8*IF(P8="EC2 (Lift & Shift)",0.2,IF(P8="AWS QuickSight",1.5,IF(P8="Power BI",1,0.5))))*8+(10+(D8/100)*0.5)*8))*0.08+(((D8/100)*0.5+F8*0.5+G8*0.2+H8*0.8+I8*1+J8*3+K8*5+(D8/100)*0.3)*8+(D8/100)*0.3*8)+((L8*IF(O8="High",2,IF(O8="Medium",1,0.5)))*8)+((M8*IF(P8="EC2 (Lift & Shift)",0.2,IF(P8="AWS QuickSight",1.5,IF(P8="Power BI",1,0.5))))*8)+((10+(D8/100)*0.5)*8)+((((D8/100)*0.5+F8*0.5+G8*0.2+H8*0.8+I8*1+J8*3+K8*5+(D8/100)*0.3)*8+(L8*IF(O8="High",2,IF(O8="Medium",1,0.5)))*8+(M8*IF(P8="EC2 (Lift & Shift)",0.2,IF(P8="AWS QuickSight",1.5,IF(P8="Power BI",1,0.5))))*8+(10+(D8/100)*0.5)*8))*0.28+((((D8/100)*0.5+F8*0.5+G8*0.2+H8*0.8+I8*1+J8*3+K8*5+(D8/100)*0.3)*8+(L8*IF(O8="High",2,IF(O8="Medium",1,0.5)))*8+(M8*IF(P8="EC2 (Lift & Shift)",0.2,IF(P8="AWS QuickSight",1.5,IF(P8="Power BI",1,0.5))))*8+(10+(D8/100)*0.5)*8))*0.12 -> 1743.584 | S8: =((((D8/100)*0.5+F8*0.5+G8*0.2+H8*0.8+I8*1+J8*3+K8*5+(D8/100)*0.3)*8+(L8*IF(O8="High",2,IF(O8="Medium",1,0.5)))*8+(M8*IF(P8="EC2 (Lift & Shift)",0.2,IF(P8="AWS QuickSight",1.5,IF(P8="Power BI",1,0.5))))*8+(10+(D8/100)*0.5)*8)*0.08)*(1-'📊 Dashboard'!C10/100)+((((D8/100)*0.5+F8*0.5+G8*0.2+H8*0.8+I8*1+J8*3+K8*5+(D8/100)*0.3)*8+(D8/100)*0.3*8))*(1-'📊 Dashboard'!C10/100)+((L8*IF(O8="High",2,IF(O8="Medium",1,0.5)))*8)*(1-'📊 Dashboard'!C11/100)+((M8*IF(P8="EC2 (Lift & Shift)",0.2,IF(P8="AWS QuickSight",1.5,IF(P8="Power BI",1,0.5))))*8)*(1-'📊 Dashboard'!C12/100)+((10+(D8/100)*0.5)*8)*(1-'📊 Dashboard'!C10/100)+((((D8/100)*0.5+F8*0.5+G8*0.2+H8*0.8+I8*1+J8*3+K8*5+(D8/100)*0.3)*8+(L8*IF(O8="High",2,IF(O8="Medium",1,0.5)))*8+(M8*IF(P8="EC2 (Lift & Shift)",0.2,IF(P8="AWS QuickSight",1.5,IF(P8="Power BI",1,0.5))))*8+(10+(D8/100)*0.5)*8)*0.28)*(1-'📊 Dashboard'!C13/100)+((((D8/100)*0.5+F8*0.5+G8*0.2+H8*0.8+I8*1+J8*3+K8*5+(D8/100)*0.3)*8+(L8*IF(O8="High",2,IF(O8="Medium",1,0.5)))*8+(M8*IF(P8="EC2 (Lift & Shift)",0.2,IF(P8="AWS QuickSight",1.5,IF(P8="Power BI",1,0.5))))*8+(10+(D8/100)*0.5)*8)*0.12)*(1-'📊 Dashboard'!C10/100) -> 1271.2112 | T8: =S8*(1+'📊 Dashboard'!C14/100) -> 1461.8929 | U8: =(((D8/100)*0.5+F8*0.5+G8*0.2+H8*0.8+I8*1+J8*3+K8*5+(D8/100)*0.3)*8+(L8*IF(O8="High",2,IF(O8="Medium",1,0.5)))*8+(M8*IF(P8="EC2 (Lift & Shift)",0.2,IF(P8="AWS QuickSight",1.5,IF(P8="Power BI",1,0.5))))*8+(10+(D8/100)*0.5)*8)*0.08 -> 93.664 | V8: =((D8/100)*0.5+F8*0.5+G8*0.2+H8*0.8+I8*1+J8*3+K8*5+(D8/100)*0.3)*8+(D8/100)*0.3*8 -> 760.4 | W8: =(L8*IF(O8="High",2,IF(O8="Medium",1,0.5)))*8 -> 288 | X8: =(M8*IF(P8="EC2 (Lift & Shift)",0.2,IF(P8="AWS QuickSight",1.5,IF(P8="Power BI",1,0.5))))*8 -> 35.2 | Y8: =(10+(D8/100)*0.5)*8 -> 98 | Z8: =(((D8/100)*0.5+F8*0.5+G8*0.2+H8*0.8+I8*1+J8*3+K8*5+(D8/100)*0.3)*8+(L8*IF(O8="High",2,IF(O8="Medium",1,0.5)))*8+(M8*IF(P8="EC2 (Lift & Shift)",0.2,IF(P8="AWS QuickSight",1.5,IF(P8="Power BI",1,0.5))))*8+(10+(D8/100)*0.5)*8)*0.28 -> 327.824 | AA8: =(((D8/100)*0.5+F8*0.5+G8*0.2+H8*0.8+I8*1+J8*3+K8*5+(D8/100)*0.3)*8+(L8*IF(O8="High",2,IF(O8="Medium",1,0.5)))*8+(M8*IF(P8="EC2 (Lift & Shift)",0.2,IF(P8="AWS QuickSight",1.5,IF(P8="Power BI",1,0.5))))*8+(10+(D8/100)*0.5)*8)*0.12 -> 140.496 | AB8: ='✏️ SME Input'!R8 -> 5 | AC8: =AB8*0.75 -> 3.75 | AD8: =AB8*0.75 -> 3.75 | AE8: =AB8*0.75 -> 3.75 | AF8: =AB8*2.25 -> 11.25 | AG8: =(((D8/100)*0.5+F8*0.5+G8*0.2+H8*0.8+I8*1+J8*3+K8*5+(D8/100)*0.3)*8)*0.4 -> 299.84 | AH8: =(((D8/100)*0.5+F8*0.5+G8*0.2+H8*0.8+I8*1+J8*3+K8*5+(D8/100)*0.3)*8)*0.4 -> 299.84 | AI8: =(((D8/100)*0.5+F8*0.5+G8*0.2+H8*0.8+I8*1+J8*3+K8*5+(D8/100)*0.3)*8)*0.2 -> 149.92 | AJ8: =((L8*IF(O8="High",2,IF(O8="Medium",1,0.5)))*8)*0.5 -> 144 | AK8: =((L8*IF(O8="High",2,IF(O8="Medium",1,0.5)))*8)*0.35 -> 100.8 | AL8: =((L8*IF(O8="High",2,IF(O8="Medium",1,0.5)))*8)*0.15 -> 43.2 | AM8: =AG8+AJ8+((M8*IF(P8="EC2 (Lift & Shift)",0.2,IF(P8="AWS QuickSight",1.5,IF(P8="Power BI",1,0.5))))*8)*0.4+((10+(D8/100)*0.5)*8)*0.4+AC8+((((D8/100)*0.5+F8*0.5+G8*0.2+H8*0.8+I8*1+J8*3+K8*5+(D8/100)*0.3)*8+(L8*IF(O8="High",2,IF(O8="Medium",1,0.5)))*8+(M8*IF(P8="EC2 (Lift & Shift)",0.2,IF(P8="AWS QuickSight",1.5,IF(P8="Power BI",1,0.5))))*8+(10+(D8/100)*0.5)*8))*0.28*0.4+((((D8/100)*0.5+F8*0.5+G8*0.2+H8*0.8+I8*1+J8*3+K8*5+(D8/100)*0.3)*8+(L8*IF(O8="High",2,IF(O8="Medium",1,0.5)))*8+(M8*IF(P8="EC2 (Lift & Shift)",0.2,IF(P8="AWS QuickSight",1.5,IF(P8="Power BI",1,0.5))))*8+(10+(D8/100)*0.5)*8))*0.12*0.4+((((D8/100)*0.5+F8*0.5+G8*0.2+H8*0.8+I8*1+J8*3+K8*5+(D8/100)*0.3)*8+(L8*IF(O8="High",2,IF(O8="Medium",1,0.5)))*8+(M8*IF(P8="EC2 (Lift & Shift)",0.2,IF(P8="AWS QuickSight",1.5,IF(P8="Power BI",1,0.5))))*8+(10+(D8/100)*0.5)*8))*0.08*0.4 -> 725.6636 | AN8: =AH8+AK8+((M8*IF(P8="EC2 (Lift & Shift)",0.2,IF(P8="AWS QuickSight",1.5,IF(P8="Power BI",1,0.5))))*8)*0.4+((10+(D8/100)*0.5)*8)*0.4+AD8+((((D8/100)*0.5+F8*0.5+G8*0.2+H8*0.8+I8*1+J8*3+K8*5+(D8/100)*0.3)*8+(L8*IF(O8="High",2,IF(O8="Medium",1,0.5)))*8+(M8*IF(P8="EC2 (Lift & Shift)",0.2,IF(P8="AWS QuickSight",1.5,IF(P8="Power BI",1,0.5))))*8+(10+(D8/100)*0.5)*8))*0.28*0.4+((((D8/100)*0.5+F8*0.5+G8*0.2+H8*0.8+I8*1+J8*3+K8*5+(D8/100)*0.3)*8+(L8*IF(O8="High",2,IF(O8="Medium",1,0.5)))*8+(M8*IF(P8="EC2 (Lift & Shift)",0.2,IF(P8="AWS QuickSight",1.5,IF(P8="Power BI",1,0.5))))*8+(10+(D8/100)*0.5)*8))*0.12*0.4+((((D8/100)*0.5+F8*0.5+G8*0.2+H8*0.8+I8*1+J8*3+K8*5+(D8/100)*0.3)*8+(L8*IF(O8="High",2,IF(O8="Medium",1,0.5)))*8+(M8*IF(P8="EC2 (Lift & Shift)",0.2,IF(P8="AWS QuickSight",1.5,IF(P8="Power BI",1,0.5))))*8+(10+(D8/100)*0.5)*8))*0.08*0.4 -> 682.4636 | AO8: =AI8+AL8+((M8*IF(P8="EC2 (Lift & Shift)",0.2,IF(P8="AWS QuickSight",1.5,IF(P8="Power BI",1,0.5))))*8)*0.2+((10+(D8/100)*0.5)*8)*0.2+AE8+((((D8/100)*0.5+F8*0.5+G8*0.2+H8*0.8+I8*1+J8*3+K8*5+(D8/100)*0.3)*8+(L8*IF(O8="High",2,IF(O8="Medium",1,0.5)))*8+(M8*IF(P8="EC2 (Lift & Shift)",0.2,IF(P8="AWS QuickSight",1.5,IF(P8="Power BI",1,0.5))))*8+(10+(D8/100)*0.5)*8))*0.28*0.2+((((D8/100)*0.5+F8*0.5+G8*0.2+H8*0.8+I8*1+J8*3+K8*5+(D8/100)*0.3)*8+(L8*IF(O8="High",2,IF(O8="Medium",1,0.5)))*8+(M8*IF(P8="EC2 (Lift & Shift)",0.2,IF(P8="AWS QuickSight",1.5,IF(P8="Power BI",1,0.5))))*8+(10+(D8/100)*0.5)*8))*0.12*0.2+((((D8/100)*0.5+F8*0.5+G8*0.2+H8*0.8+I8*1+J8*3+K8*5+(D8/100)*0.3)*8+(L8*IF(O8="High",2,IF(O8="Medium",1,0.5)))*8+(M8*IF(P8="EC2 (Lift & Shift)",0.2,IF(P8="AWS QuickSight",1.5,IF(P8="Power BI",1,0.5))))*8+(10+(D8/100)*0.5)*8))*0.08*0.2 -> 335.9068 | AP8: ='✏️ SME Input'!S8 -> 8 | AQ8: ='✏️ SME Input'!T8 -> 0 | AR8: ='✏️ SME Input'!U8 -> Transactional
B9: ='✏️ SME Input'!B9 -> Billing Engine | C9: =IF(D9>1000,"T3 Complex",IF(D9>500,"T2 Moderate","T1 Simple")) -> T2 Moderate | D9: ='✏️ SME Input'!D9 -> 820 | E9: ='✏️ SME Input'!E9 -> 200 | F9: ='✏️ SME Input'!F9 -> 140 | G9: ='✏️ SME Input'!G9 -> 60 | H9: ='✏️ SME Input'!H9 -> 18 | I9: ='✏️ SME Input'!I9 -> 15 | J9: ='✏️ SME Input'!J9 -> 4 | K9: ='✏️ SME Input'!K9 -> 6 | ... P9: ='✏️ SME Input'!P9 -> EC2 (Lift & Shift) | Q9: ='✏️ SME Input'!C9 -> Wave 2 | R9: =((((D9/100)*0.5+F9*0.5+G9*0.2+H9*0.8+I9*1+J9*3+K9*5+(D9/100)*0.3)*8+(L9*IF(O9="High",2,IF(O9="Medium",1,0.5)))*8+(M9*IF(P9="EC2 (Lift & Shift)",0.2,IF(P9="AWS QuickSight",1.5,IF(P9="Power BI",1,0.5))))*8+(10+(D9/100)*0.5)*8))*0.08+(((D9/100)*0.5+F9*0.5+G9*0.2+H9*0.8+I9*1+J9*3+K9*5+(D9/100)*0.3)*8+(D9/100)*0.3*8)+((L9*IF(O9="High",2,IF(O9="Medium",1,0.5)))*8)+((M9*IF(P9="EC2 (Lift & Shift)",0.2,IF(P9="AWS QuickSight",1.5,IF(P9="Power BI",1,0.5))))*8)+((10+(D9/100)*0.5)*8)+((((D9/100)*0.5+F9*0.5+G9*0.2+H9*0.8+I9*1+J9*3+K9*5+(D9/100)*0.3)*8+(L9*IF(O9="High",2,IF(O9="Medium",1,0.5)))*8+(M9*IF(P9="EC2 (Lift & Shift)",0.2,IF(P9="AWS QuickSight",1.5,IF(P9="Power BI",1,0.5))))*8+(10+(D9/100)*0.5)*8))*0.28+((((D9/100)*0.5+F9*0.5+G9*0.2+H9*0.8+I9*1+J9*3+K9*5+(D9/100)*0.3)*8+(L9*IF(O9="High",2,IF(O9="Medium",1,0.5)))*8+(M9*IF(P9="EC2 (Lift & Shift)",0.2,IF(P9="AWS QuickSight",1.5,IF(P9="Power BI",1,0.5))))*8+(10+(D9/100)*0.5)*8))*0.12 -> 2921.1904 | S9: =((((D9/100)*0.5+F9*0.5+G9*0.2+H9*0.8+I9*1+J9*3+K9*5+(D9/100)*0.3)*8+(L9*IF(O9="High",2,IF(O9="Medium",1,0.5)))*8+(M9*IF(P9="EC2 (Lift & Shift)",0.2,IF(P9="AWS QuickSight",1.5,IF(P9="Power BI",1,0.5))))*8+(10+(D9/100)*0.5)*8)*0.08)*(1-'📊 Dashboard'!C10/100)+((((D9/100)*0.5+F9*0.5+G9*0.2+H9*0.8+I9*1+J9*3+K9*5+(D9/100)*0.3)*8+(D9/100)*0.3*8))*(1-'📊 Dashboard'!C10/100)+((L9*IF(O9="High",2,IF(O9="Medium",1,0.5)))*8)*(1-'📊 Dashboard'!C11/100)+((M9*IF(P9="EC2 (Lift & Shift)",0.2,IF(P9="AWS QuickSight",1.5,IF(P9="Power BI",1,0.5))))*8)*(1-'📊 Dashboard'!C12/100)+((10+(D9/100)*0.5)*8)*(1-'📊 Dashboard'!C10/100)+((((D9/100)*0.5+F9*0.5+G9*0.2+H9*0.8+I9*1+J9*3+K9*5+(D9/100)*0.3)*8+(L9*IF(O9="High",2,IF(O9="Medium",1,0.5)))*8+(M9*IF(P9="EC2 (Lift & Shift)",0.2,IF(P9="AWS QuickSight",1.5,IF(P9="Power BI",1,0.5))))*8+(10+(D9/100)*0.5)*8)*0.28)*(1-'📊 Dashboard'!C13/100)+((((D9/100)*0.5+F9*0.5+G9*0.2+H9*0.8+I9*1+J9*3+K9*5+(D9/100)*0.3)*8+(L9*IF(O9="High",2,IF(O9="Medium",1,0.5)))*8+(M9*IF(P9="EC2 (Lift & Shift)",0.2,IF(P9="AWS QuickSight",1.5,IF(P9="Power BI",1,0.5))))*8+(10+(D9/100)*0.5)*8)*0.12)*(1-'📊 Dashboard'!C10/100) -> 2130.9267 | T9: =S9*(1+'📊 Dashboard'!C14/100) -> 2450.5657 | U9: =(((D9/100)*0.5+F9*0.5+G9*0.2+H9*0.8+I9*1+J9*3+K9*5+(D9/100)*0.3)*8+(L9*IF(O9="High",2,IF(O9="Medium",1,0.5)))*8+(M9*IF(P9="EC2 (Lift & Shift)",0.2,IF(P9="AWS QuickSight",1.5,IF(P9="Power BI",1,0.5))))*8+(10+(D9/100)*0.5)*8)*0.08 -> 156.8384 | V9: =((D9/100)*0.5+F9*0.5+G9*0.2+H9*0.8+I9*1+J9*3+K9*5+(D9/100)*0.3)*8+(D9/100)*0.3*8 -> 1299.36 | W9: =(L9*IF(O9="High",2,IF(O9="Medium",1,0.5)))*8 -> 512 | X9: =(M9*IF(P9="EC2 (Lift & Shift)",0.2,IF(P9="AWS QuickSight",1.5,IF(P9="Power BI",1,0.5))))*8 -> 56 | Y9: =(10+(D9/100)*0.5)*8 -> 112.8 | Z9: =(((D9/100)*0.5+F9*0.5+G9*0.2+H9*0.8+I9*1+J9*3+K9*5+(D9/100)*0.3)*8+(L9*IF(O9="High",2,IF(O9="Medium",1,0.5)))*8+(M9*IF(P9="EC2 (Lift & Shift)",0.2,IF(P9="AWS QuickSight",1.5,IF(P9="Power BI",1,0.5))))*8+(10+(D9/100)*0.5)*8)*0.28 -> 548.9344 | AA9: =(((D9/100)*0.5+F9*0.5+G9*0.2+H9*0.8+I9*1+J9*3+K9*5+(D9/100)*0.3)*8+(L9*IF(O9="High",2,IF(O9="Medium",1,0.5)))*8+(M9*IF(P9="EC2 (Lift & Shift)",0.2,IF(P9="AWS QuickSight",1.5,IF(P9="Power BI",1,0.5))))*8+(10+(D9/100)*0.5)*8)*0.12 -> 235.2576 | AB9: ='✏️ SME Input'!R9 -> 12 | AC9: =AB9*0.75 -> 9 | AD9: =AB9*0.75 -> 9 | AE9: =AB9*0.75 -> 9 | AF9: =AB9*2.25 -> 27 | AG9: =(((D9/100)*0.5+F9*0.5+G9*0.2+H9*0.8+I9*1+J9*3+K9*5+(D9/100)*0.3)*8)*0.4 -> 511.872 | AH9: =(((D9/100)*0.5+F9*0.5+G9*0.2+H9*0.8+I9*1+J9*3+K9*5+(D9/100)*0.3)*8)*0.4 -> 511.872 | AI9: =(((D9/100)*0.5+F9*0.5+G9*0.2+H9*0.8+I9*1+J9*3+K9*5+(D9/100)*0.3)*8)*0.2 -> 255.936 | AJ9: =((L9*IF(O9="High",2,IF(O9="Medium",1,0.5)))*8)*0.5 -> 256 | AK9: =((L9*IF(O9="High",2,IF(O9="Medium",1,0.5)))*8)*0.35 -> 179.2 | AL9: =((L9*IF(O9="High",2,IF(O9="Medium",1,0.5)))*8)*0.15 -> 76.8 | AM9: =AG9+AJ9+((M9*IF(P9="EC2 (Lift & Shift)",0.2,IF(P9="AWS QuickSight",1.5,IF(P9="Power BI",1,0.5))))*8)*0.4+((10+(D9/100)*0.5)*8)*0.4+AC9+((((D9/100)*0.5+F9*0.5+G9*0.2+H9*0.8+I9*1+J9*3+K9*5+(D9/100)*0.3)*8+(L9*IF(O9="High",2,IF(O9="Medium",1,0.5)))*8+(M9*IF(P9="EC2 (Lift & Shift)",0.2,IF(P9="AWS QuickSight",1.5,IF(P9="Power BI",1,0.5))))*8+(10+(D9/100)*0.5)*8))*0.28*0.4+((((D9/100)*0.5+F9*0.5+G9*0.2+H9*0.8+I9*1+J9*3+K9*5+(D9/100)*0.3)*8+(L9*IF(O9="High",2,IF(O9="Medium",1,0.5)))*8+(M9*IF(P9="EC2 (Lift & Shift)",0.2,IF(P9="AWS QuickSight",1.5,IF(P9="Power BI",1,0.5))))*8+(10+(D9/100)*0.5)*8))*0.12*0.4+((((D9/100)*0.5+F9*0.5+G9*0.2+H9*0.8+I9*1+J9*3+K9*5+(D9/100)*0.3)*8+(L9*IF(O9="High",2,IF(O9="Medium",1,0.5)))*8+(M9*IF(P9="EC2 (Lift & Shift)",0.2,IF(P9="AWS QuickSight",1.5,IF(P9="Power BI",1,0.5))))*8+(10+(D9/100)*0.5)*8))*0.08*0.4 -> 1220.8042 | AN9: =AH9+AK9+((M9*IF(P9="EC2 (Lift & Shift)",0.2,IF(P9="AWS QuickSight",1.5,IF(P9="Power BI",1,0.5))))*8)*0.4+((10+(D9/100)*0.5)*8)*0.4+AD9+((((D9/100)*0.5+F9*0.5+G9*0.2+H9*0.8+I9*1+J9*3+K9*5+(D9/100)*0.3)*8+(L9*IF(O9="High",2,IF(O9="Medium",1,0.5)))*8+(M9*IF(P9="EC2 (Lift & Shift)",0.2,IF(P9="AWS QuickSight",1.5,IF(P9="Power BI",1,0.5))))*8+(10+(D9/100)*0.5)*8))*0.28*0.4+((((D9/100)*0.5+F9*0.5+G9*0.2+H9*0.8+I9*1+J9*3+K9*5+(D9/100)*0.3)*8+(L9*IF(O9="High",2,IF(O9="Medium",1,0.5)))*8+(M9*IF(P9="EC2 (Lift & Shift)",0.2,IF(P9="AWS QuickSight",1.5,IF(P9="Power BI",1,0.5))))*8+(10+(D9/100)*0.5)*8))*0.12*0.4+((((D9/100)*0.5+F9*0.5+G9*0.2+H9*0.8+I9*1+J9*3+K9*5+(D9/100)*0.3)*8+(L9*IF(O9="High",2,IF(O9="Medium",1,0.5)))*8+(M9*IF(P9="EC2 (Lift & Shift)",0.2,IF(P9="AWS QuickSight",1.5,IF(P9="Power BI",1,0.5))))*8+(10+(D9/100)*0.5)*8))*0.08*0.4 -> 1144.0042 | AO9: =AI9+AL9+((M9*IF(P9="EC2 (Lift & Shift)",0.2,IF(P9="AWS QuickSight",1.5,IF(P9="Power BI",1,0.5))))*8)*0.2+((10+(D9/100)*0.5)*8)*0.2+AE9+((((D9/100)*0.5+F9*0.5+G9*0.2+H9*0.8+I9*1+J9*3+K9*5+(D9/100)*0.3)*8+(L9*IF(O9="High",2,IF(O9="Medium",1,0.5)))*8+(M9*IF(P9="EC2 (Lift & Shift)",0.2,IF(P9="AWS QuickSight",1.5,IF(P9="Power BI",1,0.5))))*8+(10+(D9/100)*0.5)*8))*0.28*0.2+((((D9/100)*0.5+F9*0.5+G9*0.2+H9*0.8+I9*1+J9*3+K9*5+(D9/100)*0.3)*8+(L9*IF(O9="High",2,IF(O9="Medium",1,0.5)))*8+(M9*IF(P9="EC2 (Lift & Shift)",0.2,IF(P9="AWS QuickSight",1.5,IF(P9="Power BI",1,0.5))))*8+(10+(D9/100)*0.5)*8))*0.12*0.2+((((D9/100)*0.5+F9*0.5+G9*0.2+H9*0.8+I9*1+J9*3+K9*5+(D9/100)*0.3)*8+(L9*IF(O9="High",2,IF(O9="Medium",1,0.5)))*8+(M9*IF(P9="EC2 (Lift & Shift)",0.2,IF(P9="AWS QuickSight",1.5,IF(P9="Power BI",1,0.5))))*8+(10+(D9/100)*0.5)*8))*0.08*0.2 -> 563.70208 | AP9: ='✏️ SME Input'!S9 -> 15 | AQ9: ='✏️ SME Input'!T9 -> 2 | AR9: ='✏️ SME Input'!U9 -> Transactional
B10: ='✏️ SME Input'!B10 -> Customer Portal DB | C10: =IF(D10>1000,"T3 Complex",IF(D10>500,"T2 Moderate","T1 Simple")) -> T1 Simple | D10: ='✏️ SME Input'!D10 -> 180 | E10: ='✏️ SME Input'!E10 -> 80 | F10: ='✏️ SME Input'!F10 -> 45 | G10: ='✏️ SME Input'!G10 -> 30 | H10: ='✏️ SME Input'!H10 -> 5 | I10: ='✏️ SME Input'!I10 -> 3 | J10: ='✏️ SME Input'!J10 -> 0 | K10: ='✏️ SME Input'!K10 -> 0 | ... P10: ='✏️ SME Input'!P10 -> AWS QuickSight | Q10: ='✏️ SME Input'!C10 -> Wave 1 | R10: =((((D10/100)*0.5+F10*0.5+G10*0.2+H10*0.8+I10*1+J10*3+K10*5+(D10/100)*0.3)*8+(L10*IF(O10="High",2,IF(O10="Medium",1,0.5)))*8+(M10*IF(P10="EC2 (Lift & Shift)",0.2,IF(P10="AWS QuickSight",1.5,IF(P10="Power BI",1,0.5))))*8+(10+(D10/100)*0.5)*8))*0.08+(((D10/100)*0.5+F10*0.5+G10*0.2+H10*0.8+I10*1+J10*3+K10*5+(D10/100)*0.3)*8+(D10/100)*0.3*8)+((L10*IF(O10="High",2,IF(O10="Medium",1,0.5)))*8)+((M10*IF(P10="EC2 (Lift & Shift)",0.2,IF(P10="AWS QuickSight",1.5,IF(P10="Power BI",1,0.5))))*8)+((10+(D10/100)*0.5)*8)+((((D10/100)*0.5+F10*0.5+G10*0.2+H10*0.8+I10*1+J10*3+K10*5+(D10/100)*0.3)*8+(L10*IF(O10="High",2,IF(O10="Medium",1,0.5)))*8+(M10*IF(P10="EC2 (Lift & Shift)",0.2,IF(P10="AWS QuickSight",1.5,IF(P10="Power BI",1,0.5))))*8+(10+(D10/100)*0.5)*8))*0.28+((((D10/100)*0.5+F10*0.5+G10*0.2+H10*0.8+I10*1+J10*3+K10*5+(D10/100)*0.3)*8+(L10*IF(O10="High",2,IF(O10="Medium",1,0.5)))*8+(M10*IF(P10="EC2 (Lift & Shift)",0.2,IF(P10="AWS QuickSight",1.5,IF(P10="Power BI",1,0.5))))*8+(10+(D10/100)*0.5)*8))*0.12 -> 843.0656 | S10: =((((D10/100)*0.5+F10*0.5+G10*0.2+H10*0.8+I10*1+J10*3+K10*5+(D10/100)*0.3)*8+(L10*IF(O10="High",2,IF(O10="Medium",1,0.5)))*8+(M10*IF(P10="EC2 (Lift & Shift)",0.2,IF(P10="AWS QuickSight",1.5,IF(P10="Power BI",1,0.5))))*8+(10+(D10/100)*0.5)*8)*0.08)*(1-'📊 Dashboard'!C10/100)+((((D10/100)*0.5+F10*0.5+G10*0.2+H10*0.8+I10*1+J10*3+K10*5+(D10/100)*0.3)*8+(D10/100)*0.3*8))*(1-'📊 Dashboard'!C10/100)+((L10*IF(O10="High",2,IF(O10="Medium",1,0.5)))*8)*(1-'📊 Dashboard'!C11/100)+((M10*IF(P10="EC2 (Lift & Shift)",0.2,IF(P10="AWS QuickSight",1.5,IF(P10="Power BI",1,0.5))))*8)*(1-'📊 Dashboard'!C12/100)+((10+(D10/100)*0.5)*8)*(1-'📊 Dashboard'!C10/100)+((((D10/100)*0.5+F10*0.5+G10*0.2+H10*0.8+I10*1+J10*3+K10*5+(D10/100)*0.3)*8+(L10*IF(O10="High",2,IF(O10="Medium",1,0.5)))*8+(M10*IF(P10="EC2 (Lift & Shift)",0.2,IF(P10="AWS QuickSight",1.5,IF(P10="Power BI",1,0.5))))*8+(10+(D10/100)*0.5)*8)*0.28)*(1-'📊 Dashboard'!C13/100)+((((D10/100)*0.5+F10*0.5+G10*0.2+H10*0.8+I10*1+J10*3+K10*5+(D10/100)*0.3)*8+(L10*IF(O10="High",2,IF(O10="Medium",1,0.5)))*8+(M10*IF(P10="EC2 (Lift & Shift)",0.2,IF(P10="AWS QuickSight",1.5,IF(P10="Power BI",1,0.5))))*8+(10+(D10/100)*0.5)*8)*0.12)*(1-'📊 Dashboard'!C10/100) -> 621.21408 | T10: =S10*(1+'📊 Dashboard'!C14/100) -> 714.39619 | U10: =(((D10/100)*0.5+F10*0.5+G10*0.2+H10*0.8+I10*1+J10*3+K10*5+(D10/100)*0.3)*8+(L10*IF(O10="High",2,IF(O10="Medium",1,0.5)))*8+(M10*IF(P10="EC2 (Lift & Shift)",0.2,IF(P10="AWS QuickSight",1.5,IF(P10="Power BI",1,0.5))))*8+(10+(D10/100)*0.5)*8)*0.08 -> 45.3376 | V10: =((D10/100)*0.5+F10*0.5+G10*0.2+H10*0.8+I10*1+J10*3+K10*5+(D10/100)*0.3)*8+(D10/100)*0.3*8 -> 299.84 | W10: =(L10*IF(O10="High",2,IF(O10="Medium",1,0.5)))*8 -> 64 | X10: =(M10*IF(P10="EC2 (Lift & Shift)",0.2,IF(P10="AWS QuickSight",1.5,IF(P10="Power BI",1,0.5))))*8 -> 120 | Y10: =(10+(D10/100)*0.5)*8 -> 87.2 | Z10: =(((D10/100)*0.5+F10*0.5+G10*0.2+H10*0.8+I10*1+J10*3+K10*5+(D10/100)*0.3)*8+(L10*IF(O10="High",2,IF(O10="Medium",1,0.5)))*8+(M10*IF(P10="EC2 (Lift & Shift)",0.2,IF(P10="AWS QuickSight",1.5,IF(P10="Power BI",1,0.5))))*8+(10+(D10/100)*0.5)*8)*0.28 -> 158.6816 | AA10: =(((D10/100)*0.5+F10*0.5+G10*0.2+H10*0.8+I10*1+J10*3+K10*5+(D10/100)*0.3)*8+(L10*IF(O10="High",2,IF(O10="Medium",1,0.5)))*8+(M10*IF(P10="EC2 (Lift & Shift)",0.2,IF(P10="AWS QuickSight",1.5,IF(P10="Power BI",1,0.5))))*8+(10+(D10/100)*0.5)*8)*0.12 -> 68.0064 | AB10: ='✏️ SME Input'!R10 -> 0 | AC10: =AB10*0.75 -> 0 | AD10: =AB10*0.75 -> 0 | AE10: =AB10*0.75 -> 0 | AF10: =AB10*2.25 -> 0 | AG10: =(((D10/100)*0.5+F10*0.5+G10*0.2+H10*0.8+I10*1+J10*3+K10*5+(D10/100)*0.3)*8)*0.4 -> 118.208 | AH10: =(((D10/100)*0.5+F10*0.5+G10*0.2+H10*0.8+I10*1+J10*3+K10*5+(D10/100)*0.3)*8)*0.4 -> 118.208 | AI10: =(((D10/100)*0.5+F10*0.5+G10*0.2+H10*0.8+I10*1+J10*3+K10*5+(D10/100)*0.3)*8)*0.2 -> 59.104 | AJ10: =((L10*IF(O10="High",2,IF(O10="Medium",1,0.5)))*8)*0.5 -> 32 | AK10: =((L10*IF(O10="High",2,IF(O10="Medium",1,0.5)))*8)*0.35 -> 22.4 | AL10: =((L10*IF(O10="High",2,IF(O10="Medium",1,0.5)))*8)*0.15 -> 9.6 | AM10: =AG10+AJ10+((M10*IF(P10="EC2 (Lift & Shift)",0.2,IF(P10="AWS QuickSight",1.5,IF(P10="Power BI",1,0.5))))*8)*0.4+((10+(D10/100)*0.5)*8)*0.4+AC10+((((D10/100)*0.5+F10*0.5+G10*0.2+H10*0.8+I10*1+J10*3+K10*5+(D10/100)*0.3)*8+(L10*IF(O10="High",2,IF(O10="Medium",1,0.5)))*8+(M10*IF(P10="EC2 (Lift & Shift)",0.2,IF(P10="AWS QuickSight",1.5,IF(P10="Power BI",1,0.5))))*8+(10+(D10/100)*0.5)*8))*0.28*0.4+((((D10/100)*0.5+F10*0.5+G10*0.2+H10*0.8+I10*1+J10*3+K10*5+(D10/100)*0.3)*8+(L10*IF(O10="High",2,IF(O10="Medium",1,0.5)))*8+(M10*IF(P10="EC2 (Lift & Shift)",0.2,IF(P10="AWS QuickSight",1.5,IF(P10="Power BI",1,0.5))))*8+(10+(D10/100)*0.5)*8))*0.12*0.4+((((D10/100)*0.5+F10*0.5+G10*0.2+H10*0.8+I10*1+J10*3+K10*5+(D10/100)*0.3)*8+(L10*IF(O10="High",2,IF(O10="Medium",1,0.5)))*8+(M10*IF(P10="EC2 (Lift & Shift)",0.2,IF(P10="AWS QuickSight",1.5,IF(P10="Power BI",1,0.5))))*8+(10+(D10/100)*0.5)*8))*0.08*0.4 -> 341.89824 | AN10: =AH10+AK10+((M10*IF(P10="EC2 (Lift & Shift)",0.2,IF(P10="AWS QuickSight",1.5,IF(P10="Power BI",1,0.5))))*8)*0.4+((10+(D10/100)*0.5)*8)*0.4+AD10+((((D10/100)*0.5+F10*0.5+G10*0.2+H10*0.8+I10*1+J10*3+K10*5+(D10/100)*0.3)*8+(L10*IF(O10="High",2,IF(O10="Medium",1,0.5)))*8+(M10*IF(P10="EC2 (Lift & Shift)",0.2,IF(P10="AWS QuickSight",1.5,IF(P10="Power BI",1,0.5))))*8+(10+(D10/100)*0.5)*8))*0.28*0.4+((((D10/100)*0.5+F10*0.5+G10*0.2+H10*0.8+I10*1+J10*3+K10*5+(D10/100)*0.3)*8+(L10*IF(O10="High",2,IF(O10="Medium",1,0.5)))*8+(M10*IF(P10="EC2 (Lift & Shift)",0.2,IF(P10="AWS QuickSight",1.5,IF(P10="Power BI",1,0.5))))*8+(10+(D10/100)*0.5)*8))*0.12*0.4+((((D10/100)*0.5+F10*0.5+G10*0.2+H10*0.8+I10*1+J10*3+K10*5+(D10/100)*0.3)*8+(L10*IF(O10="High",2,IF(O10="Medium",1,0.5)))*8+(M10*IF(P10="EC2 (Lift & Shift)",0.2,IF(P10="AWS QuickSight",1.5,IF(P10="Power BI",1,0.5))))*8+(10+(D10/100)*0.5)*8))*0.08*0.4 -> 332.29824 | AO10: =AI10+AL10+((M10*IF(P10="EC2 (Lift & Shift)",0.2,IF(P10="AWS QuickSight",1.5,IF(P10="Power BI",1,0.5))))*8)*0.2+((10+(D10/100)*0.5)*8)*0.2+AE10+((((D10/100)*0.5+F10*0.5+G10*0.2+H10*0.8+I10*1+J10*3+K10*5+(D10/100)*0.3)*8+(L10*IF(O10="High",2,IF(O10="Medium",1,0.5)))*8+(M10*IF(P10="EC2 (Lift & Shift)",0.2,IF(P10="AWS QuickSight",1.5,IF(P10="Power BI",1,0.5))))*8+(10+(D10/100)*0.5)*8))*0.28*0.2+((((D10/100)*0.5+F10*0.5+G10*0.2+H10*0.8+I10*1+J10*3+K10*5+(D10/100)*0.3)*8+(L10*IF(O10="High",2,IF(O10="Medium",1,0.5)))*8+(M10*IF(P10="EC2 (Lift & Shift)",0.2,IF(P10="AWS QuickSight",1.5,IF(P10="Power BI",1,0.5))))*8+(10+(D10/100)*0.5)*8))*0.12*0.2+((((D10/100)*0.5+F10*0.5+G10*0.2+H10*0.8+I10*1+J10*3+K10*5+(D10/100)*0.3)*8+(L10*IF(O10="High",2,IF(O10="Medium",1,0.5)))*8+(M10*IF(P10="EC2 (Lift & Shift)",0.2,IF(P10="AWS QuickSight",1.5,IF(P10="Power BI",1,0.5))))*8+(10+(D10/100)*0.5)*8))*0.08*0.2 -> 164.54912 | AP10: ='✏️ SME Input'!S10 -> 0 | AQ10: ='✏️ SME Input'!T10 -> 0 | AR10: ='✏️ SME Input'!U10 -> None
B11: ='✏️ SME Input'!B11 -> Provisioning System | C11: =IF(D11>1000,"T3 Complex",IF(D11>500,"T2 Moderate","T1 Simple")) -> T2 Moderate | D11: ='✏️ SME Input'!D11 -> 650 | E11: ='✏️ SME Input'!E11 -> 150 | F11: ='✏️ SME Input'!F11 -> 110 | G11: ='✏️ SME Input'!G11 -> 55 | H11: ='✏️ SME Input'!H11 -> 14 | I11: ='✏️ SME Input'!I11 -> 10 | J11: ='✏️ SME Input'!J11 -> 3 | K11: ='✏️ SME Input'!K11 -> 2 | ... P11: ='✏️ SME Input'!P11 -> EC2 (Lift & Shift) | Q11: ='✏️ SME Input'!C11 -> Wave 2 | R11: =((((D11/100)*0.5+F11*0.5+G11*0.2+H11*0.8+I11*1+J11*3+K11*5+(D11/100)*0.3)*8+(L11*IF(O11="High",2,IF(O11="Medium",1,0.5)))*8+(M11*IF(P11="EC2 (Lift & Shift)",0.2,IF(P11="AWS QuickSight",1.5,IF(P11="Power BI",1,0.5))))*8+(10+(D11/100)*0.5)*8))*0.08+(((D11/100)*0.5+F11*0.5+G11*0.2+H11*0.8+I11*1+J11*3+K11*5+(D11/100)*0.3)*8+(D11/100)*0.3*8)+((L11*IF(O11="High",2,IF(O11="Medium",1,0.5)))*8)+((M11*IF(P11="EC2 (Lift & Shift)",0.2,IF(P11="AWS QuickSight",1.5,IF(P11="Power BI",1,0.5))))*8)+((10+(D11/100)*0.5)*8)+((((D11/100)*0.5+F11*0.5+G11*0.2+H11*0.8+I11*1+J11*3+K11*5+(D11/100)*0.3)*8+(L11*IF(O11="High",2,IF(O11="Medium",1,0.5)))*8+(M11*IF(P11="EC2 (Lift & Shift)",0.2,IF(P11="AWS QuickSight",1.5,IF(P11="Power BI",1,0.5))))*8+(10+(D11/100)*0.5)*8))*0.28+((((D11/100)*0.5+F11*0.5+G11*0.2+H11*0.8+I11*1+J11*3+K11*5+(D11/100)*0.3)*8+(L11*IF(O11="High",2,IF(O11="Medium",1,0.5)))*8+(M11*IF(P11="EC2 (Lift & Shift)",0.2,IF(P11="AWS QuickSight",1.5,IF(P11="Power BI",1,0.5))))*8+(10+(D11/100)*0.5)*8))*0.12 -> 2102.4 | S11: =((((D11/100)*0.5+F11*0.5+G11*0.2+H11*0.8+I11*1+J11*3+K11*5+(D11/100)*0.3)*8+(L11*IF(O11="High",2,IF(O11="Medium",1,0.5)))*8+(M11*IF(P11="EC2 (Lift & Shift)",0.2,IF(P11="AWS QuickSight",1.5,IF(P11="Power BI",1,0.5))))*8+(10+(D11/100)*0.5)*8)*0.08)*(1-'📊 Dashboard'!C10/100)+((((D11/100)*0.5+F11*0.5+G11*0.2+H11*0.8+I11*1+J11*3+K11*5+(D11/100)*0.3)*8+(D11/100)*0.3*8))*(1-'📊 Dashboard'!C10/100)+((L11*IF(O11="High",2,IF(O11="Medium",1,0.5)))*8)*(1-'📊 Dashboard'!C11/100)+((M11*IF(P11="EC2 (Lift & Shift)",0.2,IF(P11="AWS QuickSight",1.5,IF(P11="Power BI",1,0.5))))*8)*(1-'📊 Dashboard'!C12/100)+((10+(D11/100)*0.5)*8)*(1-'📊 Dashboard'!C10/100)+((((D11/100)*0.5+F11*0.5+G11*0.2+H11*0.8+I11*1+J11*3+K11*5+(D11/100)*0.3)*8+(L11*IF(O11="High",2,IF(O11="Medium",1,0.5)))*8+(M11*IF(P11="EC2 (Lift & Shift)",0.2,IF(P11="AWS QuickSight",1.5,IF(P11="Power BI",1,0.5))))*8+(10+(D11/100)*0.5)*8)*0.28)*(1-'📊 Dashboard'!C13/100)+((((D11/100)*0.5+F11*0.5+G11*0.2+H11*0.8+I11*1+J11*3+K11*5+(D11/100)*0.3)*8+(L11*IF(O11="High",2,IF(O11="Medium",1,0.5)))*8+(M11*IF(P11="EC2 (Lift & Shift)",0.2,IF(P11="AWS QuickSight",1.5,IF(P11="Power BI",1,0.5))))*8+(10+(D11/100)*0.5)*8)*0.12)*(1-'📊 Dashboard'!C10/100) -> 1533.24 | T11: =S11*(1+'📊 Dashboard'!C14/100) -> 1763.226 | U11: =(((D11/100)*0.5+F11*0.5+G11*0.2+H11*0.8+I11*1+J11*3+K11*5+(D11/100)*0.3)*8+(L11*IF(O11="High",2,IF(O11="Medium",1,0.5)))*8+(M11*IF(P11="EC2 (Lift & Shift)",0.2,IF(P11="AWS QuickSight",1.5,IF(P11="Power BI",1,0.5))))*8+(10+(D11/100)*0.5)*8)*0.08 -> 112.8 | V11: =((D11/100)*0.5+F11*0.5+G11*0.2+H11*0.8+I11*1+J11*3+K11*5+(D11/100)*0.3)*8+(D11/100)*0.3*8 -> 906.8 | W11: =(L11*IF(O11="High",2,IF(O11="Medium",1,0.5)))*8 -> 384 | X11: =(M11*IF(P11="EC2 (Lift & Shift)",0.2,IF(P11="AWS QuickSight",1.5,IF(P11="Power BI",1,0.5))))*8 -> 28.8 | Y11: =(10+(D11/100)*0.5)*8 -> 106 | Z11: =(((D11/100)*0.5+F11*0.5+G11*0.2+H11*0.8+I11*1+J11*3+K11*5+(D11/100)*0.3)*8+(L11*IF(O11="High",2,IF(O11="Medium",1,0.5)))*8+(M11*IF(P11="EC2 (Lift & Shift)",0.2,IF(P11="AWS QuickSight",1.5,IF(P11="Power BI",1,0.5))))*8+(10+(D11/100)*0.5)*8)*0.28 -> 394.8 | AA11: =(((D11/100)*0.5+F11*0.5+G11*0.2+H11*0.8+I11*1+J11*3+K11*5+(D11/100)*0.3)*8+(L11*IF(O11="High",2,IF(O11="Medium",1,0.5)))*8+(M11*IF(P11="EC2 (Lift & Shift)",0.2,IF(P11="AWS QuickSight",1.5,IF(P11="Power BI",1,0.5))))*8+(10+(D11/100)*0.5)*8)*0.12 -> 169.2 | AB11: ='✏️ SME Input'!R11 -> 8 | AC11: =AB11*0.75 -> 6 | AD11: =AB11*0.75 -> 6 | AE11: =AB11*0.75 -> 6 | AF11: =AB11*2.25 -> 18 | AG11: =(((D11/100)*0.5+F11*0.5+G11*0.2+H11*0.8+I11*1+J11*3+K11*5+(D11/100)*0.3)*8)*0.4 -> 356.48 | AH11: =(((D11/100)*0.5+F11*0.5+G11*0.2+H11*0.8+I11*1+J11*3+K11*5+(D11/100)*0.3)*8)*0.4 -> 356.48 | AI11: =(((D11/100)*0.5+F11*0.5+G11*0.2+H11*0.8+I11*1+J11*3+K11*5+(D11/100)*0.3)*8)*0.2 -> 178.24 | AJ11: =((L11*IF(O11="High",2,IF(O11="Medium",1,0.5)))*8)*0.5 -> 192 | AK11: =((L11*IF(O11="High",2,IF(O11="Medium",1,0.5)))*8)*0.35 -> 134.4 | AL11: =((L11*IF(O11="High",2,IF(O11="Medium",1,0.5)))*8)*0.15 -> 57.6 | AM11: =AG11+AJ11+((M11*IF(P11="EC2 (Lift & Shift)",0.2,IF(P11="AWS QuickSight",1.5,IF(P11="Power BI",1,0.5))))*8)*0.4+((10+(D11/100)*0.5)*8)*0.4+AC11+((((D11/100)*0.5+F11*0.5+G11*0.2+H11*0.8+I11*1+J11*3+K11*5+(D11/100)*0.3)*8+(L11*IF(O11="High",2,IF(O11="Medium",1,0.5)))*8+(M11*IF(P11="EC2 (Lift & Shift)",0.2,IF(P11="AWS QuickSight",1.5,IF(P11="Power BI",1,0.5))))*8+(10+(D11/100)*0.5)*8))*0.28*0.4+((((D11/100)*0.5+F11*0.5+G11*0.2+H11*0.8+I11*1+J11*3+K11*5+(D11/100)*0.3)*8+(L11*IF(O11="High",2,IF(O11="Medium",1,0.5)))*8+(M11*IF(P11="EC2 (Lift & Shift)",0.2,IF(P11="AWS QuickSight",1.5,IF(P11="Power BI",1,0.5))))*8+(10+(D11/100)*0.5)*8))*0.12*0.4+((((D11/100)*0.5+F11*0.5+G11*0.2+H11*0.8+I11*1+J11*3+K11*5+(D11/100)*0.3)*8+(L11*IF(O11="High",2,IF(O11="Medium",1,0.5)))*8+(M11*IF(P11="EC2 (Lift & Shift)",0.2,IF(P11="AWS QuickSight",1.5,IF(P11="Power BI",1,0.5))))*8+(10+(D11/100)*0.5)*8))*0.08*0.4 -> 879.12 | AN11: =AH11+AK11+((M11*IF(P11="EC2 (Lift & Shift)",0.2,IF(P11="AWS QuickSight",1.5,IF(P11="Power BI",1,0.5))))*8)*0.4+((10+(D11/100)*0.5)*8)*0.4+AD11+((((D11/100)*0.5+F11*0.5+G11*0.2+H11*0.8+I11*1+J11*3+K11*5+(D11/100)*0.3)*8+(L11*IF(O11="High",2,IF(O11="Medium",1,0.5)))*8+(M11*IF(P11="EC2 (Lift & Shift)",0.2,IF(P11="AWS QuickSight",1.5,IF(P11="Power BI",1,0.5))))*8+(10+(D11/100)*0.5)*8))*0.28*0.4+((((D11/100)*0.5+F11*0.5+G11*0.2+H11*0.8+I11*1+J11*3+K11*5+(D11/100)*0.3)*8+(L11*IF(O11="High",2,IF(O11="Medium",1,0.5)))*8+(M11*IF(P11="EC2 (Lift & Shift)",0.2,IF(P11="AWS QuickSight",1.5,IF(P11="Power BI",1,0.5))))*8+(10+(D11/100)*0.5)*8))*0.12*0.4+((((D11/100)*0.5+F11*0.5+G11*0.2+H11*0.8+I11*1+J11*3+K11*5+(D11/100)*0.3)*8+(L11*IF(O11="High",2,IF(O11="Medium",1,0.5)))*8+(M11*IF(P11="EC2 (Lift & Shift)",0.2,IF(P11="AWS QuickSight",1.5,IF(P11="Power BI",1,0.5))))*8+(10+(D11/100)*0.5)*8))*0.08*0.4 -> 821.52 | AO11: =AI11+AL11+((M11*IF(P11="EC2 (Lift & Shift)",0.2,IF(P11="AWS QuickSight",1.5,IF(P11="Power BI",1,0.5))))*8)*0.2+((10+(D11/100)*0.5)*8)*0.2+AE11+((((D11/100)*0.5+F11*0.5+G11*0.2+H11*0.8+I11*1+J11*3+K11*5+(D11/100)*0.3)*8+(L11*IF(O11="High",2,IF(O11="Medium",1,0.5)))*8+(M11*IF(P11="EC2 (Lift & Shift)",0.2,IF(P11="AWS QuickSight",1.5,IF(P11="Power BI",1,0.5))))*8+(10+(D11/100)*0.5)*8))*0.28*0.2+((((D11/100)*0.5+F11*0.5+G11*0.2+H11*0.8+I11*1+J11*3+K11*5+(D11/100)*0.3)*8+(L11*IF(O11="High",2,IF(O11="Medium",1,0.5)))*8+(M11*IF(P11="EC2 (Lift & Shift)",0.2,IF(P11="AWS QuickSight",1.5,IF(P11="Power BI",1,0.5))))*8+(10+(D11/100)*0.5)*8))*0.12*0.2+((((D11/100)*0.5+F11*0.5+G11*0.2+H11*0.8+I11*1+J11*3+K11*5+(D11/100)*0.3)*8+(L11*IF(O11="High",2,IF(O11="Medium",1,0.5)))*8+(M11*IF(P11="EC2 (Lift & Shift)",0.2,IF(P11="AWS QuickSight",1.5,IF(P11="Power BI",1,0.5))))*8+(10+(D11/100)*0.5)*8))*0.08*0.2 -> 404.16 | AP11: ='✏️ SME Input'!S11 -> 6 | AQ11: ='✏️ SME Input'!T11 -> 0 | AR11: ='✏️ SME Input'!U11 -> Transactional
B12: ='✏️ SME Input'!B12 -> Revenue Assurance | C12: =IF(D12>1000,"T3 Complex",IF(D12>500,"T2 Moderate","T1 Simple")) -> T3 Complex | D12: ='✏️ SME Input'!D12 -> 1200 | E12: ='✏️ SME Input'!E12 -> 280 | F12: ='✏️ SME Input'!F12 -> 190 | G12: ='✏️ SME Input'!G12 -> 90 | H12: ='✏️ SME Input'!H12 -> 22 | I12: ='✏️ SME Input'!I12 -> 20 | J12: ='✏️ SME Input'!J12 -> 6 | K12: ='✏️ SME Input'!K12 -> 8 | ... P12: ='✏️ SME Input'!P12 -> EC2 (Lift & Shift) | Q12: ='✏️ SME Input'!C12 -> Wave 4 | R12: =((((D12/100)*0.5+F12*0.5+G12*0.2+H12*0.8+I12*1+J12*3+K12*5+(D12/100)*0.3)*8+(L12*IF(O12="High",2,IF(O12="Medium",1,0.5)))*8+(M12*IF(P12="EC2 (Lift & Shift)",0.2,IF(P12="AWS QuickSight",1.5,IF(P12="Power BI",1,0.5))))*8+(10+(D12/100)*0.5)*8))*0.08+(((D12/100)*0.5+F12*0.5+G12*0.2+H12*0.8+I12*1+J12*3+K12*5+(D12/100)*0.3)*8+(D12/100)*0.3*8)+((L12*IF(O12="High",2,IF(O12="Medium",1,0.5)))*8)+((M12*IF(P12="EC2 (Lift & Shift)",0.2,IF(P12="AWS QuickSight",1.5,IF(P12="Power BI",1,0.5))))*8)+((10+(D12/100)*0.5)*8)+((((D12/100)*0.5+F12*0.5+G12*0.2+H12*0.8+I12*1+J12*3+K12*5+(D12/100)*0.3)*8+(L12*IF(O12="High",2,IF(O12="Medium",1,0.5)))*8+(M12*IF(P12="EC2 (Lift & Shift)",0.2,IF(P12="AWS QuickSight",1.5,IF(P12="Power BI",1,0.5))))*8+(10+(D12/100)*0.5)*8))*0.28+((((D12/100)*0.5+F12*0.5+G12*0.2+H12*0.8+I12*1+J12*3+K12*5+(D12/100)*0.3)*8+(L12*IF(O12="High",2,IF(O12="Medium",1,0.5)))*8+(M12*IF(P12="EC2 (Lift & Shift)",0.2,IF(P12="AWS QuickSight",1.5,IF(P12="Power BI",1,0.5))))*8+(10+(D12/100)*0.5)*8))*0.12 -> 3867.328 | S12: =((((D12/100)*0.5+F12*0.5+G12*0.2+H12*0.8+I12*1+J12*3+K12*5+(D12/100)*0.3)*8+(L12*IF(O12="High",2,IF(O12="Medium",1,0.5)))*8+(M12*IF(P12="EC2 (Lift & Shift)",0.2,IF(P12="AWS QuickSight",1.5,IF(P12="Power BI",1,0.5))))*8+(10+(D12/100)*0.5)*8)*0.08)*(1-'📊 Dashboard'!C10/100)+((((D12/100)*0.5+F12*0.5+G12*0.2+H12*0.8+I12*1+J12*3+K12*5+(D12/100)*0.3)*8+(D12/100)*0.3*8))*(1-'📊 Dashboard'!C10/100)+((L12*IF(O12="High",2,IF(O12="Medium",1,0.5)))*8)*(1-'📊 Dashboard'!C11/100)+((M12*IF(P12="EC2 (Lift & Shift)",0.2,IF(P12="AWS QuickSight",1.5,IF(P12="Power BI",1,0.5))))*8)*(1-'📊 Dashboard'!C12/100)+((10+(D12/100)*0.5)*8)*(1-'📊 Dashboard'!C10/100)+((((D12/100)*0.5+F12*0.5+G12*0.2+H12*0.8+I12*1+J12*3+K12*5+(D12/100)*0.3)*8+(L12*IF(O12="High",2,IF(O12="Medium",1,0.5)))*8+(M12*IF(P12="EC2 (Lift & Shift)",0.2,IF(P12="AWS QuickSight",1.5,IF(P12="Power BI",1,0.5))))*8+(10+(D12/100)*0.5)*8)*0.28)*(1-'📊 Dashboard'!C13/100)+((((D12/100)*0.5+F12*0.5+G12*0.2+H12*0.8+I12*1+J12*3+K12*5+(D12/100)*0.3)*8+(L12*IF(O12="High",2,IF(O12="Medium",1,0.5)))*8+(M12*IF(P12="EC2 (Lift & Shift)",0.2,IF(P12="AWS QuickSight",1.5,IF(P12="Power BI",1,0.5))))*8+(10+(D12/100)*0.5)*8)*0.12)*(1-'📊 Dashboard'!C10/100) -> 2819.7504 | T12: =S12*(1+'📊 Dashboard'!C14/100) -> 3242.713 | U12: =(((D12/100)*0.5+F12*0.5+G12*0.2+H12*0.8+I12*1+J12*3+K12*5+(D12/100)*0.3)*8+(L12*IF(O12="High",2,IF(O12="Medium",1,0.5)))*8+(M12*IF(P12="EC2 (Lift & Shift)",0.2,IF(P12="AWS QuickSight",1.5,IF(P12="Power BI",1,0.5))))*8+(10+(D12/100)*0.5)*8)*0.08 -> 207.488 | V12: =((D12/100)*0.5+F12*0.5+G12*0.2+H12*0.8+I12*1+J12*3+K12*5+(D12/100)*0.3)*8+(D12/100)*0.3*8 -> 1774.4 | W12: =(L12*IF(O12="High",2,IF(O12="Medium",1,0.5)))*8 -> 640 | X12: =(M12*IF(P12="EC2 (Lift & Shift)",0.2,IF(P12="AWS QuickSight",1.5,IF(P12="Power BI",1,0.5))))*8 -> 80 | Y12: =(10+(D12/100)*0.5)*8 -> 128 | Z12: =(((D12/100)*0.5+F12*0.5+G12*0.2+H12*0.8+I12*1+J12*3+K12*5+(D12/100)*0.3)*8+(L12*IF(O12="High",2,IF(O12="Medium",1,0.5)))*8+(M12*IF(P12="EC2 (Lift & Shift)",0.2,IF(P12="AWS QuickSight",1.5,IF(P12="Power BI",1,0.5))))*8+(10+(D12/100)*0.5)*8)*0.28 -> 726.208 | AA12: =(((D12/100)*0.5+F12*0.5+G12*0.2+H12*0.8+I12*1+J12*3+K12*5+(D12/100)*0.3)*8+(L12*IF(O12="High",2,IF(O12="Medium",1,0.5)))*8+(M12*IF(P12="EC2 (Lift & Shift)",0.2,IF(P12="AWS QuickSight",1.5,IF(P12="Power BI",1,0.5))))*8+(10+(D12/100)*0.5)*8)*0.12 -> 311.232 | AB12: ='✏️ SME Input'!R12 -> 20 | AC12: =AB12*0.75 -> 15 | AD12: =AB12*0.75 -> 15 | AE12: =AB12*0.75 -> 15 | AF12: =AB12*2.25 -> 45 | AG12: =(((D12/100)*0.5+F12*0.5+G12*0.2+H12*0.8+I12*1+J12*3+K12*5+(D12/100)*0.3)*8)*0.4 -> 698.24 | AH12: =(((D12/100)*0.5+F12*0.5+G12*0.2+H12*0.8+I12*1+J12*3+K12*5+(D12/100)*0.3)*8)*0.4 -> 698.24 | AI12: =(((D12/100)*0.5+F12*0.5+G12*0.2+H12*0.8+I12*1+J12*3+K12*5+(D12/100)*0.3)*8)*0.2 -> 349.12 | AJ12: =((L12*IF(O12="High",2,IF(O12="Medium",1,0.5)))*8)*0.5 -> 320 | AK12: =((L12*IF(O12="High",2,IF(O12="Medium",1,0.5)))*8)*0.35 -> 224 | AL12: =((L12*IF(O12="High",2,IF(O12="Medium",1,0.5)))*8)*0.15 -> 96 | AM12: =AG12+AJ12+((M12*IF(P12="EC2 (Lift & Shift)",0.2,IF(P12="AWS QuickSight",1.5,IF(P12="Power BI",1,0.5))))*8)*0.4+((10+(D12/100)*0.5)*8)*0.4+AC12+((((D12/100)*0.5+F12*0.5+G12*0.2+H12*0.8+I12*1+J12*3+K12*5+(D12/100)*0.3)*8+(L12*IF(O12="High",2,IF(O12="Medium",1,0.5)))*8+(M12*IF(P12="EC2 (Lift & Shift)",0.2,IF(P12="AWS QuickSight",1.5,IF(P12="Power BI",1,0.5))))*8+(10+(D12/100)*0.5)*8))*0.28*0.4+((((D12/100)*0.5+F12*0.5+G12*0.2+H12*0.8+I12*1+J12*3+K12*5+(D12/100)*0.3)*8+(L12*IF(O12="High",2,IF(O12="Medium",1,0.5)))*8+(M12*IF(P12="EC2 (Lift & Shift)",0.2,IF(P12="AWS QuickSight",1.5,IF(P12="Power BI",1,0.5))))*8+(10+(D12/100)*0.5)*8))*0.12*0.4+((((D12/100)*0.5+F12*0.5+G12*0.2+H12*0.8+I12*1+J12*3+K12*5+(D12/100)*0.3)*8+(L12*IF(O12="High",2,IF(O12="Medium",1,0.5)))*8+(M12*IF(P12="EC2 (Lift & Shift)",0.2,IF(P12="AWS QuickSight",1.5,IF(P12="Power BI",1,0.5))))*8+(10+(D12/100)*0.5)*8))*0.08*0.4 -> 1614.4112 | AN12: =AH12+AK12+((M12*IF(P12="EC2 (Lift & Shift)",0.2,IF(P12="AWS QuickSight",1.5,IF(P12="Power BI",1,0.5))))*8)*0.4+((10+(D12/100)*0.5)*8)*0.4+AD12+((((D12/100)*0.5+F12*0.5+G12*0.2+H12*0.8+I12*1+J12*3+K12*5+(D12/100)*0.3)*8+(L12*IF(O12="High",2,IF(O12="Medium",1,0.5)))*8+(M12*IF(P12="EC2 (Lift & Shift)",0.2,IF(P12="AWS QuickSight",1.5,IF(P12="Power BI",1,0.5))))*8+(10+(D12/100)*0.5)*8))*0.28*0.4+((((D12/100)*0.5+F12*0.5+G12*0.2+H12*0.8+I12*1+J12*3+K12*5+(D12/100)*0.3)*8+(L12*IF(O12="High",2,IF(O12="Medium",1,0.5)))*8+(M12*IF(P12="EC2 (Lift & Shift)",0.2,IF(P12="AWS QuickSight",1.5,IF(P12="Power BI",1,0.5))))*8+(10+(D12/100)*0.5)*8))*0.12*0.4+((((D12/100)*0.5+F12*0.5+G12*0.2+H12*0.8+I12*1+J12*3+K12*5+(D12/100)*0.3)*8+(L12*IF(O12="High",2,IF(O12="Medium",1,0.5)))*8+(M12*IF(P12="EC2 (Lift & Shift)",0.2,IF(P12="AWS QuickSight",1.5,IF(P12="Power BI",1,0.5))))*8+(10+(D12/100)*0.5)*8))*0.08*0.4 -> 1518.4112 | AO12: =AI12+AL12+((M12*IF(P12="EC2 (Lift & Shift)",0.2,IF(P12="AWS QuickSight",1.5,IF(P12="Power BI",1,0.5))))*8)*0.2+((10+(D12/100)*0.5)*8)*0.2+AE12+((((D12/100)*0.5+F12*0.5+G12*0.2+H12*0.8+I12*1+J12*3+K12*5+(D12/100)*0.3)*8+(L12*IF(O12="High",2,IF(O12="Medium",1,0.5)))*8+(M12*IF(P12="EC2 (Lift & Shift)",0.2,IF(P12="AWS QuickSight",1.5,IF(P12="Power BI",1,0.5))))*8+(10+(D12/100)*0.5)*8))*0.28*0.2+((((D12/100)*0.5+F12*0.5+G12*0.2+H12*0.8+I12*1+J12*3+K12*5+(D12/100)*0.3)*8+(L12*IF(O12="High",2,IF(O12="Medium",1,0.5)))*8+(M12*IF(P12="EC2 (Lift & Shift)",0.2,IF(P12="AWS QuickSight",1.5,IF(P12="Power BI",1,0.5))))*8+(10+(D12/100)*0.5)*8))*0.12*0.2+((((D12/100)*0.5+F12*0.5+G12*0.2+H12*0.8+I12*1+J12*3+K12*5+(D12/100)*0.3)*8+(L12*IF(O12="High",2,IF(O12="Medium",1,0.5)))*8+(M12*IF(P12="EC2 (Lift & Shift)",0.2,IF(P12="AWS QuickSight",1.5,IF(P12="Power BI",1,0.5))))*8+(10+(D12/100)*0.5)*8))*0.08*0.2 -> 750.7056 | AP12: ='✏️ SME Input'!S12 -> 20 | AQ12: ='✏️ SME Input'!T12 -> 3 | AR12: ='✏️ SME Input'!U12 -> Mixed
B13: ='✏️ SME Input'!B13 -> Fraud Management | C13: =IF(D13>1000,"T3 Complex",IF(D13>500,"T2 Moderate","T1 Simple")) -> T1 Simple | D13: ='✏️ SME Input'!D13 -> 340 | E13: ='✏️ SME Input'!E13 -> 95 | F13: ='✏️ SME Input'!F13 -> 65 | G13: ='✏️ SME Input'!G13 -> 35 | H13: ='✏️ SME Input'!H13 -> 8 | I13: ='✏️ SME Input'!I13 -> 6 | J13: ='✏️ SME Input'!J13 -> 1 | K13: ='✏️ SME Input'!K13 -> 4 | ... P13: ='✏️ SME Input'!P13 -> Power BI | Q13: ='✏️ SME Input'!C13 -> Wave 2 | R13: =((((D13/100)*0.5+F13*0.5+G13*0.2+H13*0.8+I13*1+J13*3+K13*5+(D13/100)*0.3)*8+(L13*IF(O13="High",2,IF(O13="Medium",1,0.5)))*8+(M13*IF(P13="EC2 (Lift & Shift)",0.2,IF(P13="AWS QuickSight",1.5,IF(P13="Power BI",1,0.5))))*8+(10+(D13/100)*0.5)*8))*0.08+(((D13/100)*0.5+F13*0.5+G13*0.2+H13*0.8+I13*1+J13*3+K13*5+(D13/100)*0.3)*8+(D13/100)*0.3*8)+((L13*IF(O13="High",2,IF(O13="Medium",1,0.5)))*8)+((M13*IF(P13="EC2 (Lift & Shift)",0.2,IF(P13="AWS QuickSight",1.5,IF(P13="Power BI",1,0.5))))*8)+((10+(D13/100)*0.5)*8)+((((D13/100)*0.5+F13*0.5+G13*0.2+H13*0.8+I13*1+J13*3+K13*5+(D13/100)*0.3)*8+(L13*IF(O13="High",2,IF(O13="Medium",1,0.5)))*8+(M13*IF(P13="EC2 (Lift & Shift)",0.2,IF(P13="AWS QuickSight",1.5,IF(P13="Power BI",1,0.5))))*8+(10+(D13/100)*0.5)*8))*0.28+((((D13/100)*0.5+F13*0.5+G13*0.2+H13*0.8+I13*1+J13*3+K13*5+(D13/100)*0.3)*8+(L13*IF(O13="High",2,IF(O13="Medium",1,0.5)))*8+(M13*IF(P13="EC2 (Lift & Shift)",0.2,IF(P13="AWS QuickSight",1.5,IF(P13="Power BI",1,0.5))))*8+(10+(D13/100)*0.5)*8))*0.12 -> 1385.3888 | S13: =((((D13/100)*0.5+F13*0.5+G13*0.2+H13*0.8+I13*1+J13*3+K13*5+(D13/100)*0.3)*8+(L13*IF(O13="High",2,IF(O13="Medium",1,0.5)))*8+(M13*IF(P13="EC2 (Lift & Shift)",0.2,IF(P13="AWS QuickSight",1.5,IF(P13="Power BI",1,0.5))))*8+(10+(D13/100)*0.5)*8)*0.08)*(1-'📊 Dashboard'!C10/100)+((((D13/100)*0.5+F13*0.5+G13*0.2+H13*0.8+I13*1+J13*3+K13*5+(D13/100)*0.3)*8+(D13/100)*0.3*8))*(1-'📊 Dashboard'!C10/100)+((L13*IF(O13="High",2,IF(O13="Medium",1,0.5)))*8)*(1-'📊 Dashboard'!C11/100)+((M13*IF(P13="EC2 (Lift & Shift)",0.2,IF(P13="AWS QuickSight",1.5,IF(P13="Power BI",1,0.5))))*8)*(1-'📊 Dashboard'!C12/100)+((10+(D13/100)*0.5)*8)*(1-'📊 Dashboard'!C10/100)+((((D13/100)*0.5+F13*0.5+G13*0.2+H13*0.8+I13*1+J13*3+K13*5+(D13/100)*0.3)*8+(L13*IF(O13="High",2,IF(O13="Medium",1,0.5)))*8+(M13*IF(P13="EC2 (Lift & Shift)",0.2,IF(P13="AWS QuickSight",1.5,IF(P13="Power BI",1,0.5))))*8+(10+(D13/100)*0.5)*8)*0.28)*(1-'📊 Dashboard'!C13/100)+((((D13/100)*0.5+F13*0.5+G13*0.2+H13*0.8+I13*1+J13*3+K13*5+(D13/100)*0.3)*8+(L13*IF(O13="High",2,IF(O13="Medium",1,0.5)))*8+(M13*IF(P13="EC2 (Lift & Shift)",0.2,IF(P13="AWS QuickSight",1.5,IF(P13="Power BI",1,0.5))))*8+(10+(D13/100)*0.5)*8)*0.12)*(1-'📊 Dashboard'!C10/100) -> 1011.4278 | T13: =S13*(1+'📊 Dashboard'!C14/100) -> 1163.142 | U13: =(((D13/100)*0.5+F13*0.5+G13*0.2+H13*0.8+I13*1+J13*3+K13*5+(D13/100)*0.3)*8+(L13*IF(O13="High",2,IF(O13="Medium",1,0.5)))*8+(M13*IF(P13="EC2 (Lift & Shift)",0.2,IF(P13="AWS QuickSight",1.5,IF(P13="Power BI",1,0.5))))*8+(10+(D13/100)*0.5)*8)*0.08 -> 74.4448 | V13: =((D13/100)*0.5+F13*0.5+G13*0.2+H13*0.8+I13*1+J13*3+K13*5+(D13/100)*0.3)*8+(D13/100)*0.3*8 -> 629.12 | W13: =(L13*IF(O13="High",2,IF(O13="Medium",1,0.5)))*8 -> 120 | X13: =(M13*IF(P13="EC2 (Lift & Shift)",0.2,IF(P13="AWS QuickSight",1.5,IF(P13="Power BI",1,0.5))))*8 -> 96 | Y13: =(10+(D13/100)*0.5)*8 -> 93.6 | Z13: =(((D13/100)*0.5+F13*0.5+G13*0.2+H13*0.8+I13*1+J13*3+K13*5+(D13/100)*0.3)*8+(L13*IF(O13="High",2,IF(O13="Medium",1,0.5)))*8+(M13*IF(P13="EC2 (Lift & Shift)",0.2,IF(P13="AWS QuickSight",1.5,IF(P13="Power BI",1,0.5))))*8+(10+(D13/100)*0.5)*8)*0.28 -> 260.5568 | AA13: =(((D13/100)*0.5+F13*0.5+G13*0.2+H13*0.8+I13*1+J13*3+K13*5+(D13/100)*0.3)*8+(L13*IF(O13="High",2,IF(O13="Medium",1,0.5)))*8+(M13*IF(P13="EC2 (Lift & Shift)",0.2,IF(P13="AWS QuickSight",1.5,IF(P13="Power BI",1,0.5))))*8+(10+(D13/100)*0.5)*8)*0.12 -> 111.6672 | AB13: ='✏️ SME Input'!R13 -> 3 | AC13: =AB13*0.75 -> 2.25 | AD13: =AB13*0.75 -> 2.25 | AE13: =AB13*0.75 -> 2.25 | AF13: =AB13*2.25 -> 6.75 | AG13: =(((D13/100)*0.5+F13*0.5+G13*0.2+H13*0.8+I13*1+J13*3+K13*5+(D13/100)*0.3)*8)*0.4 -> 248.384 | AH13: =(((D13/100)*0.5+F13*0.5+G13*0.2+H13*0.8+I13*1+J13*3+K13*5+(D13/100)*0.3)*8)*0.4 -> 248.384 | AI13: =(((D13/100)*0.5+F13*0.5+G13*0.2+H13*0.8+I13*1+J13*3+K13*5+(D13/100)*0.3)*8)*0.2 -> 124.192 | AJ13: =((L13*IF(O13="High",2,IF(O13="Medium",1,0.5)))*8)*0.5 -> 60 | AK13: =((L13*IF(O13="High",2,IF(O13="Medium",1,0.5)))*8)*0.35 -> 42 | AL13: =((L13*IF(O13="High",2,IF(O13="Medium",1,0.5)))*8)*0.15 -> 18 | AM13: =AG13+AJ13+((M13*IF(P13="EC2 (Lift & Shift)",0.2,IF(P13="AWS QuickSight",1.5,IF(P13="Power BI",1,0.5))))*8)*0.4+((10+(D13/100)*0.5)*8)*0.4+AC13+((((D13/100)*0.5+F13*0.5+G13*0.2+H13*0.8+I13*1+J13*3+K13*5+(D13/100)*0.3)*8+(L13*IF(O13="High",2,IF(O13="Medium",1,0.5)))*8+(M13*IF(P13="EC2 (Lift & Shift)",0.2,IF(P13="AWS QuickSight",1.5,IF(P13="Power BI",1,0.5))))*8+(10+(D13/100)*0.5)*8))*0.28*0.4+((((D13/100)*0.5+F13*0.5+G13*0.2+H13*0.8+I13*1+J13*3+K13*5+(D13/100)*0.3)*8+(L13*IF(O13="High",2,IF(O13="Medium",1,0.5)))*8+(M13*IF(P13="EC2 (Lift & Shift)",0.2,IF(P13="AWS QuickSight",1.5,IF(P13="Power BI",1,0.5))))*8+(10+(D13/100)*0.5)*8))*0.12*0.4+((((D13/100)*0.5+F13*0.5+G13*0.2+H13*0.8+I13*1+J13*3+K13*5+(D13/100)*0.3)*8+(L13*IF(O13="High",2,IF(O13="Medium",1,0.5)))*8+(M13*IF(P13="EC2 (Lift & Shift)",0.2,IF(P13="AWS QuickSight",1.5,IF(P13="Power BI",1,0.5))))*8+(10+(D13/100)*0.5)*8))*0.08*0.4 -> 565.14152 | AN13: =AH13+AK13+((M13*IF(P13="EC2 (Lift & Shift)",0.2,IF(P13="AWS QuickSight",1.5,IF(P13="Power BI",1,0.5))))*8)*0.4+((10+(D13/100)*0.5)*8)*0.4+AD13+((((D13/100)*0.5+F13*0.5+G13*0.2+H13*0.8+I13*1+J13*3+K13*5+(D13/100)*0.3)*8+(L13*IF(O13="High",2,IF(O13="Medium",1,0.5)))*8+(M13*IF(P13="EC2 (Lift & Shift)",0.2,IF(P13="AWS QuickSight",1.5,IF(P13="Power BI",1,0.5))))*8+(10+(D13/100)*0.5)*8))*0.28*0.4+((((D13/100)*0.5+F13*0.5+G13*0.2+H13*0.8+I13*1+J13*3+K13*5+(D13/100)*0.3)*8+(L13*IF(O13="High",2,IF(O13="Medium",1,0.5)))*8+(M13*IF(P13="EC2 (Lift & Shift)",0.2,IF(P13="AWS QuickSight",1.5,IF(P13="Power BI",1,0.5))))*8+(10+(D13/100)*0.5)*8))*0.12*0.4+((((D13/100)*0.5+F13*0.5+G13*0.2+H13*0.8+I13*1+J13*3+K13*5+(D13/100)*0.3)*8+(L13*IF(O13="High",2,IF(O13="Medium",1,0.5)))*8+(M13*IF(P13="EC2 (Lift & Shift)",0.2,IF(P13="AWS QuickSight",1.5,IF(P13="Power BI",1,0.5))))*8+(10+(D13/100)*0.5)*8))*0.08*0.4 -> 547.14152 | AO13: =AI13+AL13+((M13*IF(P13="EC2 (Lift & Shift)",0.2,IF(P13="AWS QuickSight",1.5,IF(P13="Power BI",1,0.5))))*8)*0.2+((10+(D13/100)*0.5)*8)*0.2+AE13+((((D13/100)*0.5+F13*0.5+G13*0.2+H13*0.8+I13*1+J13*3+K13*5+(D13/100)*0.3)*8+(L13*IF(O13="High",2,IF(O13="Medium",1,0.5)))*8+(M13*IF(P13="EC2 (Lift & Shift)",0.2,IF(P13="AWS QuickSight",1.5,IF(P13="Power BI",1,0.5))))*8+(10+(D13/100)*0.5)*8))*0.28*0.2+((((D13/100)*0.5+F13*0.5+G13*0.2+H13*0.8+I13*1+J13*3+K13*5+(D13/100)*0.3)*8+(L13*IF(O13="High",2,IF(O13="Medium",1,0.5)))*8+(M13*IF(P13="EC2 (Lift & Shift)",0.2,IF(P13="AWS QuickSight",1.5,IF(P13="Power BI",1,0.5))))*8+(10+(D13/100)*0.5)*8))*0.12*0.2+((((D13/100)*0.5+F13*0.5+G13*0.2+H13*0.8+I13*1+J13*3+K13*5+(D13/100)*0.3)*8+(L13*IF(O13="High",2,IF(O13="Medium",1,0.5)))*8+(M13*IF(P13="EC2 (Lift & Shift)",0.2,IF(P13="AWS QuickSight",1.5,IF(P13="Power BI",1,0.5))))*8+(10+(D13/100)*0.5)*8))*0.08*0.2 -> 271.69576 | AP13: ='✏️ SME Input'!S13 -> 4 | AQ13: ='✏️ SME Input'!T13 -> 0 | AR13: ='✏️ SME Input'!U13 -> Transactional
B14: ='✏️ SME Input'!B14 -> Network Inventory DB | C14: =IF(D14>1000,"T3 Complex",IF(D14>500,"T2 Moderate","T1 Simple")) -> T2 Moderate | D14: ='✏️ SME Input'!D14 -> 560 | E14: ='✏️ SME Input'!E14 -> 130 | F14: ='✏️ SME Input'!F14 -> 95 | G14: ='✏️ SME Input'!G14 -> 48 | H14: ='✏️ SME Input'!H14 -> 10 | I14: ='✏️ SME Input'!I14 -> 9 | J14: ='✏️ SME Input'!J14 -> 2 | K14: ='✏️ SME Input'!K14 -> 1 | ... P14: ='✏️ SME Input'!P14 -> AWS QuickSight | Q14: ='✏️ SME Input'!C14 -> Wave 2 | R14: =((((D14/100)*0.5+F14*0.5+G14*0.2+H14*0.8+I14*1+J14*3+K14*5+(D14/100)*0.3)*8+(L14*IF(O14="High",2,IF(O14="Medium",1,0.5)))*8+(M14*IF(P14="EC2 (Lift & Shift)",0.2,IF(P14="AWS QuickSight",1.5,IF(P14="Power BI",1,0.5))))*8+(10+(D14/100)*0.5)*8))*0.08+(((D14/100)*0.5+F14*0.5+G14*0.2+H14*0.8+I14*1+J14*3+K14*5+(D14/100)*0.3)*8+(D14/100)*0.3*8)+((L14*IF(O14="High",2,IF(O14="Medium",1,0.5)))*8)+((M14*IF(P14="EC2 (Lift & Shift)",0.2,IF(P14="AWS QuickSight",1.5,IF(P14="Power BI",1,0.5))))*8)+((10+(D14/100)*0.5)*8)+((((D14/100)*0.5+F14*0.5+G14*0.2+H14*0.8+I14*1+J14*3+K14*5+(D14/100)*0.3)*8+(L14*IF(O14="High",2,IF(O14="Medium",1,0.5)))*8+(M14*IF(P14="EC2 (Lift & Shift)",0.2,IF(P14="AWS QuickSight",1.5,IF(P14="Power BI",1,0.5))))*8+(10+(D14/100)*0.5)*8))*0.28+((((D14/100)*0.5+F14*0.5+G14*0.2+H14*0.8+I14*1+J14*3+K14*5+(D14/100)*0.3)*8+(L14*IF(O14="High",2,IF(O14="Medium",1,0.5)))*8+(M14*IF(P14="EC2 (Lift & Shift)",0.2,IF(P14="AWS QuickSight",1.5,IF(P14="Power BI",1,0.5))))*8+(10+(D14/100)*0.5)*8))*0.12 -> 1746.5792 | S14: =((((D14/100)*0.5+F14*0.5+G14*0.2+H14*0.8+I14*1+J14*3+K14*5+(D14/100)*0.3)*8+(L14*IF(O14="High",2,IF(O14="Medium",1,0.5)))*8+(M14*IF(P14="EC2 (Lift & Shift)",0.2,IF(P14="AWS QuickSight",1.5,IF(P14="Power BI",1,0.5))))*8+(10+(D14/100)*0.5)*8)*0.08)*(1-'📊 Dashboard'!C10/100)+((((D14/100)*0.5+F14*0.5+G14*0.2+H14*0.8+I14*1+J14*3+K14*5+(D14/100)*0.3)*8+(D14/100)*0.3*8))*(1-'📊 Dashboard'!C10/100)+((L14*IF(O14="High",2,IF(O14="Medium",1,0.5)))*8)*(1-'📊 Dashboard'!C11/100)+((M14*IF(P14="EC2 (Lift & Shift)",0.2,IF(P14="AWS QuickSight",1.5,IF(P14="Power BI",1,0.5))))*8)*(1-'📊 Dashboard'!C12/100)+((10+(D14/100)*0.5)*8)*(1-'📊 Dashboard'!C10/100)+((((D14/100)*0.5+F14*0.5+G14*0.2+H14*0.8+I14*1+J14*3+K14*5+(D14/100)*0.3)*8+(L14*IF(O14="High",2,IF(O14="Medium",1,0.5)))*8+(M14*IF(P14="EC2 (Lift & Shift)",0.2,IF(P14="AWS QuickSight",1.5,IF(P14="Power BI",1,0.5))))*8+(10+(D14/100)*0.5)*8)*0.28)*(1-'📊 Dashboard'!C13/100)+((((D14/100)*0.5+F14*0.5+G14*0.2+H14*0.8+I14*1+J14*3+K14*5+(D14/100)*0.3)*8+(L14*IF(O14="High",2,IF(O14="Medium",1,0.5)))*8+(M14*IF(P14="EC2 (Lift & Shift)",0.2,IF(P14="AWS QuickSight",1.5,IF(P14="Power BI",1,0.5))))*8+(10+(D14/100)*0.5)*8)*0.12)*(1-'📊 Dashboard'!C10/100) -> 1282.5946 | T14: =S14*(1+'📊 Dashboard'!C14/100) -> 1474.9837 | U14: =(((D14/100)*0.5+F14*0.5+G14*0.2+H14*0.8+I14*1+J14*3+K14*5+(D14/100)*0.3)*8+(L14*IF(O14="High",2,IF(O14="Medium",1,0.5)))*8+(M14*IF(P14="EC2 (Lift & Shift)",0.2,IF(P14="AWS QuickSight",1.5,IF(P14="Power BI",1,0.5))))*8+(10+(D14/100)*0.5)*8)*0.08 -> 93.6832 | V14: =((D14/100)*0.5+F14*0.5+G14*0.2+H14*0.8+I14*1+J14*3+K14*5+(D14/100)*0.3)*8+(D14/100)*0.3*8 -> 730.08 | W14: =(L14*IF(O14="High",2,IF(O14="Medium",1,0.5)))*8 -> 160 | X14: =(M14*IF(P14="EC2 (Lift & Shift)",0.2,IF(P14="AWS QuickSight",1.5,IF(P14="Power BI",1,0.5))))*8 -> 192 | Y14: =(10+(D14/100)*0.5)*8 -> 102.4 | Z14: =(((D14/100)*0.5+F14*0.5+G14*0.2+H14*0.8+I14*1+J14*3+K14*5+(D14/100)*0.3)*8+(L14*IF(O14="High",2,IF(O14="Medium",1,0.5)))*8+(M14*IF(P14="EC2 (Lift & Shift)",0.2,IF(P14="AWS QuickSight",1.5,IF(P14="Power BI",1,0.5))))*8+(10+(D14/100)*0.5)*8)*0.28 -> 327.8912 | AA14: =(((D14/100)*0.5+F14*0.5+G14*0.2+H14*0.8+I14*1+J14*3+K14*5+(D14/100)*0.3)*8+(L14*IF(O14="High",2,IF(O14="Medium",1,0.5)))*8+(M14*IF(P14="EC2 (Lift & Shift)",0.2,IF(P14="AWS QuickSight",1.5,IF(P14="Power BI",1,0.5))))*8+(10+(D14/100)*0.5)*8)*0.12 -> 140.5248 | AB14: ='✏️ SME Input'!R14 -> 6 | AC14: =AB14*0.75 -> 4.5 | AD14: =AB14*0.75 -> 4.5 | AE14: =AB14*0.75 -> 4.5 | AF14: =AB14*2.25 -> 13.5 | AG14: =(((D14/100)*0.5+F14*0.5+G14*0.2+H14*0.8+I14*1+J14*3+K14*5+(D14/100)*0.3)*8)*0.4 -> 286.656 | AH14: =(((D14/100)*0.5+F14*0.5+G14*0.2+H14*0.8+I14*1+J14*3+K14*5+(D14/100)*0.3)*8)*0.4 -> 286.656 | AI14: =(((D14/100)*0.5+F14*0.5+G14*0.2+H14*0.8+I14*1+J14*3+K14*5+(D14/100)*0.3)*8)*0.2 -> 143.328 | AJ14: =((L14*IF(O14="High",2,IF(O14="Medium",1,0.5)))*8)*0.5 -> 80 | AK14: =((L14*IF(O14="High",2,IF(O14="Medium",1,0.5)))*8)*0.35 -> 56 | AL14: =((L14*IF(O14="High",2,IF(O14="Medium",1,0.5)))*8)*0.15 -> 24 | AM14: =AG14+AJ14+((M14*IF(P14="EC2 (Lift & Shift)",0.2,IF(P14="AWS QuickSight",1.5,IF(P14="Power BI",1,0.5))))*8)*0.4+((10+(D14/100)*0.5)*8)*0.4+AC14+((((D14/100)*0.5+F14*0.5+G14*0.2+H14*0.8+I14*1+J14*3+K14*5+(D14/100)*0.3)*8+(L14*IF(O14="High",2,IF(O14="Medium",1,0.5)))*8+(M14*IF(P14="EC2 (Lift & Shift)",0.2,IF(P14="AWS QuickSight",1.5,IF(P14="Power BI",1,0.5))))*8+(10+(D14/100)*0.5)*8))*0.28*0.4+((((D14/100)*0.5+F14*0.5+G14*0.2+H14*0.8+I14*1+J14*3+K14*5+(D14/100)*0.3)*8+(L14*IF(O14="High",2,IF(O14="Medium",1,0.5)))*8+(M14*IF(P14="EC2 (Lift & Shift)",0.2,IF(P14="AWS QuickSight",1.5,IF(P14="Power BI",1,0.5))))*8+(10+(D14/100)*0.5)*8))*0.12*0.4+((((D14/100)*0.5+F14*0.5+G14*0.2+H14*0.8+I14*1+J14*3+K14*5+(D14/100)*0.3)*8+(L14*IF(O14="High",2,IF(O14="Medium",1,0.5)))*8+(M14*IF(P14="EC2 (Lift & Shift)",0.2,IF(P14="AWS QuickSight",1.5,IF(P14="Power BI",1,0.5))))*8+(10+(D14/100)*0.5)*8))*0.08*0.4 -> 713.75568 | AN14: =AH14+AK14+((M14*IF(P14="EC2 (Lift & Shift)",0.2,IF(P14="AWS QuickSight",1.5,IF(P14="Power BI",1,0.5))))*8)*0.4+((10+(D14/100)*0.5)*8)*0.4+AD14+((((D14/100)*0.5+F14*0.5+G14*0.2+H14*0.8+I14*1+J14*3+K14*5+(D14/100)*0.3)*8+(L14*IF(O14="High",2,IF(O14="Medium",1,0.5)))*8+(M14*IF(P14="EC2 (Lift & Shift)",0.2,IF(P14="AWS QuickSight",1.5,IF(P14="Power BI",1,0.5))))*8+(10+(D14/100)*0.5)*8))*0.28*0.4+((((D14/100)*0.5+F14*0.5+G14*0.2+H14*0.8+I14*1+J14*3+K14*5+(D14/100)*0.3)*8+(L14*IF(O14="High",2,IF(O14="Medium",1,0.5)))*8+(M14*IF(P14="EC2 (Lift & Shift)",0.2,IF(P14="AWS QuickSight",1.5,IF(P14="Power BI",1,0.5))))*8+(10+(D14/100)*0.5)*8))*0.12*0.4+((((D14/100)*0.5+F14*0.5+G14*0.2+H14*0.8+I14*1+J14*3+K14*5+(D14/100)*0.3)*8+(L14*IF(O14="High",2,IF(O14="Medium",1,0.5)))*8+(M14*IF(P14="EC2 (Lift & Shift)",0.2,IF(P14="AWS QuickSight",1.5,IF(P14="Power BI",1,0.5))))*8+(10+(D14/100)*0.5)*8))*0.08*0.4 -> 689.75568 | AO14: =AI14+AL14+((M14*IF(P14="EC2 (Lift & Shift)",0.2,IF(P14="AWS QuickSight",1.5,IF(P14="Power BI",1,0.5))))*8)*0.2+((10+(D14/100)*0.5)*8)*0.2+AE14+((((D14/100)*0.5+F14*0.5+G14*0.2+H14*0.8+I14*1+J14*3+K14*5+(D14/100)*0.3)*8+(L14*IF(O14="High",2,IF(O14="Medium",1,0.5)))*8+(M14*IF(P14="EC2 (Lift & Shift)",0.2,IF(P14="AWS QuickSight",1.5,IF(P14="Power BI",1,0.5))))*8+(10+(D14/100)*0.5)*8))*0.28*0.2+((((D14/100)*0.5+F14*0.5+G14*0.2+H14*0.8+I14*1+J14*3+K14*5+(D14/100)*0.3)*8+(L14*IF(O14="High",2,IF(O14="Medium",1,0.5)))*8+(M14*IF(P14="EC2 (Lift & Shift)",0.2,IF(P14="AWS QuickSight",1.5,IF(P14="Power BI",1,0.5))))*8+(10+(D14/100)*0.5)*8))*0.12*0.2+((((D14/100)*0.5+F14*0.5+G14*0.2+H14*0.8+I14*1+J14*3+K14*5+(D14/100)*0.3)*8+(L14*IF(O14="High",2,IF(O14="Medium",1,0.5)))*8+(M14*IF(P14="EC2 (Lift & Shift)",0.2,IF(P14="AWS QuickSight",1.5,IF(P14="Power BI",1,0.5))))*8+(10+(D14/100)*0.5)*8))*0.08*0.2 -> 343.12784 | AP14: ='✏️ SME Input'!S14 -> 5 | AQ14: ='✏️ SME Input'!T14 -> 0 | AR14: ='✏️ SME Input'!U14 -> Transactional
B15: ='✏️ SME Input'!B15 -> CRM Integration DB | C15: =IF(D15>1000,"T3 Complex",IF(D15>500,"T2 Moderate","T1 Simple")) -> T1 Simple | D15: ='✏️ SME Input'!D15 -> 220 | E15: ='✏️ SME Input'!E15 -> 75 | F15: ='✏️ SME Input'!F15 -> 50 | G15: ='✏️ SME Input'!G15 -> 28 | H15: ='✏️ SME Input'!H15 -> 6 | I15: ='✏️ SME Input'!I15 -> 4 | J15: ='✏️ SME Input'!J15 -> 0 | K15: ='✏️ SME Input'!K15 -> 0 | ... P15: ='✏️ SME Input'!P15 -> AWS QuickSight | Q15: ='✏️ SME Input'!C15 -> Wave 1 | R15: =((((D15/100)*0.5+F15*0.5+G15*0.2+H15*0.8+I15*1+J15*3+K15*5+(D15/100)*0.3)*8+(L15*IF(O15="High",2,IF(O15="Medium",1,0.5)))*8+(M15*IF(P15="EC2 (Lift & Shift)",0.2,IF(P15="AWS QuickSight",1.5,IF(P15="Power BI",1,0.5))))*8+(10+(D15/100)*0.5)*8))*0.08+(((D15/100)*0.5+F15*0.5+G15*0.2+H15*0.8+I15*1+J15*3+K15*5+(D15/100)*0.3)*8+(D15/100)*0.3*8)+((L15*IF(O15="High",2,IF(O15="Medium",1,0.5)))*8)+((M15*IF(P15="EC2 (Lift & Shift)",0.2,IF(P15="AWS QuickSight",1.5,IF(P15="Power BI",1,0.5))))*8)+((10+(D15/100)*0.5)*8)+((((D15/100)*0.5+F15*0.5+G15*0.2+H15*0.8+I15*1+J15*3+K15*5+(D15/100)*0.3)*8+(L15*IF(O15="High",2,IF(O15="Medium",1,0.5)))*8+(M15*IF(P15="EC2 (Lift & Shift)",0.2,IF(P15="AWS QuickSight",1.5,IF(P15="Power BI",1,0.5))))*8+(10+(D15/100)*0.5)*8))*0.28+((((D15/100)*0.5+F15*0.5+G15*0.2+H15*0.8+I15*1+J15*3+K15*5+(D15/100)*0.3)*8+(L15*IF(O15="High",2,IF(O15="Medium",1,0.5)))*8+(M15*IF(P15="EC2 (Lift & Shift)",0.2,IF(P15="AWS QuickSight",1.5,IF(P15="Power BI",1,0.5))))*8+(10+(D15/100)*0.5)*8))*0.12 -> 884.5184 | S15: =((((D15/100)*0.5+F15*0.5+G15*0.2+H15*0.8+I15*1+J15*3+K15*5+(D15/100)*0.3)*8+(L15*IF(O15="High",2,IF(O15="Medium",1,0.5)))*8+(M15*IF(P15="EC2 (Lift & Shift)",0.2,IF(P15="AWS QuickSight",1.5,IF(P15="Power BI",1,0.5))))*8+(10+(D15/100)*0.5)*8)*0.08)*(1-'📊 Dashboard'!C10/100)+((((D15/100)*0.5+F15*0.5+G15*0.2+H15*0.8+I15*1+J15*3+K15*5+(D15/100)*0.3)*8+(D15/100)*0.3*8))*(1-'📊 Dashboard'!C10/100)+((L15*IF(O15="High",2,IF(O15="Medium",1,0.5)))*8)*(1-'📊 Dashboard'!C11/100)+((M15*IF(P15="EC2 (Lift & Shift)",0.2,IF(P15="AWS QuickSight",1.5,IF(P15="Power BI",1,0.5))))*8)*(1-'📊 Dashboard'!C12/100)+((10+(D15/100)*0.5)*8)*(1-'📊 Dashboard'!C10/100)+((((D15/100)*0.5+F15*0.5+G15*0.2+H15*0.8+I15*1+J15*3+K15*5+(D15/100)*0.3)*8+(L15*IF(O15="High",2,IF(O15="Medium",1,0.5)))*8+(M15*IF(P15="EC2 (Lift & Shift)",0.2,IF(P15="AWS QuickSight",1.5,IF(P15="Power BI",1,0.5))))*8+(10+(D15/100)*0.5)*8)*0.28)*(1-'📊 Dashboard'!C13/100)+((((D15/100)*0.5+F15*0.5+G15*0.2+H15*0.8+I15*1+J15*3+K15*5+(D15/100)*0.3)*8+(L15*IF(O15="High",2,IF(O15="Medium",1,0.5)))*8+(M15*IF(P15="EC2 (Lift & Shift)",0.2,IF(P15="AWS QuickSight",1.5,IF(P15="Power BI",1,0.5))))*8+(10+(D15/100)*0.5)*8)*0.12)*(1-'📊 Dashboard'!C10/100) -> 649.39712 | T15: =S15*(1+'📊 Dashboard'!C14/100) -> 746.80669 | U15: =(((D15/100)*0.5+F15*0.5+G15*0.2+H15*0.8+I15*1+J15*3+K15*5+(D15/100)*0.3)*8+(L15*IF(O15="High",2,IF(O15="Medium",1,0.5)))*8+(M15*IF(P15="EC2 (Lift & Shift)",0.2,IF(P15="AWS QuickSight",1.5,IF(P15="Power BI",1,0.5))))*8+(10+(D15/100)*0.5)*8)*0.08 -> 47.5264 | V15: =((D15/100)*0.5+F15*0.5+G15*0.2+H15*0.8+I15*1+J15*3+K15*5+(D15/100)*0.3)*8+(D15/100)*0.3*8 -> 334.56 | W15: =(L15*IF(O15="High",2,IF(O15="Medium",1,0.5)))*8 -> 80 | X15: =(M15*IF(P15="EC2 (Lift & Shift)",0.2,IF(P15="AWS QuickSight",1.5,IF(P15="Power BI",1,0.5))))*8 -> 96 | Y15: =(10+(D15/100)*0.5)*8 -> 88.8 | Z15: =(((D15/100)*0.5+F15*0.5+G15*0.2+H15*0.8+I15*1+J15*3+K15*5+(D15/100)*0.3)*8+(L15*IF(O15="High",2,IF(O15="Medium",1,0.5)))*8+(M15*IF(P15="EC2 (Lift & Shift)",0.2,IF(P15="AWS QuickSight",1.5,IF(P15="Power BI",1,0.5))))*8+(10+(D15/100)*0.5)*8)*0.28 -> 166.3424 | AA15: =(((D15/100)*0.5+F15*0.5+G15*0.2+H15*0.8+I15*1+J15*3+K15*5+(D15/100)*0.3)*8+(L15*IF(O15="High",2,IF(O15="Medium",1,0.5)))*8+(M15*IF(P15="EC2 (Lift & Shift)",0.2,IF(P15="AWS QuickSight",1.5,IF(P15="Power BI",1,0.5))))*8+(10+(D15/100)*0.5)*8)*0.12 -> 71.2896 | AB15: ='✏️ SME Input'!R15 -> 2 | AC15: =AB15*0.75 -> 1.5 | AD15: =AB15*0.75 -> 1.5 | AE15: =AB15*0.75 -> 1.5 | AF15: =AB15*2.25 -> 4.5 | AG15: =(((D15/100)*0.5+F15*0.5+G15*0.2+H15*0.8+I15*1+J15*3+K15*5+(D15/100)*0.3)*8)*0.4 -> 131.712 | AH15: =(((D15/100)*0.5+F15*0.5+G15*0.2+H15*0.8+I15*1+J15*3+K15*5+(D15/100)*0.3)*8)*0.4 -> 131.712 | AI15: =(((D15/100)*0.5+F15*0.5+G15*0.2+H15*0.8+I15*1+J15*3+K15*5+(D15/100)*0.3)*8)*0.2 -> 65.856 | AJ15: =((L15*IF(O15="High",2,IF(O15="Medium",1,0.5)))*8)*0.5 -> 40 | AK15: =((L15*IF(O15="High",2,IF(O15="Medium",1,0.5)))*8)*0.35 -> 28 | AL15: =((L15*IF(O15="High",2,IF(O15="Medium",1,0.5)))*8)*0.15 -> 12 | AM15: =AG15+AJ15+((M15*IF(P15="EC2 (Lift & Shift)",0.2,IF(P15="AWS QuickSight",1.5,IF(P15="Power BI",1,0.5))))*8)*0.4+((10+(D15/100)*0.5)*8)*0.4+AC15+((((D15/100)*0.5+F15*0.5+G15*0.2+H15*0.8+I15*1+J15*3+K15*5+(D15/100)*0.3)*8+(L15*IF(O15="High",2,IF(O15="Medium",1,0.5)))*8+(M15*IF(P15="EC2 (Lift & Shift)",0.2,IF(P15="AWS QuickSight",1.5,IF(P15="Power BI",1,0.5))))*8+(10+(D15/100)*0.5)*8))*0.28*0.4+((((D15/100)*0.5+F15*0.5+G15*0.2+H15*0.8+I15*1+J15*3+K15*5+(D15/100)*0.3)*8+(L15*IF(O15="High",2,IF(O15="Medium",1,0.5)))*8+(M15*IF(P15="EC2 (Lift & Shift)",0.2,IF(P15="AWS QuickSight",1.5,IF(P15="Power BI",1,0.5))))*8+(10+(D15/100)*0.5)*8))*0.12*0.4+((((D15/100)*0.5+F15*0.5+G15*0.2+H15*0.8+I15*1+J15*3+K15*5+(D15/100)*0.3)*8+(L15*IF(O15="High",2,IF(O15="Medium",1,0.5)))*8+(M15*IF(P15="EC2 (Lift & Shift)",0.2,IF(P15="AWS QuickSight",1.5,IF(P15="Power BI",1,0.5))))*8+(10+(D15/100)*0.5)*8))*0.08*0.4 -> 361.19536 | AN15: =AH15+AK15+((M15*IF(P15="EC2 (Lift & Shift)",0.2,IF(P15="AWS QuickSight",1.5,IF(P15="Power BI",1,0.5))))*8)*0.4+((10+(D15/100)*0.5)*8)*0.4+AD15+((((D15/100)*0.5+F15*0.5+G15*0.2+H15*0.8+I15*1+J15*3+K15*5+(D15/100)*0.3)*8+(L15*IF(O15="High",2,IF(O15="Medium",1,0.5)))*8+(M15*IF(P15="EC2 (Lift & Shift)",0.2,IF(P15="AWS QuickSight",1.5,IF(P15="Power BI",1,0.5))))*8+(10+(D15/100)*0.5)*8))*0.28*0.4+((((D15/100)*0.5+F15*0.5+G15*0.2+H15*0.8+I15*1+J15*3+K15*5+(D15/100)*0.3)*8+(L15*IF(O15="High",2,IF(O15="Medium",1,0.5)))*8+(M15*IF(P15="EC2 (Lift & Shift)",0.2,IF(P15="AWS QuickSight",1.5,IF(P15="Power BI",1,0.5))))*8+(10+(D15/100)*0.5)*8))*0.12*0.4+((((D15/100)*0.5+F15*0.5+G15*0.2+H15*0.8+I15*1+J15*3+K15*5+(D15/100)*0.3)*8+(L15*IF(O15="High",2,IF(O15="Medium",1,0.5)))*8+(M15*IF(P15="EC2 (Lift & Shift)",0.2,IF(P15="AWS QuickSight",1.5,IF(P15="Power BI",1,0.5))))*8+(10+(D15/100)*0.5)*8))*0.08*0.4 -> 349.19536 | AO15: =AI15+AL15+((M15*IF(P15="EC2 (Lift & Shift)",0.2,IF(P15="AWS QuickSight",1.5,IF(P15="Power BI",1,0.5))))*8)*0.2+((10+(D15/100)*0.5)*8)*0.2+AE15+((((D15/100)*0.5+F15*0.5+G15*0.2+H15*0.8+I15*1+J15*3+K15*5+(D15/100)*0.3)*8+(L15*IF(O15="High",2,IF(O15="Medium",1,0.5)))*8+(M15*IF(P15="EC2 (Lift & Shift)",0.2,IF(P15="AWS QuickSight",1.5,IF(P15="Power BI",1,0.5))))*8+(10+(D15/100)*0.5)*8))*0.28*0.2+((((D15/100)*0.5+F15*0.5+G15*0.2+H15*0.8+I15*1+J15*3+K15*5+(D15/100)*0.3)*8+(L15*IF(O15="High",2,IF(O15="Medium",1,0.5)))*8+(M15*IF(P15="EC2 (Lift & Shift)",0.2,IF(P15="AWS QuickSight",1.5,IF(P15="Power BI",1,0.5))))*8+(10+(D15/100)*0.5)*8))*0.12*0.2+((((D15/100)*0.5+F15*0.5+G15*0.2+H15*0.8+I15*1+J15*3+K15*5+(D15/100)*0.3)*8+(L15*IF(O15="High",2,IF(O15="Medium",1,0.5)))*8+(M15*IF(P15="EC2 (Lift & Shift)",0.2,IF(P15="AWS QuickSight",1.5,IF(P15="Power BI",1,0.5))))*8+(10+(D15/100)*0.5)*8))*0.08*0.2 -> 173.34768 | AP15: ='✏️ SME Input'!S15 -> 2 | AQ15: ='✏️ SME Input'!T15 -> 0 | AR15: ='✏️ SME Input'!U15 -> None
B16: ='✏️ SME Input'!B16 -> Product Catalogue | C16: =IF(D16>1000,"T3 Complex",IF(D16>500,"T2 Moderate","T1 Simple")) -> T1 Simple | D16: ='✏️ SME Input'!D16 -> 90 | E16: ='✏️ SME Input'!E16 -> 45 | F16: ='✏️ SME Input'!F16 -> 30 | G16: ='✏️ SME Input'!G16 -> 20 | H16: ='✏️ SME Input'!H16 -> 3 | I16: ='✏️ SME Input'!I16 -> 2 | J16: ='✏️ SME Input'!J16 -> 0 | K16: ='✏️ SME Input'!K16 -> 0 | ... P16: ='✏️ SME Input'!P16 -> AWS QuickSight | Q16: ='✏️ SME Input'!C16 -> Wave 1 | R16: =((((D16/100)*0.5+F16*0.5+G16*0.2+H16*0.8+I16*1+J16*3+K16*5+(D16/100)*0.3)*8+(L16*IF(O16="High",2,IF(O16="Medium",1,0.5)))*8+(M16*IF(P16="EC2 (Lift & Shift)",0.2,IF(P16="AWS QuickSight",1.5,IF(P16="Power BI",1,0.5))))*8+(10+(D16/100)*0.5)*8))*0.08+(((D16/100)*0.5+F16*0.5+G16*0.2+H16*0.8+I16*1+J16*3+K16*5+(D16/100)*0.3)*8+(D16/100)*0.3*8)+((L16*IF(O16="High",2,IF(O16="Medium",1,0.5)))*8)+((M16*IF(P16="EC2 (Lift & Shift)",0.2,IF(P16="AWS QuickSight",1.5,IF(P16="Power BI",1,0.5))))*8)+((10+(D16/100)*0.5)*8)+((((D16/100)*0.5+F16*0.5+G16*0.2+H16*0.8+I16*1+J16*3+K16*5+(D16/100)*0.3)*8+(L16*IF(O16="High",2,IF(O16="Medium",1,0.5)))*8+(M16*IF(P16="EC2 (Lift & Shift)",0.2,IF(P16="AWS QuickSight",1.5,IF(P16="Power BI",1,0.5))))*8+(10+(D16/100)*0.5)*8))*0.28+((((D16/100)*0.5+F16*0.5+G16*0.2+H16*0.8+I16*1+J16*3+K16*5+(D16/100)*0.3)*8+(L16*IF(O16="High",2,IF(O16="Medium",1,0.5)))*8+(M16*IF(P16="EC2 (Lift & Shift)",0.2,IF(P16="AWS QuickSight",1.5,IF(P16="Power BI",1,0.5))))*8+(10+(D16/100)*0.5)*8))*0.12 -> 523.9488 | S16: =((((D16/100)*0.5+F16*0.5+G16*0.2+H16*0.8+I16*1+J16*3+K16*5+(D16/100)*0.3)*8+(L16*IF(O16="High",2,IF(O16="Medium",1,0.5)))*8+(M16*IF(P16="EC2 (Lift & Shift)",0.2,IF(P16="AWS QuickSight",1.5,IF(P16="Power BI",1,0.5))))*8+(10+(D16/100)*0.5)*8)*0.08)*(1-'📊 Dashboard'!C10/100)+((((D16/100)*0.5+F16*0.5+G16*0.2+H16*0.8+I16*1+J16*3+K16*5+(D16/100)*0.3)*8+(D16/100)*0.3*8))*(1-'📊 Dashboard'!C10/100)+((L16*IF(O16="High",2,IF(O16="Medium",1,0.5)))*8)*(1-'📊 Dashboard'!C11/100)+((M16*IF(P16="EC2 (Lift & Shift)",0.2,IF(P16="AWS QuickSight",1.5,IF(P16="Power BI",1,0.5))))*8)*(1-'📊 Dashboard'!C12/100)+((10+(D16/100)*0.5)*8)*(1-'📊 Dashboard'!C10/100)+((((D16/100)*0.5+F16*0.5+G16*0.2+H16*0.8+I16*1+J16*3+K16*5+(D16/100)*0.3)*8+(L16*IF(O16="High",2,IF(O16="Medium",1,0.5)))*8+(M16*IF(P16="EC2 (Lift & Shift)",0.2,IF(P16="AWS QuickSight",1.5,IF(P16="Power BI",1,0.5))))*8+(10+(D16/100)*0.5)*8)*0.28)*(1-'📊 Dashboard'!C13/100)+((((D16/100)*0.5+F16*0.5+G16*0.2+H16*0.8+I16*1+J16*3+K16*5+(D16/100)*0.3)*8+(L16*IF(O16="High",2,IF(O16="Medium",1,0.5)))*8+(M16*IF(P16="EC2 (Lift & Shift)",0.2,IF(P16="AWS QuickSight",1.5,IF(P16="Power BI",1,0.5))))*8+(10+(D16/100)*0.5)*8)*0.12)*(1-'📊 Dashboard'!C10/100) -> 383.43584 | T16: =S16*(1+'📊 Dashboard'!C14/100) -> 440.95122 | U16: =(((D16/100)*0.5+F16*0.5+G16*0.2+H16*0.8+I16*1+J16*3+K16*5+(D16/100)*0.3)*8+(L16*IF(O16="High",2,IF(O16="Medium",1,0.5)))*8+(M16*IF(P16="EC2 (Lift & Shift)",0.2,IF(P16="AWS QuickSight",1.5,IF(P16="Power BI",1,0.5))))*8+(10+(D16/100)*0.5)*8)*0.08 -> 28.2048 | V16: =((D16/100)*0.5+F16*0.5+G16*0.2+H16*0.8+I16*1+J16*3+K16*5+(D16/100)*0.3)*8+(D16/100)*0.3*8 -> 195.12 | W16: =(L16*IF(O16="High",2,IF(O16="Medium",1,0.5)))*8 -> 16 | X16: =(M16*IF(P16="EC2 (Lift & Shift)",0.2,IF(P16="AWS QuickSight",1.5,IF(P16="Power BI",1,0.5))))*8 -> 60 | Y16: =(10+(D16/100)*0.5)*8 -> 83.6 | Z16: =(((D16/100)*0.5+F16*0.5+G16*0.2+H16*0.8+I16*1+J16*3+K16*5+(D16/100)*0.3)*8+(L16*IF(O16="High",2,IF(O16="Medium",1,0.5)))*8+(M16*IF(P16="EC2 (Lift & Shift)",0.2,IF(P16="AWS QuickSight",1.5,IF(P16="Power BI",1,0.5))))*8+(10+(D16/100)*0.5)*8)*0.28 -> 98.7168 | AA16: =(((D16/100)*0.5+F16*0.5+G16*0.2+H16*0.8+I16*1+J16*3+K16*5+(D16/100)*0.3)*8+(L16*IF(O16="High",2,IF(O16="Medium",1,0.5)))*8+(M16*IF(P16="EC2 (Lift & Shift)",0.2,IF(P16="AWS QuickSight",1.5,IF(P16="Power BI",1,0.5))))*8+(10+(D16/100)*0.5)*8)*0.12 -> 42.3072 | AB16: ='✏️ SME Input'!R16 -> 0 | AC16: =AB16*0.75 -> 0 | AD16: =AB16*0.75 -> 0 | AE16: =AB16*0.75 -> 0 | AF16: =AB16*2.25 -> 0 | AG16: =(((D16/100)*0.5+F16*0.5+G16*0.2+H16*0.8+I16*1+J16*3+K16*5+(D16/100)*0.3)*8)*0.4 -> 77.184 | AH16: =(((D16/100)*0.5+F16*0.5+G16*0.2+H16*0.8+I16*1+J16*3+K16*5+(D16/100)*0.3)*8)*0.4 -> 77.184 | AI16: =(((D16/100)*0.5+F16*0.5+G16*0.2+H16*0.8+I16*1+J16*3+K16*5+(D16/100)*0.3)*8)*0.2 -> 38.592 | AJ16: =((L16*IF(O16="High",2,IF(O16="Medium",1,0.5)))*8)*0.5 -> 8 | AK16: =((L16*IF(O16="High",2,IF(O16="Medium",1,0.5)))*8)*0.35 -> 5.6 | AL16: =((L16*IF(O16="High",2,IF(O16="Medium",1,0.5)))*8)*0.15 -> 2.4 | AM16: =AG16+AJ16+((M16*IF(P16="EC2 (Lift & Shift)",0.2,IF(P16="AWS QuickSight",1.5,IF(P16="Power BI",1,0.5))))*8)*0.4+((10+(D16/100)*0.5)*8)*0.4+AC16+((((D16/100)*0.5+F16*0.5+G16*0.2+H16*0.8+I16*1+J16*3+K16*5+(D16/100)*0.3)*8+(L16*IF(O16="High",2,IF(O16="Medium",1,0.5)))*8+(M16*IF(P16="EC2 (Lift & Shift)",0.2,IF(P16="AWS QuickSight",1.5,IF(P16="Power BI",1,0.5))))*8+(10+(D16/100)*0.5)*8))*0.28*0.4+((((D16/100)*0.5+F16*0.5+G16*0.2+H16*0.8+I16*1+J16*3+K16*5+(D16/100)*0.3)*8+(L16*IF(O16="High",2,IF(O16="Medium",1,0.5)))*8+(M16*IF(P16="EC2 (Lift & Shift)",0.2,IF(P16="AWS QuickSight",1.5,IF(P16="Power BI",1,0.5))))*8+(10+(D16/100)*0.5)*8))*0.12*0.4+((((D16/100)*0.5+F16*0.5+G16*0.2+H16*0.8+I16*1+J16*3+K16*5+(D16/100)*0.3)*8+(L16*IF(O16="High",2,IF(O16="Medium",1,0.5)))*8+(M16*IF(P16="EC2 (Lift & Shift)",0.2,IF(P16="AWS QuickSight",1.5,IF(P16="Power BI",1,0.5))))*8+(10+(D16/100)*0.5)*8))*0.08*0.4 -> 210.31552 | AN16: =AH16+AK16+((M16*IF(P16="EC2 (Lift & Shift)",0.2,IF(P16="AWS QuickSight",1.5,IF(P16="Power BI",1,0.5))))*8)*0.4+((10+(D16/100)*0.5)*8)*0.4+AD16+((((D16/100)*0.5+F16*0.5+G16*0.2+H16*0.8+I16*1+J16*3+K16*5+(D16/100)*0.3)*8+(L16*IF(O16="High",2,IF(O16="Medium",1,0.5)))*8+(M16*IF(P16="EC2 (Lift & Shift)",0.2,IF(P16="AWS QuickSight",1.5,IF(P16="Power BI",1,0.5))))*8+(10+(D16/100)*0.5)*8))*0.28*0.4+((((D16/100)*0.5+F16*0.5+G16*0.2+H16*0.8+I16*1+J16*3+K16*5+(D16/100)*0.3)*8+(L16*IF(O16="High",2,IF(O16="Medium",1,0.5)))*8+(M16*IF(P16="EC2 (Lift & Shift)",0.2,IF(P16="AWS QuickSight",1.5,IF(P16="Power BI",1,0.5))))*8+(10+(D16/100)*0.5)*8))*0.12*0.4+((((D16/100)*0.5+F16*0.5+G16*0.2+H16*0.8+I16*1+J16*3+K16*5+(D16/100)*0.3)*8+(L16*IF(O16="High",2,IF(O16="Medium",1,0.5)))*8+(M16*IF(P16="EC2 (Lift & Shift)",0.2,IF(P16="AWS QuickSight",1.5,IF(P16="Power BI",1,0.5))))*8+(10+(D16/100)*0.5)*8))*0.08*0.4 -> 207.91552 | AO16: =AI16+AL16+((M16*IF(P16="EC2 (Lift & Shift)",0.2,IF(P16="AWS QuickSight",1.5,IF(P16="Power BI",1,0.5))))*8)*0.2+((10+(D16/100)*0.5)*8)*0.2+AE16+((((D16/100)*0.5+F16*0.5+G16*0.2+H16*0.8+I16*1+J16*3+K16*5+(D16/100)*0.3)*8+(L16*IF(O16="High",2,IF(O16="Medium",1,0.5)))*8+(M16*IF(P16="EC2 (Lift & Shift)",0.2,IF(P16="AWS QuickSight",1.5,IF(P16="Power BI",1,0.5))))*8+(10+(D16/100)*0.5)*8))*0.28*0.2+((((D16/100)*0.5+F16*0.5+G16*0.2+H16*0.8+I16*1+J16*3+K16*5+(D16/100)*0.3)*8+(L16*IF(O16="High",2,IF(O16="Medium",1,0.5)))*8+(M16*IF(P16="EC2 (Lift & Shift)",0.2,IF(P16="AWS QuickSight",1.5,IF(P16="Power BI",1,0.5))))*8+(10+(D16/100)*0.5)*8))*0.12*0.2+((((D16/100)*0.5+F16*0.5+G16*0.2+H16*0.8+I16*1+J16*3+K16*5+(D16/100)*0.3)*8+(L16*IF(O16="High",2,IF(O16="Medium",1,0.5)))*8+(M16*IF(P16="EC2 (Lift & Shift)",0.2,IF(P16="AWS QuickSight",1.5,IF(P16="Power BI",1,0.5))))*8+(10+(D16/100)*0.5)*8))*0.08*0.2 -> 103.55776 | AP16: ='✏️ SME Input'!S16 -> 0 | AQ16: ='✏️ SME Input'!T16 -> 0 | AR16: ='✏️ SME Input'!U16 -> None
B17: ='✏️ SME Input'!B17 -> Mediation Platform | C17: =IF(D17>1000,"T3 Complex",IF(D17>500,"T2 Moderate","T1 Simple")) -> T2 Moderate | D17: ='✏️ SME Input'!D17 -> 780 | E17: ='✏️ SME Input'!E17 -> 180 | F17: ='✏️ SME Input'!F17 -> 125 | G17: ='✏️ SME Input'!G17 -> 65 | H17: ='✏️ SME Input'!H17 -> 16 | I17: ='✏️ SME Input'!I17 -> 12 | J17: ='✏️ SME Input'!J17 -> 3 | K17: ='✏️ SME Input'!K17 -> 5 | ... P17: ='✏️ SME Input'!P17 -> EC2 (Lift & Shift) | Q17: ='✏️ SME Input'!C17 -> Wave 3 | R17: =((((D17/100)*0.5+F17*0.5+G17*0.2+H17*0.8+I17*1+J17*3+K17*5+(D17/100)*0.3)*8+(L17*IF(O17="High",2,IF(O17="Medium",1,0.5)))*8+(M17*IF(P17="EC2 (Lift & Shift)",0.2,IF(P17="AWS QuickSight",1.5,IF(P17="Power BI",1,0.5))))*8+(10+(D17/100)*0.5)*8))*0.08+(((D17/100)*0.5+F17*0.5+G17*0.2+H17*0.8+I17*1+J17*3+K17*5+(D17/100)*0.3)*8+(D17/100)*0.3*8)+((L17*IF(O17="High",2,IF(O17="Medium",1,0.5)))*8)+((M17*IF(P17="EC2 (Lift & Shift)",0.2,IF(P17="AWS QuickSight",1.5,IF(P17="Power BI",1,0.5))))*8)+((10+(D17/100)*0.5)*8)+((((D17/100)*0.5+F17*0.5+G17*0.2+H17*0.8+I17*1+J17*3+K17*5+(D17/100)*0.3)*8+(L17*IF(O17="High",2,IF(O17="Medium",1,0.5)))*8+(M17*IF(P17="EC2 (Lift & Shift)",0.2,IF(P17="AWS QuickSight",1.5,IF(P17="Power BI",1,0.5))))*8+(10+(D17/100)*0.5)*8))*0.28+((((D17/100)*0.5+F17*0.5+G17*0.2+H17*0.8+I17*1+J17*3+K17*5+(D17/100)*0.3)*8+(L17*IF(O17="High",2,IF(O17="Medium",1,0.5)))*8+(M17*IF(P17="EC2 (Lift & Shift)",0.2,IF(P17="AWS QuickSight",1.5,IF(P17="Power BI",1,0.5))))*8+(10+(D17/100)*0.5)*8))*0.12 -> 2557.6896 | S17: =((((D17/100)*0.5+F17*0.5+G17*0.2+H17*0.8+I17*1+J17*3+K17*5+(D17/100)*0.3)*8+(L17*IF(O17="High",2,IF(O17="Medium",1,0.5)))*8+(M17*IF(P17="EC2 (Lift & Shift)",0.2,IF(P17="AWS QuickSight",1.5,IF(P17="Power BI",1,0.5))))*8+(10+(D17/100)*0.5)*8)*0.08)*(1-'📊 Dashboard'!C10/100)+((((D17/100)*0.5+F17*0.5+G17*0.2+H17*0.8+I17*1+J17*3+K17*5+(D17/100)*0.3)*8+(D17/100)*0.3*8))*(1-'📊 Dashboard'!C10/100)+((L17*IF(O17="High",2,IF(O17="Medium",1,0.5)))*8)*(1-'📊 Dashboard'!C11/100)+((M17*IF(P17="EC2 (Lift & Shift)",0.2,IF(P17="AWS QuickSight",1.5,IF(P17="Power BI",1,0.5))))*8)*(1-'📊 Dashboard'!C12/100)+((10+(D17/100)*0.5)*8)*(1-'📊 Dashboard'!C10/100)+((((D17/100)*0.5+F17*0.5+G17*0.2+H17*0.8+I17*1+J17*3+K17*5+(D17/100)*0.3)*8+(L17*IF(O17="High",2,IF(O17="Medium",1,0.5)))*8+(M17*IF(P17="EC2 (Lift & Shift)",0.2,IF(P17="AWS QuickSight",1.5,IF(P17="Power BI",1,0.5))))*8+(10+(D17/100)*0.5)*8)*0.28)*(1-'📊 Dashboard'!C13/100)+((((D17/100)*0.5+F17*0.5+G17*0.2+H17*0.8+I17*1+J17*3+K17*5+(D17/100)*0.3)*8+(L17*IF(O17="High",2,IF(O17="Medium",1,0.5)))*8+(M17*IF(P17="EC2 (Lift & Shift)",0.2,IF(P17="AWS QuickSight",1.5,IF(P17="Power BI",1,0.5))))*8+(10+(D17/100)*0.5)*8)*0.12)*(1-'📊 Dashboard'!C10/100) -> 1864.0173 | T17: =S17*(1+'📊 Dashboard'!C14/100) -> 2143.6199 | U17: =(((D17/100)*0.5+F17*0.5+G17*0.2+H17*0.8+I17*1+J17*3+K17*5+(D17/100)*0.3)*8+(L17*IF(O17="High",2,IF(O17="Medium",1,0.5)))*8+(M17*IF(P17="EC2 (Lift & Shift)",0.2,IF(P17="AWS QuickSight",1.5,IF(P17="Power BI",1,0.5))))*8+(10+(D17/100)*0.5)*8)*0.08 -> 137.2416 | V17: =((D17/100)*0.5+F17*0.5+G17*0.2+H17*0.8+I17*1+J17*3+K17*5+(D17/100)*0.3)*8+(D17/100)*0.3*8 -> 1143.04 | W17: =(L17*IF(O17="High",2,IF(O17="Medium",1,0.5)))*8 -> 448 | X17: =(M17*IF(P17="EC2 (Lift & Shift)",0.2,IF(P17="AWS QuickSight",1.5,IF(P17="Power BI",1,0.5))))*8 -> 32 | Y17: =(10+(D17/100)*0.5)*8 -> 111.2 | Z17: =(((D17/100)*0.5+F17*0.5+G17*0.2+H17*0.8+I17*1+J17*3+K17*5+(D17/100)*0.3)*8+(L17*IF(O17="High",2,IF(O17="Medium",1,0.5)))*8+(M17*IF(P17="EC2 (Lift & Shift)",0.2,IF(P17="AWS QuickSight",1.5,IF(P17="Power BI",1,0.5))))*8+(10+(D17/100)*0.5)*8)*0.28 -> 480.3456 | AA17: =(((D17/100)*0.5+F17*0.5+G17*0.2+H17*0.8+I17*1+J17*3+K17*5+(D17/100)*0.3)*8+(L17*IF(O17="High",2,IF(O17="Medium",1,0.5)))*8+(M17*IF(P17="EC2 (Lift & Shift)",0.2,IF(P17="AWS QuickSight",1.5,IF(P17="Power BI",1,0.5))))*8+(10+(D17/100)*0.5)*8)*0.12 -> 205.8624 | AB17: ='✏️ SME Input'!R17 -> 10 | AC17: =AB17*0.75 -> 7.5 | AD17: =AB17*0.75 -> 7.5 | AE17: =AB17*0.75 -> 7.5 | AF17: =AB17*2.25 -> 22.5 | AG17: =(((D17/100)*0.5+F17*0.5+G17*0.2+H17*0.8+I17*1+J17*3+K17*5+(D17/100)*0.3)*8)*0.4 -> 449.728 | AH17: =(((D17/100)*0.5+F17*0.5+G17*0.2+H17*0.8+I17*1+J17*3+K17*5+(D17/100)*0.3)*8)*0.4 -> 449.728 | AI17: =(((D17/100)*0.5+F17*0.5+G17*0.2+H17*0.8+I17*1+J17*3+K17*5+(D17/100)*0.3)*8)*0.2 -> 224.864 | AJ17: =((L17*IF(O17="High",2,IF(O17="Medium",1,0.5)))*8)*0.5 -> 224 | AK17: =((L17*IF(O17="High",2,IF(O17="Medium",1,0.5)))*8)*0.35 -> 156.8 | AL17: =((L17*IF(O17="High",2,IF(O17="Medium",1,0.5)))*8)*0.15 -> 67.2 | AM17: =AG17+AJ17+((M17*IF(P17="EC2 (Lift & Shift)",0.2,IF(P17="AWS QuickSight",1.5,IF(P17="Power BI",1,0.5))))*8)*0.4+((10+(D17/100)*0.5)*8)*0.4+AC17+((((D17/100)*0.5+F17*0.5+G17*0.2+H17*0.8+I17*1+J17*3+K17*5+(D17/100)*0.3)*8+(L17*IF(O17="High",2,IF(O17="Medium",1,0.5)))*8+(M17*IF(P17="EC2 (Lift & Shift)",0.2,IF(P17="AWS QuickSight",1.5,IF(P17="Power BI",1,0.5))))*8+(10+(D17/100)*0.5)*8))*0.28*0.4+((((D17/100)*0.5+F17*0.5+G17*0.2+H17*0.8+I17*1+J17*3+K17*5+(D17/100)*0.3)*8+(L17*IF(O17="High",2,IF(O17="Medium",1,0.5)))*8+(M17*IF(P17="EC2 (Lift & Shift)",0.2,IF(P17="AWS QuickSight",1.5,IF(P17="Power BI",1,0.5))))*8+(10+(D17/100)*0.5)*8))*0.12*0.4+((((D17/100)*0.5+F17*0.5+G17*0.2+H17*0.8+I17*1+J17*3+K17*5+(D17/100)*0.3)*8+(L17*IF(O17="High",2,IF(O17="Medium",1,0.5)))*8+(M17*IF(P17="EC2 (Lift & Shift)",0.2,IF(P17="AWS QuickSight",1.5,IF(P17="Power BI",1,0.5))))*8+(10+(D17/100)*0.5)*8))*0.08*0.4 -> 1067.8878 | AN17: =AH17+AK17+((M17*IF(P17="EC2 (Lift & Shift)",0.2,IF(P17="AWS QuickSight",1.5,IF(P17="Power BI",1,0.5))))*8)*0.4+((10+(D17/100)*0.5)*8)*0.4+AD17+((((D17/100)*0.5+F17*0.5+G17*0.2+H17*0.8+I17*1+J17*3+K17*5+(D17/100)*0.3)*8+(L17*IF(O17="High",2,IF(O17="Medium",1,0.5)))*8+(M17*IF(P17="EC2 (Lift & Shift)",0.2,IF(P17="AWS QuickSight",1.5,IF(P17="Power BI",1,0.5))))*8+(10+(D17/100)*0.5)*8))*0.28*0.4+((((D17/100)*0.5+F17*0.5+G17*0.2+H17*0.8+I17*1+J17*3+K17*5+(D17/100)*0.3)*8+(L17*IF(O17="High",2,IF(O17="Medium",1,0.5)))*8+(M17*IF(P17="EC2 (Lift & Shift)",0.2,IF(P17="AWS QuickSight",1.5,IF(P17="Power BI",1,0.5))))*8+(10+(D17/100)*0.5)*8))*0.12*0.4+((((D17/100)*0.5+F17*0.5+G17*0.2+H17*0.8+I17*1+J17*3+K17*5+(D17/100)*0.3)*8+(L17*IF(O17="High",2,IF(O17="Medium",1,0.5)))*8+(M17*IF(P17="EC2 (Lift & Shift)",0.2,IF(P17="AWS QuickSight",1.5,IF(P17="Power BI",1,0.5))))*8+(10+(D17/100)*0.5)*8))*0.08*0.4 -> 1000.6878 | AO17: =AI17+AL17+((M17*IF(P17="EC2 (Lift & Shift)",0.2,IF(P17="AWS QuickSight",1.5,IF(P17="Power BI",1,0.5))))*8)*0.2+((10+(D17/100)*0.5)*8)*0.2+AE17+((((D17/100)*0.5+F17*0.5+G17*0.2+H17*0.8+I17*1+J17*3+K17*5+(D17/100)*0.3)*8+(L17*IF(O17="High",2,IF(O17="Medium",1,0.5)))*8+(M17*IF(P17="EC2 (Lift & Shift)",0.2,IF(P17="AWS QuickSight",1.5,IF(P17="Power BI",1,0.5))))*8+(10+(D17/100)*0.5)*8))*0.28*0.2+((((D17/100)*0.5+F17*0.5+G17*0.2+H17*0.8+I17*1+J17*3+K17*5+(D17/100)*0.3)*8+(L17*IF(O17="High",2,IF(O17="Medium",1,0.5)))*8+(M17*IF(P17="EC2 (Lift & Shift)",0.2,IF(P17="AWS QuickSight",1.5,IF(P17="Power BI",1,0.5))))*8+(10+(D17/100)*0.5)*8))*0.12*0.2+((((D17/100)*0.5+F17*0.5+G17*0.2+H17*0.8+I17*1+J17*3+K17*5+(D17/100)*0.3)*8+(L17*IF(O17="High",2,IF(O17="Medium",1,0.5)))*8+(M17*IF(P17="EC2 (Lift & Shift)",0.2,IF(P17="AWS QuickSight",1.5,IF(P17="Power BI",1,0.5))))*8+(10+(D17/100)*0.5)*8))*0.08*0.2 -> 492.89392 | AP17: ='✏️ SME Input'!S17 -> 10 | AQ17: ='✏️ SME Input'!T17 -> 0 | AR17: ='✏️ SME Input'!U17 -> Transactional
B18: ='✏️ SME Input'!B18 -> Interconnect Billing | C18: =IF(D18>1000,"T3 Complex",IF(D18>500,"T2 Moderate","T1 Simple")) -> T1 Simple | D18: ='✏️ SME Input'!D18 -> 420 | E18: ='✏️ SME Input'!E18 -> 110 | F18: ='✏️ SME Input'!F18 -> 80 | G18: ='✏️ SME Input'!G18 -> 40 | H18: ='✏️ SME Input'!H18 -> 9 | I18: ='✏️ SME Input'!I18 -> 7 | J18: ='✏️ SME Input'!J18 -> 2 | K18: ='✏️ SME Input'!K18 -> 2 | ... P18: ='✏️ SME Input'!P18 -> EC2 (Lift & Shift) | Q18: ='✏️ SME Input'!C18 -> Wave 2 | R18: =((((D18/100)*0.5+F18*0.5+G18*0.2+H18*0.8+I18*1+J18*3+K18*5+(D18/100)*0.3)*8+(L18*IF(O18="High",2,IF(O18="Medium",1,0.5)))*8+(M18*IF(P18="EC2 (Lift & Shift)",0.2,IF(P18="AWS QuickSight",1.5,IF(P18="Power BI",1,0.5))))*8+(10+(D18/100)*0.5)*8))*0.08+(((D18/100)*0.5+F18*0.5+G18*0.2+H18*0.8+I18*1+J18*3+K18*5+(D18/100)*0.3)*8+(D18/100)*0.3*8)+((L18*IF(O18="High",2,IF(O18="Medium",1,0.5)))*8)+((M18*IF(P18="EC2 (Lift & Shift)",0.2,IF(P18="AWS QuickSight",1.5,IF(P18="Power BI",1,0.5))))*8)+((10+(D18/100)*0.5)*8)+((((D18/100)*0.5+F18*0.5+G18*0.2+H18*0.8+I18*1+J18*3+K18*5+(D18/100)*0.3)*8+(L18*IF(O18="High",2,IF(O18="Medium",1,0.5)))*8+(M18*IF(P18="EC2 (Lift & Shift)",0.2,IF(P18="AWS QuickSight",1.5,IF(P18="Power BI",1,0.5))))*8+(10+(D18/100)*0.5)*8))*0.28+((((D18/100)*0.5+F18*0.5+G18*0.2+H18*0.8+I18*1+J18*3+K18*5+(D18/100)*0.3)*8+(L18*IF(O18="High",2,IF(O18="Medium",1,0.5)))*8+(M18*IF(P18="EC2 (Lift & Shift)",0.2,IF(P18="AWS QuickSight",1.5,IF(P18="Power BI",1,0.5))))*8+(10+(D18/100)*0.5)*8))*0.12 -> 1341.6064 | S18: =((((D18/100)*0.5+F18*0.5+G18*0.2+H18*0.8+I18*1+J18*3+K18*5+(D18/100)*0.3)*8+(L18*IF(O18="High",2,IF(O18="Medium",1,0.5)))*8+(M18*IF(P18="EC2 (Lift & Shift)",0.2,IF(P18="AWS QuickSight",1.5,IF(P18="Power BI",1,0.5))))*8+(10+(D18/100)*0.5)*8)*0.08)*(1-'📊 Dashboard'!C10/100)+((((D18/100)*0.5+F18*0.5+G18*0.2+H18*0.8+I18*1+J18*3+K18*5+(D18/100)*0.3)*8+(D18/100)*0.3*8))*(1-'📊 Dashboard'!C10/100)+((L18*IF(O18="High",2,IF(O18="Medium",1,0.5)))*8)*(1-'📊 Dashboard'!C11/100)+((M18*IF(P18="EC2 (Lift & Shift)",0.2,IF(P18="AWS QuickSight",1.5,IF(P18="Power BI",1,0.5))))*8)*(1-'📊 Dashboard'!C12/100)+((10+(D18/100)*0.5)*8)*(1-'📊 Dashboard'!C10/100)+((((D18/100)*0.5+F18*0.5+G18*0.2+H18*0.8+I18*1+J18*3+K18*5+(D18/100)*0.3)*8+(L18*IF(O18="High",2,IF(O18="Medium",1,0.5)))*8+(M18*IF(P18="EC2 (Lift & Shift)",0.2,IF(P18="AWS QuickSight",1.5,IF(P18="Power BI",1,0.5))))*8+(10+(D18/100)*0.5)*8)*0.28)*(1-'📊 Dashboard'!C13/100)+((((D18/100)*0.5+F18*0.5+G18*0.2+H18*0.8+I18*1+J18*3+K18*5+(D18/100)*0.3)*8+(L18*IF(O18="High",2,IF(O18="Medium",1,0.5)))*8+(M18*IF(P18="EC2 (Lift & Shift)",0.2,IF(P18="AWS QuickSight",1.5,IF(P18="Power BI",1,0.5))))*8+(10+(D18/100)*0.5)*8)*0.12)*(1-'📊 Dashboard'!C10/100) -> 972.95552 | T18: =S18*(1+'📊 Dashboard'!C14/100) -> 1118.8988 | U18: =(((D18/100)*0.5+F18*0.5+G18*0.2+H18*0.8+I18*1+J18*3+K18*5+(D18/100)*0.3)*8+(L18*IF(O18="High",2,IF(O18="Medium",1,0.5)))*8+(M18*IF(P18="EC2 (Lift & Shift)",0.2,IF(P18="AWS QuickSight",1.5,IF(P18="Power BI",1,0.5))))*8+(10+(D18/100)*0.5)*8)*0.08 -> 71.9744 | V18: =((D18/100)*0.5+F18*0.5+G18*0.2+H18*0.8+I18*1+J18*3+K18*5+(D18/100)*0.3)*8+(D18/100)*0.3*8 -> 662.56 | W18: =(L18*IF(O18="High",2,IF(O18="Medium",1,0.5)))*8 -> 128 | X18: =(M18*IF(P18="EC2 (Lift & Shift)",0.2,IF(P18="AWS QuickSight",1.5,IF(P18="Power BI",1,0.5))))*8 -> 22.4 | Y18: =(10+(D18/100)*0.5)*8 -> 96.8 | Z18: =(((D18/100)*0.5+F18*0.5+G18*0.2+H18*0.8+I18*1+J18*3+K18*5+(D18/100)*0.3)*8+(L18*IF(O18="High",2,IF(O18="Medium",1,0.5)))*8+(M18*IF(P18="EC2 (Lift & Shift)",0.2,IF(P18="AWS QuickSight",1.5,IF(P18="Power BI",1,0.5))))*8+(10+(D18/100)*0.5)*8)*0.28 -> 251.9104 | AA18: =(((D18/100)*0.5+F18*0.5+G18*0.2+H18*0.8+I18*1+J18*3+K18*5+(D18/100)*0.3)*8+(L18*IF(O18="High",2,IF(O18="Medium",1,0.5)))*8+(M18*IF(P18="EC2 (Lift & Shift)",0.2,IF(P18="AWS QuickSight",1.5,IF(P18="Power BI",1,0.5))))*8+(10+(D18/100)*0.5)*8)*0.12 -> 107.9616 | AB18: ='✏️ SME Input'!R18 -> 4 | AC18: =AB18*0.75 -> 3 | AD18: =AB18*0.75 -> 3 | AE18: =AB18*0.75 -> 3 | AF18: =AB18*2.25 -> 9 | AG18: =(((D18/100)*0.5+F18*0.5+G18*0.2+H18*0.8+I18*1+J18*3+K18*5+(D18/100)*0.3)*8)*0.4 -> 260.992 | AH18: =(((D18/100)*0.5+F18*0.5+G18*0.2+H18*0.8+I18*1+J18*3+K18*5+(D18/100)*0.3)*8)*0.4 -> 260.992 | AI18: =(((D18/100)*0.5+F18*0.5+G18*0.2+H18*0.8+I18*1+J18*3+K18*5+(D18/100)*0.3)*8)*0.2 -> 130.496 | AJ18: =((L18*IF(O18="High",2,IF(O18="Medium",1,0.5)))*8)*0.5 -> 64 | AK18: =((L18*IF(O18="High",2,IF(O18="Medium",1,0.5)))*8)*0.35 -> 44.8 | AL18: =((L18*IF(O18="High",2,IF(O18="Medium",1,0.5)))*8)*0.15 -> 19.2 | AM18: =AG18+AJ18+((M18*IF(P18="EC2 (Lift & Shift)",0.2,IF(P18="AWS QuickSight",1.5,IF(P18="Power BI",1,0.5))))*8)*0.4+((10+(D18/100)*0.5)*8)*0.4+AC18+((((D18/100)*0.5+F18*0.5+G18*0.2+H18*0.8+I18*1+J18*3+K18*5+(D18/100)*0.3)*8+(L18*IF(O18="High",2,IF(O18="Medium",1,0.5)))*8+(M18*IF(P18="EC2 (Lift & Shift)",0.2,IF(P18="AWS QuickSight",1.5,IF(P18="Power BI",1,0.5))))*8+(10+(D18/100)*0.5)*8))*0.28*0.4+((((D18/100)*0.5+F18*0.5+G18*0.2+H18*0.8+I18*1+J18*3+K18*5+(D18/100)*0.3)*8+(L18*IF(O18="High",2,IF(O18="Medium",1,0.5)))*8+(M18*IF(P18="EC2 (Lift & Shift)",0.2,IF(P18="AWS QuickSight",1.5,IF(P18="Power BI",1,0.5))))*8+(10+(D18/100)*0.5)*8))*0.12*0.4+((((D18/100)*0.5+F18*0.5+G18*0.2+H18*0.8+I18*1+J18*3+K18*5+(D18/100)*0.3)*8+(L18*IF(O18="High",2,IF(O18="Medium",1,0.5)))*8+(M18*IF(P18="EC2 (Lift & Shift)",0.2,IF(P18="AWS QuickSight",1.5,IF(P18="Power BI",1,0.5))))*8+(10+(D18/100)*0.5)*8))*0.08*0.4 -> 548.41056 | AN18: =AH18+AK18+((M18*IF(P18="EC2 (Lift & Shift)",0.2,IF(P18="AWS QuickSight",1.5,IF(P18="Power BI",1,0.5))))*8)*0.4+((10+(D18/100)*0.5)*8)*0.4+AD18+((((D18/100)*0.5+F18*0.5+G18*0.2+H18*0.8+I18*1+J18*3+K18*5+(D18/100)*0.3)*8+(L18*IF(O18="High",2,IF(O18="Medium",1,0.5)))*8+(M18*IF(P18="EC2 (Lift & Shift)",0.2,IF(P18="AWS QuickSight",1.5,IF(P18="Power BI",1,0.5))))*8+(10+(D18/100)*0.5)*8))*0.28*0.4+((((D18/100)*0.5+F18*0.5+G18*0.2+H18*0.8+I18*1+J18*3+K18*5+(D18/100)*0.3)*8+(L18*IF(O18="High",2,IF(O18="Medium",1,0.5)))*8+(M18*IF(P18="EC2 (Lift & Shift)",0.2,IF(P18="AWS QuickSight",1.5,IF(P18="Power BI",1,0.5))))*8+(10+(D18/100)*0.5)*8))*0.12*0.4+((((D18/100)*0.5+F18*0.5+G18*0.2+H18*0.8+I18*1+J18*3+K18*5+(D18/100)*0.3)*8+(L18*IF(O18="High",2,IF(O18="Medium",1,0.5)))*8+(M18*IF(P18="EC2 (Lift & Shift)",0.2,IF(P18="AWS QuickSight",1.5,IF(P18="Power BI",1,0.5))))*8+(10+(D18/100)*0.5)*8))*0.08*0.4 -> 529.21056 | AO18: =AI18+AL18+((M18*IF(P18="EC2 (Lift & Shift)",0.2,IF(P18="AWS QuickSight",1.5,IF(P18="Power BI",1,0.5))))*8)*0.2+((10+(D18/100)*0.5)*8)*0.2+AE18+((((D18/100)*0.5+F18*0.5+G18*0.2+H18*0.8+I18*1+J18*3+K18*5+(D18/100)*0.3)*8+(L18*IF(O18="High",2,IF(O18="Medium",1,0.5)))*8+(M18*IF(P18="EC2 (Lift & Shift)",0.2,IF(P18="AWS QuickSight",1.5,IF(P18="Power BI",1,0.5))))*8+(10+(D18/100)*0.5)*8))*0.28*0.2+((((D18/100)*0.5+F18*0.5+G18*0.2+H18*0.8+I18*1+J18*3+K18*5+(D18/100)*0.3)*8+(L18*IF(O18="High",2,IF(O18="Medium",1,0.5)))*8+(M18*IF(P18="EC2 (Lift & Shift)",0.2,IF(P18="AWS QuickSight",1.5,IF(P18="Power BI",1,0.5))))*8+(10+(D18/100)*0.5)*8))*0.12*0.2+((((D18/100)*0.5+F18*0.5+G18*0.2+H18*0.8+I18*1+J18*3+K18*5+(D18/100)*0.3)*8+(L18*IF(O18="High",2,IF(O18="Medium",1,0.5)))*8+(M18*IF(P18="EC2 (Lift & Shift)",0.2,IF(P18="AWS QuickSight",1.5,IF(P18="Power BI",1,0.5))))*8+(10+(D18/100)*0.5)*8))*0.08*0.2 -> 262.90528 | AP18: ='✏️ SME Input'!S18 -> 4 | AQ18: ='✏️ SME Input'!T18 -> 0 | AR18: ='✏️ SME Input'!U18 -> Transactional
B19: ='✏️ SME Input'!B19 -> Roaming Settlement | C19: =IF(D19>1000,"T3 Complex",IF(D19>500,"T2 Moderate","T1 Simple")) -> T1 Simple | D19: ='✏️ SME Input'!D19 -> 390 | E19: ='✏️ SME Input'!E19 -> 100 | F19: ='✏️ SME Input'!F19 -> 72 | G19: ='✏️ SME Input'!G19 -> 38 | H19: ='✏️ SME Input'!H19 -> 8 | I19: ='✏️ SME Input'!I19 -> 6 | J19: ='✏️ SME Input'!J19 -> 1 | K19: ='✏️ SME Input'!K19 -> 3 | ... P19: ='✏️ SME Input'!P19 -> EC2 (Lift & Shift) | Q19: ='✏️ SME Input'!C19 -> Wave 2 | R19: =((((D19/100)*0.5+F19*0.5+G19*0.2+H19*0.8+I19*1+J19*3+K19*5+(D19/100)*0.3)*8+(L19*IF(O19="High",2,IF(O19="Medium",1,0.5)))*8+(M19*IF(P19="EC2 (Lift & Shift)",0.2,IF(P19="AWS QuickSight",1.5,IF(P19="Power BI",1,0.5))))*8+(10+(D19/100)*0.5)*8))*0.08+(((D19/100)*0.5+F19*0.5+G19*0.2+H19*0.8+I19*1+J19*3+K19*5+(D19/100)*0.3)*8+(D19/100)*0.3*8)+((L19*IF(O19="High",2,IF(O19="Medium",1,0.5)))*8)+((M19*IF(P19="EC2 (Lift & Shift)",0.2,IF(P19="AWS QuickSight",1.5,IF(P19="Power BI",1,0.5))))*8)+((10+(D19/100)*0.5)*8)+((((D19/100)*0.5+F19*0.5+G19*0.2+H19*0.8+I19*1+J19*3+K19*5+(D19/100)*0.3)*8+(L19*IF(O19="High",2,IF(O19="Medium",1,0.5)))*8+(M19*IF(P19="EC2 (Lift & Shift)",0.2,IF(P19="AWS QuickSight",1.5,IF(P19="Power BI",1,0.5))))*8+(10+(D19/100)*0.5)*8))*0.28+((((D19/100)*0.5+F19*0.5+G19*0.2+H19*0.8+I19*1+J19*3+K19*5+(D19/100)*0.3)*8+(L19*IF(O19="High",2,IF(O19="Medium",1,0.5)))*8+(M19*IF(P19="EC2 (Lift & Shift)",0.2,IF(P19="AWS QuickSight",1.5,IF(P19="Power BI",1,0.5))))*8+(10+(D19/100)*0.5)*8))*0.12 -> 1258.1248 | S19: =((((D19/100)*0.5+F19*0.5+G19*0.2+H19*0.8+I19*1+J19*3+K19*5+(D19/100)*0.3)*8+(L19*IF(O19="High",2,IF(O19="Medium",1,0.5)))*8+(M19*IF(P19="EC2 (Lift & Shift)",0.2,IF(P19="AWS QuickSight",1.5,IF(P19="Power BI",1,0.5))))*8+(10+(D19/100)*0.5)*8)*0.08)*(1-'📊 Dashboard'!C10/100)+((((D19/100)*0.5+F19*0.5+G19*0.2+H19*0.8+I19*1+J19*3+K19*5+(D19/100)*0.3)*8+(D19/100)*0.3*8))*(1-'📊 Dashboard'!C10/100)+((L19*IF(O19="High",2,IF(O19="Medium",1,0.5)))*8)*(1-'📊 Dashboard'!C11/100)+((M19*IF(P19="EC2 (Lift & Shift)",0.2,IF(P19="AWS QuickSight",1.5,IF(P19="Power BI",1,0.5))))*8)*(1-'📊 Dashboard'!C12/100)+((10+(D19/100)*0.5)*8)*(1-'📊 Dashboard'!C10/100)+((((D19/100)*0.5+F19*0.5+G19*0.2+H19*0.8+I19*1+J19*3+K19*5+(D19/100)*0.3)*8+(L19*IF(O19="High",2,IF(O19="Medium",1,0.5)))*8+(M19*IF(P19="EC2 (Lift & Shift)",0.2,IF(P19="AWS QuickSight",1.5,IF(P19="Power BI",1,0.5))))*8+(10+(D19/100)*0.5)*8)*0.28)*(1-'📊 Dashboard'!C13/100)+((((D19/100)*0.5+F19*0.5+G19*0.2+H19*0.8+I19*1+J19*3+K19*5+(D19/100)*0.3)*8+(L19*IF(O19="High",2,IF(O19="Medium",1,0.5)))*8+(M19*IF(P19="EC2 (Lift & Shift)",0.2,IF(P19="AWS QuickSight",1.5,IF(P19="Power BI",1,0.5))))*8+(10+(D19/100)*0.5)*8)*0.12)*(1-'📊 Dashboard'!C10/100) -> 911.83264 | T19: =S19*(1+'📊 Dashboard'!C14/100) -> 1048.6075 | U19: =(((D19/100)*0.5+F19*0.5+G19*0.2+H19*0.8+I19*1+J19*3+K19*5+(D19/100)*0.3)*8+(L19*IF(O19="High",2,IF(O19="Medium",1,0.5)))*8+(M19*IF(P19="EC2 (Lift & Shift)",0.2,IF(P19="AWS QuickSight",1.5,IF(P19="Power BI",1,0.5))))*8+(10+(D19/100)*0.5)*8)*0.08 -> 67.5008 | V19: =((D19/100)*0.5+F19*0.5+G19*0.2+H19*0.8+I19*1+J19*3+K19*5+(D19/100)*0.3)*8+(D19/100)*0.3*8 -> 626.32 | W19: =(L19*IF(O19="High",2,IF(O19="Medium",1,0.5)))*8 -> 112 | X19: =(M19*IF(P19="EC2 (Lift & Shift)",0.2,IF(P19="AWS QuickSight",1.5,IF(P19="Power BI",1,0.5))))*8 -> 19.2 | Y19: =(10+(D19/100)*0.5)*8 -> 95.6 | Z19: =(((D19/100)*0.5+F19*0.5+G19*0.2+H19*0.8+I19*1+J19*3+K19*5+(D19/100)*0.3)*8+(L19*IF(O19="High",2,IF(O19="Medium",1,0.5)))*8+(M19*IF(P19="EC2 (Lift & Shift)",0.2,IF(P19="AWS QuickSight",1.5,IF(P19="Power BI",1,0.5))))*8+(10+(D19/100)*0.5)*8)*0.28 -> 236.2528 | AA19: =(((D19/100)*0.5+F19*0.5+G19*0.2+H19*0.8+I19*1+J19*3+K19*5+(D19/100)*0.3)*8+(L19*IF(O19="High",2,IF(O19="Medium",1,0.5)))*8+(M19*IF(P19="EC2 (Lift & Shift)",0.2,IF(P19="AWS QuickSight",1.5,IF(P19="Power BI",1,0.5))))*8+(10+(D19/100)*0.5)*8)*0.12 -> 101.2512 | AB19: ='✏️ SME Input'!R19 -> 5 | AC19: =AB19*0.75 -> 3.75 | AD19: =AB19*0.75 -> 3.75 | AE19: =AB19*0.75 -> 3.75 | AF19: =AB19*2.25 -> 11.25 | AG19: =(((D19/100)*0.5+F19*0.5+G19*0.2+H19*0.8+I19*1+J19*3+K19*5+(D19/100)*0.3)*8)*0.4 -> 246.784 | AH19: =(((D19/100)*0.5+F19*0.5+G19*0.2+H19*0.8+I19*1+J19*3+K19*5+(D19/100)*0.3)*8)*0.4 -> 246.784 | AI19: =(((D19/100)*0.5+F19*0.5+G19*0.2+H19*0.8+I19*1+J19*3+K19*5+(D19/100)*0.3)*8)*0.2 -> 123.392 | AJ19: =((L19*IF(O19="High",2,IF(O19="Medium",1,0.5)))*8)*0.5 -> 56 | AK19: =((L19*IF(O19="High",2,IF(O19="Medium",1,0.5)))*8)*0.35 -> 39.2 | AL19: =((L19*IF(O19="High",2,IF(O19="Medium",1,0.5)))*8)*0.15 -> 16.8 | AM19: =AG19+AJ19+((M19*IF(P19="EC2 (Lift & Shift)",0.2,IF(P19="AWS QuickSight",1.5,IF(P19="Power BI",1,0.5))))*8)*0.4+((10+(D19/100)*0.5)*8)*0.4+AC19+((((D19/100)*0.5+F19*0.5+G19*0.2+H19*0.8+I19*1+J19*3+K19*5+(D19/100)*0.3)*8+(L19*IF(O19="High",2,IF(O19="Medium",1,0.5)))*8+(M19*IF(P19="EC2 (Lift & Shift)",0.2,IF(P19="AWS QuickSight",1.5,IF(P19="Power BI",1,0.5))))*8+(10+(D19/100)*0.5)*8))*0.28*0.4+((((D19/100)*0.5+F19*0.5+G19*0.2+H19*0.8+I19*1+J19*3+K19*5+(D19/100)*0.3)*8+(L19*IF(O19="High",2,IF(O19="Medium",1,0.5)))*8+(M19*IF(P19="EC2 (Lift & Shift)",0.2,IF(P19="AWS QuickSight",1.5,IF(P19="Power BI",1,0.5))))*8+(10+(D19/100)*0.5)*8))*0.12*0.4+((((D19/100)*0.5+F19*0.5+G19*0.2+H19*0.8+I19*1+J19*3+K19*5+(D19/100)*0.3)*8+(L19*IF(O19="High",2,IF(O19="Medium",1,0.5)))*8+(M19*IF(P19="EC2 (Lift & Shift)",0.2,IF(P19="AWS QuickSight",1.5,IF(P19="Power BI",1,0.5))))*8+(10+(D19/100)*0.5)*8))*0.08*0.4 -> 514.45592 | AN19: =AH19+AK19+((M19*IF(P19="EC2 (Lift & Shift)",0.2,IF(P19="AWS QuickSight",1.5,IF(P19="Power BI",1,0.5))))*8)*0.4+((10+(D19/100)*0.5)*8)*0.4+AD19+((((D19/100)*0.5+F19*0.5+G19*0.2+H19*0.8+I19*1+J19*3+K19*5+(D19/100)*0.3)*8+(L19*IF(O19="High",2,IF(O19="Medium",1,0.5)))*8+(M19*IF(P19="EC2 (Lift & Shift)",0.2,IF(P19="AWS QuickSight",1.5,IF(P19="Power BI",1,0.5))))*8+(10+(D19/100)*0.5)*8))*0.28*0.4+((((D19/100)*0.5+F19*0.5+G19*0.2+H19*0.8+I19*1+J19*3+K19*5+(D19/100)*0.3)*8+(L19*IF(O19="High",2,IF(O19="Medium",1,0.5)))*8+(M19*IF(P19="EC2 (Lift & Shift)",0.2,IF(P19="AWS QuickSight",1.5,IF(P19="Power BI",1,0.5))))*8+(10+(D19/100)*0.5)*8))*0.12*0.4+((((D19/100)*0.5+F19*0.5+G19*0.2+H19*0.8+I19*1+J19*3+K19*5+(D19/100)*0.3)*8+(L19*IF(O19="High",2,IF(O19="Medium",1,0.5)))*8+(M19*IF(P19="EC2 (Lift & Shift)",0.2,IF(P19="AWS QuickSight",1.5,IF(P19="Power BI",1,0.5))))*8+(10+(D19/100)*0.5)*8))*0.08*0.4 -> 497.65592 | AO19: =AI19+AL19+((M19*IF(P19="EC2 (Lift & Shift)",0.2,IF(P19="AWS QuickSight",1.5,IF(P19="Power BI",1,0.5))))*8)*0.2+((10+(D19/100)*0.5)*8)*0.2+AE19+((((D19/100)*0.5+F19*0.5+G19*0.2+H19*0.8+I19*1+J19*3+K19*5+(D19/100)*0.3)*8+(L19*IF(O19="High",2,IF(O19="Medium",1,0.5)))*8+(M19*IF(P19="EC2 (Lift & Shift)",0.2,IF(P19="AWS QuickSight",1.5,IF(P19="Power BI",1,0.5))))*8+(10+(D19/100)*0.5)*8))*0.28*0.2+((((D19/100)*0.5+F19*0.5+G19*0.2+H19*0.8+I19*1+J19*3+K19*5+(D19/100)*0.3)*8+(L19*IF(O19="High",2,IF(O19="Medium",1,0.5)))*8+(M19*IF(P19="EC2 (Lift & Shift)",0.2,IF(P19="AWS QuickSight",1.5,IF(P19="Power BI",1,0.5))))*8+(10+(D19/100)*0.5)*8))*0.12*0.2+((((D19/100)*0.5+F19*0.5+G19*0.2+H19*0.8+I19*1+J19*3+K19*5+(D19/100)*0.3)*8+(L19*IF(O19="High",2,IF(O19="Medium",1,0.5)))*8+(M19*IF(P19="EC2 (Lift & Shift)",0.2,IF(P19="AWS QuickSight",1.5,IF(P19="Power BI",1,0.5))))*8+(10+(D19/100)*0.5)*8))*0.08*0.2 -> 247.90296 | AP19: ='✏️ SME Input'!S19 -> 3 | AQ19: ='✏️ SME Input'!T19 -> 0 | AR19: ='✏️ SME Input'!U19 -> Transactional
B20: ='✏️ SME Input'!B20 -> Dunning & Collections | C20: =IF(D20>1000,"T3 Complex",IF(D20>500,"T2 Moderate","T1 Simple")) -> T1 Simple | D20: ='✏️ SME Input'!D20 -> 250 | E20: ='✏️ SME Input'!E20 -> 85 | F20: ='✏️ SME Input'!F20 -> 58 | G20: ='✏️ SME Input'!G20 -> 32 | H20: ='✏️ SME Input'!H20 -> 7 | I20: ='✏️ SME Input'!I20 -> 5 | J20: ='✏️ SME Input'!J20 -> 0 | K20: ='✏️ SME Input'!K20 -> 1 | ... P20: ='✏️ SME Input'!P20 -> Power BI | Q20: ='✏️ SME Input'!C20 -> Wave 1 | R20: =((((D20/100)*0.5+F20*0.5+G20*0.2+H20*0.8+I20*1+J20*3+K20*5+(D20/100)*0.3)*8+(L20*IF(O20="High",2,IF(O20="Medium",1,0.5)))*8+(M20*IF(P20="EC2 (Lift & Shift)",0.2,IF(P20="AWS QuickSight",1.5,IF(P20="Power BI",1,0.5))))*8+(10+(D20/100)*0.5)*8))*0.08+(((D20/100)*0.5+F20*0.5+G20*0.2+H20*0.8+I20*1+J20*3+K20*5+(D20/100)*0.3)*8+(D20/100)*0.3*8)+((L20*IF(O20="High",2,IF(O20="Medium",1,0.5)))*8)+((M20*IF(P20="EC2 (Lift & Shift)",0.2,IF(P20="AWS QuickSight",1.5,IF(P20="Power BI",1,0.5))))*8)+((10+(D20/100)*0.5)*8)+((((D20/100)*0.5+F20*0.5+G20*0.2+H20*0.8+I20*1+J20*3+K20*5+(D20/100)*0.3)*8+(L20*IF(O20="High",2,IF(O20="Medium",1,0.5)))*8+(M20*IF(P20="EC2 (Lift & Shift)",0.2,IF(P20="AWS QuickSight",1.5,IF(P20="Power BI",1,0.5))))*8+(10+(D20/100)*0.5)*8))*0.28+((((D20/100)*0.5+F20*0.5+G20*0.2+H20*0.8+I20*1+J20*3+K20*5+(D20/100)*0.3)*8+(L20*IF(O20="High",2,IF(O20="Medium",1,0.5)))*8+(M20*IF(P20="EC2 (Lift & Shift)",0.2,IF(P20="AWS QuickSight",1.5,IF(P20="Power BI",1,0.5))))*8+(10+(D20/100)*0.5)*8))*0.12 -> 1062.72 | S20: =((((D20/100)*0.5+F20*0.5+G20*0.2+H20*0.8+I20*1+J20*3+K20*5+(D20/100)*0.3)*8+(L20*IF(O20="High",2,IF(O20="Medium",1,0.5)))*8+(M20*IF(P20="EC2 (Lift & Shift)",0.2,IF(P20="AWS QuickSight",1.5,IF(P20="Power BI",1,0.5))))*8+(10+(D20/100)*0.5)*8)*0.08)*(1-'📊 Dashboard'!C10/100)+((((D20/100)*0.5+F20*0.5+G20*0.2+H20*0.8+I20*1+J20*3+K20*5+(D20/100)*0.3)*8+(D20/100)*0.3*8))*(1-'📊 Dashboard'!C10/100)+((L20*IF(O20="High",2,IF(O20="Medium",1,0.5)))*8)*(1-'📊 Dashboard'!C11/100)+((M20*IF(P20="EC2 (Lift & Shift)",0.2,IF(P20="AWS QuickSight",1.5,IF(P20="Power BI",1,0.5))))*8)*(1-'📊 Dashboard'!C12/100)+((10+(D20/100)*0.5)*8)*(1-'📊 Dashboard'!C10/100)+((((D20/100)*0.5+F20*0.5+G20*0.2+H20*0.8+I20*1+J20*3+K20*5+(D20/100)*0.3)*8+(L20*IF(O20="High",2,IF(O20="Medium",1,0.5)))*8+(M20*IF(P20="EC2 (Lift & Shift)",0.2,IF(P20="AWS QuickSight",1.5,IF(P20="Power BI",1,0.5))))*8+(10+(D20/100)*0.5)*8)*0.28)*(1-'📊 Dashboard'!C13/100)+((((D20/100)*0.5+F20*0.5+G20*0.2+H20*0.8+I20*1+J20*3+K20*5+(D20/100)*0.3)*8+(L20*IF(O20="High",2,IF(O20="Medium",1,0.5)))*8+(M20*IF(P20="EC2 (Lift & Shift)",0.2,IF(P20="AWS QuickSight",1.5,IF(P20="Power BI",1,0.5))))*8+(10+(D20/100)*0.5)*8)*0.12)*(1-'📊 Dashboard'!C10/100) -> 779.896 | T20: =S20*(1+'📊 Dashboard'!C14/100) -> 896.8804 | U20: =(((D20/100)*0.5+F20*0.5+G20*0.2+H20*0.8+I20*1+J20*3+K20*5+(D20/100)*0.3)*8+(L20*IF(O20="High",2,IF(O20="Medium",1,0.5)))*8+(M20*IF(P20="EC2 (Lift & Shift)",0.2,IF(P20="AWS QuickSight",1.5,IF(P20="Power BI",1,0.5))))*8+(10+(D20/100)*0.5)*8)*0.08 -> 57.12 | V20: =((D20/100)*0.5+F20*0.5+G20*0.2+H20*0.8+I20*1+J20*3+K20*5+(D20/100)*0.3)*8+(D20/100)*0.3*8 -> 430 | W20: =(L20*IF(O20="High",2,IF(O20="Medium",1,0.5)))*8 -> 80 | X20: =(M20*IF(P20="EC2 (Lift & Shift)",0.2,IF(P20="AWS QuickSight",1.5,IF(P20="Power BI",1,0.5))))*8 -> 120 | Y20: =(10+(D20/100)*0.5)*8 -> 90 | Z20: =(((D20/100)*0.5+F20*0.5+G20*0.2+H20*0.8+I20*1+J20*3+K20*5+(D20/100)*0.3)*8+(L20*IF(O20="High",2,IF(O20="Medium",1,0.5)))*8+(M20*IF(P20="EC2 (Lift & Shift)",0.2,IF(P20="AWS QuickSight",1.5,IF(P20="Power BI",1,0.5))))*8+(10+(D20/100)*0.5)*8)*0.28 -> 199.92 | AA20: =(((D20/100)*0.5+F20*0.5+G20*0.2+H20*0.8+I20*1+J20*3+K20*5+(D20/100)*0.3)*8+(L20*IF(O20="High",2,IF(O20="Medium",1,0.5)))*8+(M20*IF(P20="EC2 (Lift & Shift)",0.2,IF(P20="AWS QuickSight",1.5,IF(P20="Power BI",1,0.5))))*8+(10+(D20/100)*0.5)*8)*0.12 -> 85.68 | AB20: ='✏️ SME Input'!R20 -> 2 | AC20: =AB20*0.75 -> 1.5 | AD20: =AB20*0.75 -> 1.5 | AE20: =AB20*0.75 -> 1.5 | AF20: =AB20*2.25 -> 4.5 | AG20: =(((D20/100)*0.5+F20*0.5+G20*0.2+H20*0.8+I20*1+J20*3+K20*5+(D20/100)*0.3)*8)*0.4 -> 169.6 | AH20: =(((D20/100)*0.5+F20*0.5+G20*0.2+H20*0.8+I20*1+J20*3+K20*5+(D20/100)*0.3)*8)*0.4 -> 169.6 | AI20: =(((D20/100)*0.5+F20*0.5+G20*0.2+H20*0.8+I20*1+J20*3+K20*5+(D20/100)*0.3)*8)*0.2 -> 84.8 | AJ20: =((L20*IF(O20="High",2,IF(O20="Medium",1,0.5)))*8)*0.5 -> 40 | AK20: =((L20*IF(O20="High",2,IF(O20="Medium",1,0.5)))*8)*0.35 -> 28 | AL20: =((L20*IF(O20="High",2,IF(O20="Medium",1,0.5)))*8)*0.15 -> 12 | AM20: =AG20+AJ20+((M20*IF(P20="EC2 (Lift & Shift)",0.2,IF(P20="AWS QuickSight",1.5,IF(P20="Power BI",1,0.5))))*8)*0.4+((10+(D20/100)*0.5)*8)*0.4+AC20+((((D20/100)*0.5+F20*0.5+G20*0.2+H20*0.8+I20*1+J20*3+K20*5+(D20/100)*0.3)*8+(L20*IF(O20="High",2,IF(O20="Medium",1,0.5)))*8+(M20*IF(P20="EC2 (Lift & Shift)",0.2,IF(P20="AWS QuickSight",1.5,IF(P20="Power BI",1,0.5))))*8+(10+(D20/100)*0.5)*8))*0.28*0.4+((((D20/100)*0.5+F20*0.5+G20*0.2+H20*0.8+I20*1+J20*3+K20*5+(D20/100)*0.3)*8+(L20*IF(O20="High",2,IF(O20="Medium",1,0.5)))*8+(M20*IF(P20="EC2 (Lift & Shift)",0.2,IF(P20="AWS QuickSight",1.5,IF(P20="Power BI",1,0.5))))*8+(10+(D20/100)*0.5)*8))*0.12*0.4+((((D20/100)*0.5+F20*0.5+G20*0.2+H20*0.8+I20*1+J20*3+K20*5+(D20/100)*0.3)*8+(L20*IF(O20="High",2,IF(O20="Medium",1,0.5)))*8+(M20*IF(P20="EC2 (Lift & Shift)",0.2,IF(P20="AWS QuickSight",1.5,IF(P20="Power BI",1,0.5))))*8+(10+(D20/100)*0.5)*8))*0.08*0.4 -> 432.188 | AN20: =AH20+AK20+((M20*IF(P20="EC2 (Lift & Shift)",0.2,IF(P20="AWS QuickSight",1.5,IF(P20="Power BI",1,0.5))))*8)*0.4+((10+(D20/100)*0.5)*8)*0.4+AD20+((((D20/100)*0.5+F20*0.5+G20*0.2+H20*0.8+I20*1+J20*3+K20*5+(D20/100)*0.3)*8+(L20*IF(O20="High",2,IF(O20="Medium",1,0.5)))*8+(M20*IF(P20="EC2 (Lift & Shift)",0.2,IF(P20="AWS QuickSight",1.5,IF(P20="Power BI",1,0.5))))*8+(10+(D20/100)*0.5)*8))*0.28*0.4+((((D20/100)*0.5+F20*0.5+G20*0.2+H20*0.8+I20*1+J20*3+K20*5+(D20/100)*0.3)*8+(L20*IF(O20="High",2,IF(O20="Medium",1,0.5)))*8+(M20*IF(P20="EC2 (Lift & Shift)",0.2,IF(P20="AWS QuickSight",1.5,IF(P20="Power BI",1,0.5))))*8+(10+(D20/100)*0.5)*8))*0.12*0.4+((((D20/100)*0.5+F20*0.5+G20*0.2+H20*0.8+I20*1+J20*3+K20*5+(D20/100)*0.3)*8+(L20*IF(O20="High",2,IF(O20="Medium",1,0.5)))*8+(M20*IF(P20="EC2 (Lift & Shift)",0.2,IF(P20="AWS QuickSight",1.5,IF(P20="Power BI",1,0.5))))*8+(10+(D20/100)*0.5)*8))*0.08*0.4 -> 420.188 | AO20: =AI20+AL20+((M20*IF(P20="EC2 (Lift & Shift)",0.2,IF(P20="AWS QuickSight",1.5,IF(P20="Power BI",1,0.5))))*8)*0.2+((10+(D20/100)*0.5)*8)*0.2+AE20+((((D20/100)*0.5+F20*0.5+G20*0.2+H20*0.8+I20*1+J20*3+K20*5+(D20/100)*0.3)*8+(L20*IF(O20="High",2,IF(O20="Medium",1,0.5)))*8+(M20*IF(P20="EC2 (Lift & Shift)",0.2,IF(P20="AWS QuickSight",1.5,IF(P20="Power BI",1,0.5))))*8+(10+(D20/100)*0.5)*8))*0.28*0.2+((((D20/100)*0.5+F20*0.5+G20*0.2+H20*0.8+I20*1+J20*3+K20*5+(D20/100)*0.3)*8+(L20*IF(O20="High",2,IF(O20="Medium",1,0.5)))*8+(M20*IF(P20="EC2 (Lift & Shift)",0.2,IF(P20="AWS QuickSight",1.5,IF(P20="Power BI",1,0.5))))*8+(10+(D20/100)*0.5)*8))*0.12*0.2+((((D20/100)*0.5+F20*0.5+G20*0.2+H20*0.8+I20*1+J20*3+K20*5+(D20/100)*0.3)*8+(L20*IF(O20="High",2,IF(O20="Medium",1,0.5)))*8+(M20*IF(P20="EC2 (Lift & Shift)",0.2,IF(P20="AWS QuickSight",1.5,IF(P20="Power BI",1,0.5))))*8+(10+(D20/100)*0.5)*8))*0.08*0.2 -> 208.844 | AP20: ='✏️ SME Input'!S20 -> 2 | AQ20: ='✏️ SME Input'!T20 -> 0 | AR20: ='✏️ SME Input'!U20 -> None
B21: ='✏️ SME Input'!B21 -> Tax & Compliance DB | C21: =IF(D21>1000,"T3 Complex",IF(D21>500,"T2 Moderate","T1 Simple")) -> T1 Simple | D21: ='✏️ SME Input'!D21 -> 310 | E21: ='✏️ SME Input'!E21 -> 90 | F21: ='✏️ SME Input'!F21 -> 68 | G21: ='✏️ SME Input'!G21 -> 36 | H21: ='✏️ SME Input'!H21 -> 8 | I21: ='✏️ SME Input'!I21 -> 7 | J21: ='✏️ SME Input'!J21 -> 1 | K21: ='✏️ SME Input'!K21 -> 0 | ... P21: ='✏️ SME Input'!P21 -> EC2 (Lift & Shift) | Q21: ='✏️ SME Input'!C21 -> Wave 2 | R21: =((((D21/100)*0.5+F21*0.5+G21*0.2+H21*0.8+I21*1+J21*3+K21*5+(D21/100)*0.3)*8+(L21*IF(O21="High",2,IF(O21="Medium",1,0.5)))*8+(M21*IF(P21="EC2 (Lift & Shift)",0.2,IF(P21="AWS QuickSight",1.5,IF(P21="Power BI",1,0.5))))*8+(10+(D21/100)*0.5)*8))*0.08+(((D21/100)*0.5+F21*0.5+G21*0.2+H21*0.8+I21*1+J21*3+K21*5+(D21/100)*0.3)*8+(D21/100)*0.3*8)+((L21*IF(O21="High",2,IF(O21="Medium",1,0.5)))*8)+((M21*IF(P21="EC2 (Lift & Shift)",0.2,IF(P21="AWS QuickSight",1.5,IF(P21="Power BI",1,0.5))))*8)+((10+(D21/100)*0.5)*8)+((((D21/100)*0.5+F21*0.5+G21*0.2+H21*0.8+I21*1+J21*3+K21*5+(D21/100)*0.3)*8+(L21*IF(O21="High",2,IF(O21="Medium",1,0.5)))*8+(M21*IF(P21="EC2 (Lift & Shift)",0.2,IF(P21="AWS QuickSight",1.5,IF(P21="Power BI",1,0.5))))*8+(10+(D21/100)*0.5)*8))*0.28+((((D21/100)*0.5+F21*0.5+G21*0.2+H21*0.8+I21*1+J21*3+K21*5+(D21/100)*0.3)*8+(L21*IF(O21="High",2,IF(O21="Medium",1,0.5)))*8+(M21*IF(P21="EC2 (Lift & Shift)",0.2,IF(P21="AWS QuickSight",1.5,IF(P21="Power BI",1,0.5))))*8+(10+(D21/100)*0.5)*8))*0.12 -> 1056.8192 | S21: =((((D21/100)*0.5+F21*0.5+G21*0.2+H21*0.8+I21*1+J21*3+K21*5+(D21/100)*0.3)*8+(L21*IF(O21="High",2,IF(O21="Medium",1,0.5)))*8+(M21*IF(P21="EC2 (Lift & Shift)",0.2,IF(P21="AWS QuickSight",1.5,IF(P21="Power BI",1,0.5))))*8+(10+(D21/100)*0.5)*8)*0.08)*(1-'📊 Dashboard'!C10/100)+((((D21/100)*0.5+F21*0.5+G21*0.2+H21*0.8+I21*1+J21*3+K21*5+(D21/100)*0.3)*8+(D21/100)*0.3*8))*(1-'📊 Dashboard'!C10/100)+((L21*IF(O21="High",2,IF(O21="Medium",1,0.5)))*8)*(1-'📊 Dashboard'!C11/100)+((M21*IF(P21="EC2 (Lift & Shift)",0.2,IF(P21="AWS QuickSight",1.5,IF(P21="Power BI",1,0.5))))*8)*(1-'📊 Dashboard'!C12/100)+((10+(D21/100)*0.5)*8)*(1-'📊 Dashboard'!C10/100)+((((D21/100)*0.5+F21*0.5+G21*0.2+H21*0.8+I21*1+J21*3+K21*5+(D21/100)*0.3)*8+(L21*IF(O21="High",2,IF(O21="Medium",1,0.5)))*8+(M21*IF(P21="EC2 (Lift & Shift)",0.2,IF(P21="AWS QuickSight",1.5,IF(P21="Power BI",1,0.5))))*8+(10+(D21/100)*0.5)*8)*0.28)*(1-'📊 Dashboard'!C13/100)+((((D21/100)*0.5+F21*0.5+G21*0.2+H21*0.8+I21*1+J21*3+K21*5+(D21/100)*0.3)*8+(L21*IF(O21="High",2,IF(O21="Medium",1,0.5)))*8+(M21*IF(P21="EC2 (Lift & Shift)",0.2,IF(P21="AWS QuickSight",1.5,IF(P21="Power BI",1,0.5))))*8+(10+(D21/100)*0.5)*8)*0.12)*(1-'📊 Dashboard'!C10/100) -> 768.42656 | T21: =S21*(1+'📊 Dashboard'!C14/100) -> 883.69054 | U21: =(((D21/100)*0.5+F21*0.5+G21*0.2+H21*0.8+I21*1+J21*3+K21*5+(D21/100)*0.3)*8+(L21*IF(O21="High",2,IF(O21="Medium",1,0.5)))*8+(M21*IF(P21="EC2 (Lift & Shift)",0.2,IF(P21="AWS QuickSight",1.5,IF(P21="Power BI",1,0.5))))*8+(10+(D21/100)*0.5)*8)*0.08 -> 56.7232 | V21: =((D21/100)*0.5+F21*0.5+G21*0.2+H21*0.8+I21*1+J21*3+K21*5+(D21/100)*0.3)*8+(D21/100)*0.3*8 -> 488.08 | W21: =(L21*IF(O21="High",2,IF(O21="Medium",1,0.5)))*8 -> 96 | X21: =(M21*IF(P21="EC2 (Lift & Shift)",0.2,IF(P21="AWS QuickSight",1.5,IF(P21="Power BI",1,0.5))))*8 -> 40 | Y21: =(10+(D21/100)*0.5)*8 -> 92.4 | Z21: =(((D21/100)*0.5+F21*0.5+G21*0.2+H21*0.8+I21*1+J21*3+K21*5+(D21/100)*0.3)*8+(L21*IF(O21="High",2,IF(O21="Medium",1,0.5)))*8+(M21*IF(P21="EC2 (Lift & Shift)",0.2,IF(P21="AWS QuickSight",1.5,IF(P21="Power BI",1,0.5))))*8+(10+(D21/100)*0.5)*8)*0.28 -> 198.5312 | AA21: =(((D21/100)*0.5+F21*0.5+G21*0.2+H21*0.8+I21*1+J21*3+K21*5+(D21/100)*0.3)*8+(L21*IF(O21="High",2,IF(O21="Medium",1,0.5)))*8+(M21*IF(P21="EC2 (Lift & Shift)",0.2,IF(P21="AWS QuickSight",1.5,IF(P21="Power BI",1,0.5))))*8+(10+(D21/100)*0.5)*8)*0.12 -> 85.0848 | AB21: ='✏️ SME Input'!R21 -> 3 | AC21: =AB21*0.75 -> 2.25 | AD21: =AB21*0.75 -> 2.25 | AE21: =AB21*0.75 -> 2.25 | AF21: =AB21*2.25 -> 6.75 | AG21: =(((D21/100)*0.5+F21*0.5+G21*0.2+H21*0.8+I21*1+J21*3+K21*5+(D21/100)*0.3)*8)*0.4 -> 192.256 | AH21: =(((D21/100)*0.5+F21*0.5+G21*0.2+H21*0.8+I21*1+J21*3+K21*5+(D21/100)*0.3)*8)*0.4 -> 192.256 | AI21: =(((D21/100)*0.5+F21*0.5+G21*0.2+H21*0.8+I21*1+J21*3+K21*5+(D21/100)*0.3)*8)*0.2 -> 96.128 | AJ21: =((L21*IF(O21="High",2,IF(O21="Medium",1,0.5)))*8)*0.5 -> 48 | AK21: =((L21*IF(O21="High",2,IF(O21="Medium",1,0.5)))*8)*0.35 -> 33.6 | AL21: =((L21*IF(O21="High",2,IF(O21="Medium",1,0.5)))*8)*0.15 -> 14.4 | AM21: =AG21+AJ21+((M21*IF(P21="EC2 (Lift & Shift)",0.2,IF(P21="AWS QuickSight",1.5,IF(P21="Power BI",1,0.5))))*8)*0.4+((10+(D21/100)*0.5)*8)*0.4+AC21+((((D21/100)*0.5+F21*0.5+G21*0.2+H21*0.8+I21*1+J21*3+K21*5+(D21/100)*0.3)*8+(L21*IF(O21="High",2,IF(O21="Medium",1,0.5)))*8+(M21*IF(P21="EC2 (Lift & Shift)",0.2,IF(P21="AWS QuickSight",1.5,IF(P21="Power BI",1,0.5))))*8+(10+(D21/100)*0.5)*8))*0.28*0.4+((((D21/100)*0.5+F21*0.5+G21*0.2+H21*0.8+I21*1+J21*3+K21*5+(D21/100)*0.3)*8+(L21*IF(O21="High",2,IF(O21="Medium",1,0.5)))*8+(M21*IF(P21="EC2 (Lift & Shift)",0.2,IF(P21="AWS QuickSight",1.5,IF(P21="Power BI",1,0.5))))*8+(10+(D21/100)*0.5)*8))*0.12*0.4+((((D21/100)*0.5+F21*0.5+G21*0.2+H21*0.8+I21*1+J21*3+K21*5+(D21/100)*0.3)*8+(L21*IF(O21="High",2,IF(O21="Medium",1,0.5)))*8+(M21*IF(P21="EC2 (Lift & Shift)",0.2,IF(P21="AWS QuickSight",1.5,IF(P21="Power BI",1,0.5))))*8+(10+(D21/100)*0.5)*8))*0.08*0.4 -> 431.60168 | AN21: =AH21+AK21+((M21*IF(P21="EC2 (Lift & Shift)",0.2,IF(P21="AWS QuickSight",1.5,IF(P21="Power BI",1,0.5))))*8)*0.4+((10+(D21/100)*0.5)*8)*0.4+AD21+((((D21/100)*0.5+F21*0.5+G21*0.2+H21*0.8+I21*1+J21*3+K21*5+(D21/100)*0.3)*8+(L21*IF(O21="High",2,IF(O21="Medium",1,0.5)))*8+(M21*IF(P21="EC2 (Lift & Shift)",0.2,IF(P21="AWS QuickSight",1.5,IF(P21="Power BI",1,0.5))))*8+(10+(D21/100)*0.5)*8))*0.28*0.4+((((D21/100)*0.5+F21*0.5+G21*0.2+H21*0.8+I21*1+J21*3+K21*5+(D21/100)*0.3)*8+(L21*IF(O21="High",2,IF(O21="Medium",1,0.5)))*8+(M21*IF(P21="EC2 (Lift & Shift)",0.2,IF(P21="AWS QuickSight",1.5,IF(P21="Power BI",1,0.5))))*8+(10+(D21/100)*0.5)*8))*0.12*0.4+((((D21/100)*0.5+F21*0.5+G21*0.2+H21*0.8+I21*1+J21*3+K21*5+(D21/100)*0.3)*8+(L21*IF(O21="High",2,IF(O21="Medium",1,0.5)))*8+(M21*IF(P21="EC2 (Lift & Shift)",0.2,IF(P21="AWS QuickSight",1.5,IF(P21="Power BI",1,0.5))))*8+(10+(D21/100)*0.5)*8))*0.08*0.4 -> 417.20168 | AO21: =AI21+AL21+((M21*IF(P21="EC2 (Lift & Shift)",0.2,IF(P21="AWS QuickSight",1.5,IF(P21="Power BI",1,0.5))))*8)*0.2+((10+(D21/100)*0.5)*8)*0.2+AE21+((((D21/100)*0.5+F21*0.5+G21*0.2+H21*0.8+I21*1+J21*3+K21*5+(D21/100)*0.3)*8+(L21*IF(O21="High",2,IF(O21="Medium",1,0.5)))*8+(M21*IF(P21="EC2 (Lift & Shift)",0.2,IF(P21="AWS QuickSight",1.5,IF(P21="Power BI",1,0.5))))*8+(10+(D21/100)*0.5)*8))*0.28*0.2+((((D21/100)*0.5+F21*0.5+G21*0.2+H21*0.8+I21*1+J21*3+K21*5+(D21/100)*0.3)*8+(L21*IF(O21="High",2,IF(O21="Medium",1,0.5)))*8+(M21*IF(P21="EC2 (Lift & Shift)",0.2,IF(P21="AWS QuickSight",1.5,IF(P21="Power BI",1,0.5))))*8+(10+(D21/100)*0.5)*8))*0.12*0.2+((((D21/100)*0.5+F21*0.5+G21*0.2+H21*0.8+I21*1+J21*3+K21*5+(D21/100)*0.3)*8+(L21*IF(O21="High",2,IF(O21="Medium",1,0.5)))*8+(M21*IF(P21="EC2 (Lift & Shift)",0.2,IF(P21="AWS QuickSight",1.5,IF(P21="Power BI",1,0.5))))*8+(10+(D21/100)*0.5)*8))*0.08*0.2 -> 207.32584 | AP21: ='✏️ SME Input'!S21 -> 2 | AQ21: ='✏️ SME Input'!T21 -> 0 | AR21: ='✏️ SME Input'!U21 -> Transactional
B22: ='✏️ SME Input'!B22 -> Contract Management | C22: =IF(D22>1000,"T3 Complex",IF(D22>500,"T2 Moderate","T1 Simple")) -> T1 Simple | D22: ='✏️ SME Input'!D22 -> 160 | E22: ='✏️ SME Input'!E22 -> 65 | F22: ='✏️ SME Input'!F22 -> 42 | G22: ='✏️ SME Input'!G22 -> 25 | H22: ='✏️ SME Input'!H22 -> 4 | I22: ='✏️ SME Input'!I22 -> 3 | J22: ='✏️ SME Input'!J22 -> 0 | K22: ='✏️ SME Input'!K22 -> 0 | ... P22: ='✏️ SME Input'!P22 -> AWS QuickSight | Q22: ='✏️ SME Input'!C22 -> Wave 1 | R22: =((((D22/100)*0.5+F22*0.5+G22*0.2+H22*0.8+I22*1+J22*3+K22*5+(D22/100)*0.3)*8+(L22*IF(O22="High",2,IF(O22="Medium",1,0.5)))*8+(M22*IF(P22="EC2 (Lift & Shift)",0.2,IF(P22="AWS QuickSight",1.5,IF(P22="Power BI",1,0.5))))*8+(10+(D22/100)*0.5)*8))*0.08+(((D22/100)*0.5+F22*0.5+G22*0.2+H22*0.8+I22*1+J22*3+K22*5+(D22/100)*0.3)*8+(D22/100)*0.3*8)+((L22*IF(O22="High",2,IF(O22="Medium",1,0.5)))*8)+((M22*IF(P22="EC2 (Lift & Shift)",0.2,IF(P22="AWS QuickSight",1.5,IF(P22="Power BI",1,0.5))))*8)+((10+(D22/100)*0.5)*8)+((((D22/100)*0.5+F22*0.5+G22*0.2+H22*0.8+I22*1+J22*3+K22*5+(D22/100)*0.3)*8+(L22*IF(O22="High",2,IF(O22="Medium",1,0.5)))*8+(M22*IF(P22="EC2 (Lift & Shift)",0.2,IF(P22="AWS QuickSight",1.5,IF(P22="Power BI",1,0.5))))*8+(10+(D22/100)*0.5)*8))*0.28+((((D22/100)*0.5+F22*0.5+G22*0.2+H22*0.8+I22*1+J22*3+K22*5+(D22/100)*0.3)*8+(L22*IF(O22="High",2,IF(O22="Medium",1,0.5)))*8+(M22*IF(P22="EC2 (Lift & Shift)",0.2,IF(P22="AWS QuickSight",1.5,IF(P22="Power BI",1,0.5))))*8+(10+(D22/100)*0.5)*8))*0.12 -> 705.7152 | S22: =((((D22/100)*0.5+F22*0.5+G22*0.2+H22*0.8+I22*1+J22*3+K22*5+(D22/100)*0.3)*8+(L22*IF(O22="High",2,IF(O22="Medium",1,0.5)))*8+(M22*IF(P22="EC2 (Lift & Shift)",0.2,IF(P22="AWS QuickSight",1.5,IF(P22="Power BI",1,0.5))))*8+(10+(D22/100)*0.5)*8)*0.08)*(1-'📊 Dashboard'!C10/100)+((((D22/100)*0.5+F22*0.5+G22*0.2+H22*0.8+I22*1+J22*3+K22*5+(D22/100)*0.3)*8+(D22/100)*0.3*8))*(1-'📊 Dashboard'!C10/100)+((L22*IF(O22="High",2,IF(O22="Medium",1,0.5)))*8)*(1-'📊 Dashboard'!C11/100)+((M22*IF(P22="EC2 (Lift & Shift)",0.2,IF(P22="AWS QuickSight",1.5,IF(P22="Power BI",1,0.5))))*8)*(1-'📊 Dashboard'!C12/100)+((10+(D22/100)*0.5)*8)*(1-'📊 Dashboard'!C10/100)+((((D22/100)*0.5+F22*0.5+G22*0.2+H22*0.8+I22*1+J22*3+K22*5+(D22/100)*0.3)*8+(L22*IF(O22="High",2,IF(O22="Medium",1,0.5)))*8+(M22*IF(P22="EC2 (Lift & Shift)",0.2,IF(P22="AWS QuickSight",1.5,IF(P22="Power BI",1,0.5))))*8+(10+(D22/100)*0.5)*8)*0.28)*(1-'📊 Dashboard'!C13/100)+((((D22/100)*0.5+F22*0.5+G22*0.2+H22*0.8+I22*1+J22*3+K22*5+(D22/100)*0.3)*8+(L22*IF(O22="High",2,IF(O22="Medium",1,0.5)))*8+(M22*IF(P22="EC2 (Lift & Shift)",0.2,IF(P22="AWS QuickSight",1.5,IF(P22="Power BI",1,0.5))))*8+(10+(D22/100)*0.5)*8)*0.12)*(1-'📊 Dashboard'!C10/100) -> 518.07936 | T22: =S22*(1+'📊 Dashboard'!C14/100) -> 595.79126 | U22: =(((D22/100)*0.5+F22*0.5+G22*0.2+H22*0.8+I22*1+J22*3+K22*5+(D22/100)*0.3)*8+(L22*IF(O22="High",2,IF(O22="Medium",1,0.5)))*8+(M22*IF(P22="EC2 (Lift & Shift)",0.2,IF(P22="AWS QuickSight",1.5,IF(P22="Power BI",1,0.5))))*8+(10+(D22/100)*0.5)*8)*0.08 -> 37.9392 | V22: =((D22/100)*0.5+F22*0.5+G22*0.2+H22*0.8+I22*1+J22*3+K22*5+(D22/100)*0.3)*8+(D22/100)*0.3*8 -> 271.68 | W22: =(L22*IF(O22="High",2,IF(O22="Medium",1,0.5)))*8 -> 24 | X22: =(M22*IF(P22="EC2 (Lift & Shift)",0.2,IF(P22="AWS QuickSight",1.5,IF(P22="Power BI",1,0.5))))*8 -> 96 | Y22: =(10+(D22/100)*0.5)*8 -> 86.4 | Z22: =(((D22/100)*0.5+F22*0.5+G22*0.2+H22*0.8+I22*1+J22*3+K22*5+(D22/100)*0.3)*8+(L22*IF(O22="High",2,IF(O22="Medium",1,0.5)))*8+(M22*IF(P22="EC2 (Lift & Shift)",0.2,IF(P22="AWS QuickSight",1.5,IF(P22="Power BI",1,0.5))))*8+(10+(D22/100)*0.5)*8)*0.28 -> 132.7872 | AA22: =(((D22/100)*0.5+F22*0.5+G22*0.2+H22*0.8+I22*1+J22*3+K22*5+(D22/100)*0.3)*8+(L22*IF(O22="High",2,IF(O22="Medium",1,0.5)))*8+(M22*IF(P22="EC2 (Lift & Shift)",0.2,IF(P22="AWS QuickSight",1.5,IF(P22="Power BI",1,0.5))))*8+(10+(D22/100)*0.5)*8)*0.12 -> 56.9088 | AB22: ='✏️ SME Input'!R22 -> 0 | AC22: =AB22*0.75 -> 0 | AD22: =AB22*0.75 -> 0 | AE22: =AB22*0.75 -> 0 | AF22: =AB22*2.25 -> 0 | AG22: =(((D22/100)*0.5+F22*0.5+G22*0.2+H22*0.8+I22*1+J22*3+K22*5+(D22/100)*0.3)*8)*0.4 -> 107.136 | AH22: =(((D22/100)*0.5+F22*0.5+G22*0.2+H22*0.8+I22*1+J22*3+K22*5+(D22/100)*0.3)*8)*0.4 -> 107.136 | AI22: =(((D22/100)*0.5+F22*0.5+G22*0.2+H22*0.8+I22*1+J22*3+K22*5+(D22/100)*0.3)*8)*0.2 -> 53.568 | AJ22: =((L22*IF(O22="High",2,IF(O22="Medium",1,0.5)))*8)*0.5 -> 12 | AK22: =((L22*IF(O22="High",2,IF(O22="Medium",1,0.5)))*8)*0.35 -> 8.4 | AL22: =((L22*IF(O22="High",2,IF(O22="Medium",1,0.5)))*8)*0.15 -> 3.6 | AM22: =AG22+AJ22+((M22*IF(P22="EC2 (Lift & Shift)",0.2,IF(P22="AWS QuickSight",1.5,IF(P22="Power BI",1,0.5))))*8)*0.4+((10+(D22/100)*0.5)*8)*0.4+AC22+((((D22/100)*0.5+F22*0.5+G22*0.2+H22*0.8+I22*1+J22*3+K22*5+(D22/100)*0.3)*8+(L22*IF(O22="High",2,IF(O22="Medium",1,0.5)))*8+(M22*IF(P22="EC2 (Lift & Shift)",0.2,IF(P22="AWS QuickSight",1.5,IF(P22="Power BI",1,0.5))))*8+(10+(D22/100)*0.5)*8))*0.28*0.4+((((D22/100)*0.5+F22*0.5+G22*0.2+H22*0.8+I22*1+J22*3+K22*5+(D22/100)*0.3)*8+(L22*IF(O22="High",2,IF(O22="Medium",1,0.5)))*8+(M22*IF(P22="EC2 (Lift & Shift)",0.2,IF(P22="AWS QuickSight",1.5,IF(P22="Power BI",1,0.5))))*8+(10+(D22/100)*0.5)*8))*0.12*0.4+((((D22/100)*0.5+F22*0.5+G22*0.2+H22*0.8+I22*1+J22*3+K22*5+(D22/100)*0.3)*8+(L22*IF(O22="High",2,IF(O22="Medium",1,0.5)))*8+(M22*IF(P22="EC2 (Lift & Shift)",0.2,IF(P22="AWS QuickSight",1.5,IF(P22="Power BI",1,0.5))))*8+(10+(D22/100)*0.5)*8))*0.08*0.4 -> 283.15008 | AN22: =AH22+AK22+((M22*IF(P22="EC2 (Lift & Shift)",0.2,IF(P22="AWS QuickSight",1.5,IF(P22="Power BI",1,0.5))))*8)*0.4+((10+(D22/100)*0.5)*8)*0.4+AD22+((((D22/100)*0.5+F22*0.5+G22*0.2+H22*0.8+I22*1+J22*3+K22*5+(D22/100)*0.3)*8+(L22*IF(O22="High",2,IF(O22="Medium",1,0.5)))*8+(M22*IF(P22="EC2 (Lift & Shift)",0.2,IF(P22="AWS QuickSight",1.5,IF(P22="Power BI",1,0.5))))*8+(10+(D22/100)*0.5)*8))*0.28*0.4+((((D22/100)*0.5+F22*0.5+G22*0.2+H22*0.8+I22*1+J22*3+K22*5+(D22/100)*0.3)*8+(L22*IF(O22="High",2,IF(O22="Medium",1,0.5)))*8+(M22*IF(P22="EC2 (Lift & Shift)",0.2,IF(P22="AWS QuickSight",1.5,IF(P22="Power BI",1,0.5))))*8+(10+(D22/100)*0.5)*8))*0.12*0.4+((((D22/100)*0.5+F22*0.5+G22*0.2+H22*0.8+I22*1+J22*3+K22*5+(D22/100)*0.3)*8+(L22*IF(O22="High",2,IF(O22="Medium",1,0.5)))*8+(M22*IF(P22="EC2 (Lift & Shift)",0.2,IF(P22="AWS QuickSight",1.5,IF(P22="Power BI",1,0.5))))*8+(10+(D22/100)*0.5)*8))*0.08*0.4 -> 279.55008 | AO22: =AI22+AL22+((M22*IF(P22="EC2 (Lift & Shift)",0.2,IF(P22="AWS QuickSight",1.5,IF(P22="Power BI",1,0.5))))*8)*0.2+((10+(D22/100)*0.5)*8)*0.2+AE22+((((D22/100)*0.5+F22*0.5+G22*0.2+H22*0.8+I22*1+J22*3+K22*5+(D22/100)*0.3)*8+(L22*IF(O22="High",2,IF(O22="Medium",1,0.5)))*8+(M22*IF(P22="EC2 (Lift & Shift)",0.2,IF(P22="AWS QuickSight",1.5,IF(P22="Power BI",1,0.5))))*8+(10+(D22/100)*0.5)*8))*0.28*0.2+((((D22/100)*0.5+F22*0.5+G22*0.2+H22*0.8+I22*1+J22*3+K22*5+(D22/100)*0.3)*8+(L22*IF(O22="High",2,IF(O22="Medium",1,0.5)))*8+(M22*IF(P22="EC2 (Lift & Shift)",0.2,IF(P22="AWS QuickSight",1.5,IF(P22="Power BI",1,0.5))))*8+(10+(D22/100)*0.5)*8))*0.12*0.2+((((D22/100)*0.5+F22*0.5+G22*0.2+H22*0.8+I22*1+J22*3+K22*5+(D22/100)*0.3)*8+(L22*IF(O22="High",2,IF(O22="Medium",1,0.5)))*8+(M22*IF(P22="EC2 (Lift & Shift)",0.2,IF(P22="AWS QuickSight",1.5,IF(P22="Power BI",1,0.5))))*8+(10+(D22/100)*0.5)*8))*0.08*0.2 -> 139.17504 | AP22: ='✏️ SME Input'!S22 -> 0 | AQ22: ='✏️ SME Input'!T22 -> 0 | AR22: ='✏️ SME Input'!U22 -> None
B23: ='✏️ SME Input'!B23 -> Usage Rating Engine | C23: =IF(D23>1000,"T3 Complex",IF(D23>500,"T2 Moderate","T1 Simple")) -> T2 Moderate | D23: ='✏️ SME Input'!D23 -> 920 | E23: ='✏️ SME Input'!E23 -> 210 | F23: ='✏️ SME Input'!F23 -> 155 | G23: ='✏️ SME Input'!G23 -> 70 | H23: ='✏️ SME Input'!H23 -> 20 | I23: ='✏️ SME Input'!I23 -> 16 | J23: ='✏️ SME Input'!J23 -> 4 | K23: ='✏️ SME Input'!K23 -> 7 | ... P23: ='✏️ SME Input'!P23 -> EC2 (Lift & Shift) | Q23: ='✏️ SME Input'!C23 -> Wave 3 | R23: =((((D23/100)*0.5+F23*0.5+G23*0.2+H23*0.8+I23*1+J23*3+K23*5+(D23/100)*0.3)*8+(L23*IF(O23="High",2,IF(O23="Medium",1,0.5)))*8+(M23*IF(P23="EC2 (Lift & Shift)",0.2,IF(P23="AWS QuickSight",1.5,IF(P23="Power BI",1,0.5))))*8+(10+(D23/100)*0.5)*8))*0.08+(((D23/100)*0.5+F23*0.5+G23*0.2+H23*0.8+I23*1+J23*3+K23*5+(D23/100)*0.3)*8+(D23/100)*0.3*8)+((L23*IF(O23="High",2,IF(O23="Medium",1,0.5)))*8)+((M23*IF(P23="EC2 (Lift & Shift)",0.2,IF(P23="AWS QuickSight",1.5,IF(P23="Power BI",1,0.5))))*8)+((10+(D23/100)*0.5)*8)+((((D23/100)*0.5+F23*0.5+G23*0.2+H23*0.8+I23*1+J23*3+K23*5+(D23/100)*0.3)*8+(L23*IF(O23="High",2,IF(O23="Medium",1,0.5)))*8+(M23*IF(P23="EC2 (Lift & Shift)",0.2,IF(P23="AWS QuickSight",1.5,IF(P23="Power BI",1,0.5))))*8+(10+(D23/100)*0.5)*8))*0.28+((((D23/100)*0.5+F23*0.5+G23*0.2+H23*0.8+I23*1+J23*3+K23*5+(D23/100)*0.3)*8+(L23*IF(O23="High",2,IF(O23="Medium",1,0.5)))*8+(M23*IF(P23="EC2 (Lift & Shift)",0.2,IF(P23="AWS QuickSight",1.5,IF(P23="Power BI",1,0.5))))*8+(10+(D23/100)*0.5)*8))*0.12 -> 3195.9104 | S23: =((((D23/100)*0.5+F23*0.5+G23*0.2+H23*0.8+I23*1+J23*3+K23*5+(D23/100)*0.3)*8+(L23*IF(O23="High",2,IF(O23="Medium",1,0.5)))*8+(M23*IF(P23="EC2 (Lift & Shift)",0.2,IF(P23="AWS QuickSight",1.5,IF(P23="Power BI",1,0.5))))*8+(10+(D23/100)*0.5)*8)*0.08)*(1-'📊 Dashboard'!C10/100)+((((D23/100)*0.5+F23*0.5+G23*0.2+H23*0.8+I23*1+J23*3+K23*5+(D23/100)*0.3)*8+(D23/100)*0.3*8))*(1-'📊 Dashboard'!C10/100)+((L23*IF(O23="High",2,IF(O23="Medium",1,0.5)))*8)*(1-'📊 Dashboard'!C11/100)+((M23*IF(P23="EC2 (Lift & Shift)",0.2,IF(P23="AWS QuickSight",1.5,IF(P23="Power BI",1,0.5))))*8)*(1-'📊 Dashboard'!C12/100)+((10+(D23/100)*0.5)*8)*(1-'📊 Dashboard'!C10/100)+((((D23/100)*0.5+F23*0.5+G23*0.2+H23*0.8+I23*1+J23*3+K23*5+(D23/100)*0.3)*8+(L23*IF(O23="High",2,IF(O23="Medium",1,0.5)))*8+(M23*IF(P23="EC2 (Lift & Shift)",0.2,IF(P23="AWS QuickSight",1.5,IF(P23="Power BI",1,0.5))))*8+(10+(D23/100)*0.5)*8)*0.28)*(1-'📊 Dashboard'!C13/100)+((((D23/100)*0.5+F23*0.5+G23*0.2+H23*0.8+I23*1+J23*3+K23*5+(D23/100)*0.3)*8+(L23*IF(O23="High",2,IF(O23="Medium",1,0.5)))*8+(M23*IF(P23="EC2 (Lift & Shift)",0.2,IF(P23="AWS QuickSight",1.5,IF(P23="Power BI",1,0.5))))*8+(10+(D23/100)*0.5)*8)*0.12)*(1-'📊 Dashboard'!C10/100) -> 2329.6627 | T23: =S23*(1+'📊 Dashboard'!C14/100) -> 2679.1121 | U23: =(((D23/100)*0.5+F23*0.5+G23*0.2+H23*0.8+I23*1+J23*3+K23*5+(D23/100)*0.3)*8+(L23*IF(O23="High",2,IF(O23="Medium",1,0.5)))*8+(M23*IF(P23="EC2 (Lift & Shift)",0.2,IF(P23="AWS QuickSight",1.5,IF(P23="Power BI",1,0.5))))*8+(10+(D23/100)*0.5)*8)*0.08 -> 171.5584 | V23: =((D23/100)*0.5+F23*0.5+G23*0.2+H23*0.8+I23*1+J23*3+K23*5+(D23/100)*0.3)*8+(D23/100)*0.3*8 -> 1444.96 | W23: =(L23*IF(O23="High",2,IF(O23="Medium",1,0.5)))*8 -> 560 | X23: =(M23*IF(P23="EC2 (Lift & Shift)",0.2,IF(P23="AWS QuickSight",1.5,IF(P23="Power BI",1,0.5))))*8 -> 44.8 | Y23: =(10+(D23/100)*0.5)*8 -> 116.8 | Z23: =(((D23/100)*0.5+F23*0.5+G23*0.2+H23*0.8+I23*1+J23*3+K23*5+(D23/100)*0.3)*8+(L23*IF(O23="High",2,IF(O23="Medium",1,0.5)))*8+(M23*IF(P23="EC2 (Lift & Shift)",0.2,IF(P23="AWS QuickSight",1.5,IF(P23="Power BI",1,0.5))))*8+(10+(D23/100)*0.5)*8)*0.28 -> 600.4544 | AA23: =(((D23/100)*0.5+F23*0.5+G23*0.2+H23*0.8+I23*1+J23*3+K23*5+(D23/100)*0.3)*8+(L23*IF(O23="High",2,IF(O23="Medium",1,0.5)))*8+(M23*IF(P23="EC2 (Lift & Shift)",0.2,IF(P23="AWS QuickSight",1.5,IF(P23="Power BI",1,0.5))))*8+(10+(D23/100)*0.5)*8)*0.12 -> 257.3376 | AB23: ='✏️ SME Input'!R23 -> 15 | AC23: =AB23*0.75 -> 11.25 | AD23: =AB23*0.75 -> 11.25 | AE23: =AB23*0.75 -> 11.25 | AF23: =AB23*2.25 -> 33.75 | AG23: =(((D23/100)*0.5+F23*0.5+G23*0.2+H23*0.8+I23*1+J23*3+K23*5+(D23/100)*0.3)*8)*0.4 -> 569.152 | AH23: =(((D23/100)*0.5+F23*0.5+G23*0.2+H23*0.8+I23*1+J23*3+K23*5+(D23/100)*0.3)*8)*0.4 -> 569.152 | AI23: =(((D23/100)*0.5+F23*0.5+G23*0.2+H23*0.8+I23*1+J23*3+K23*5+(D23/100)*0.3)*8)*0.2 -> 284.576 | AJ23: =((L23*IF(O23="High",2,IF(O23="Medium",1,0.5)))*8)*0.5 -> 280 | AK23: =((L23*IF(O23="High",2,IF(O23="Medium",1,0.5)))*8)*0.35 -> 196 | AL23: =((L23*IF(O23="High",2,IF(O23="Medium",1,0.5)))*8)*0.15 -> 84 | AM23: =AG23+AJ23+((M23*IF(P23="EC2 (Lift & Shift)",0.2,IF(P23="AWS QuickSight",1.5,IF(P23="Power BI",1,0.5))))*8)*0.4+((10+(D23/100)*0.5)*8)*0.4+AC23+((((D23/100)*0.5+F23*0.5+G23*0.2+H23*0.8+I23*1+J23*3+K23*5+(D23/100)*0.3)*8+(L23*IF(O23="High",2,IF(O23="Medium",1,0.5)))*8+(M23*IF(P23="EC2 (Lift & Shift)",0.2,IF(P23="AWS QuickSight",1.5,IF(P23="Power BI",1,0.5))))*8+(10+(D23/100)*0.5)*8))*0.28*0.4+((((D23/100)*0.5+F23*0.5+G23*0.2+H23*0.8+I23*1+J23*3+K23*5+(D23/100)*0.3)*8+(L23*IF(O23="High",2,IF(O23="Medium",1,0.5)))*8+(M23*IF(P23="EC2 (Lift & Shift)",0.2,IF(P23="AWS QuickSight",1.5,IF(P23="Power BI",1,0.5))))*8+(10+(D23/100)*0.5)*8))*0.12*0.4+((((D23/100)*0.5+F23*0.5+G23*0.2+H23*0.8+I23*1+J23*3+K23*5+(D23/100)*0.3)*8+(L23*IF(O23="High",2,IF(O23="Medium",1,0.5)))*8+(M23*IF(P23="EC2 (Lift & Shift)",0.2,IF(P23="AWS QuickSight",1.5,IF(P23="Power BI",1,0.5))))*8+(10+(D23/100)*0.5)*8))*0.08*0.4 -> 1336.7822 | AN23: =AH23+AK23+((M23*IF(P23="EC2 (Lift & Shift)",0.2,IF(P23="AWS QuickSight",1.5,IF(P23="Power BI",1,0.5))))*8)*0.4+((10+(D23/100)*0.5)*8)*0.4+AD23+((((D23/100)*0.5+F23*0.5+G23*0.2+H23*0.8+I23*1+J23*3+K23*5+(D23/100)*0.3)*8+(L23*IF(O23="High",2,IF(O23="Medium",1,0.5)))*8+(M23*IF(P23="EC2 (Lift & Shift)",0.2,IF(P23="AWS QuickSight",1.5,IF(P23="Power BI",1,0.5))))*8+(10+(D23/100)*0.5)*8))*0.28*0.4+((((D23/100)*0.5+F23*0.5+G23*0.2+H23*0.8+I23*1+J23*3+K23*5+(D23/100)*0.3)*8+(L23*IF(O23="High",2,IF(O23="Medium",1,0.5)))*8+(M23*IF(P23="EC2 (Lift & Shift)",0.2,IF(P23="AWS QuickSight",1.5,IF(P23="Power BI",1,0.5))))*8+(10+(D23/100)*0.5)*8))*0.12*0.4+((((D23/100)*0.5+F23*0.5+G23*0.2+H23*0.8+I23*1+J23*3+K23*5+(D23/100)*0.3)*8+(L23*IF(O23="High",2,IF(O23="Medium",1,0.5)))*8+(M23*IF(P23="EC2 (Lift & Shift)",0.2,IF(P23="AWS QuickSight",1.5,IF(P23="Power BI",1,0.5))))*8+(10+(D23/100)*0.5)*8))*0.08*0.4 -> 1252.7822 | AO23: =AI23+AL23+((M23*IF(P23="EC2 (Lift & Shift)",0.2,IF(P23="AWS QuickSight",1.5,IF(P23="Power BI",1,0.5))))*8)*0.2+((10+(D23/100)*0.5)*8)*0.2+AE23+((((D23/100)*0.5+F23*0.5+G23*0.2+H23*0.8+I23*1+J23*3+K23*5+(D23/100)*0.3)*8+(L23*IF(O23="High",2,IF(O23="Medium",1,0.5)))*8+(M23*IF(P23="EC2 (Lift & Shift)",0.2,IF(P23="AWS QuickSight",1.5,IF(P23="Power BI",1,0.5))))*8+(10+(D23/100)*0.5)*8))*0.28*0.2+((((D23/100)*0.5+F23*0.5+G23*0.2+H23*0.8+I23*1+J23*3+K23*5+(D23/100)*0.3)*8+(L23*IF(O23="High",2,IF(O23="Medium",1,0.5)))*8+(M23*IF(P23="EC2 (Lift & Shift)",0.2,IF(P23="AWS QuickSight",1.5,IF(P23="Power BI",1,0.5))))*8+(10+(D23/100)*0.5)*8))*0.12*0.2+((((D23/100)*0.5+F23*0.5+G23*0.2+H23*0.8+I23*1+J23*3+K23*5+(D23/100)*0.3)*8+(L23*IF(O23="High",2,IF(O23="Medium",1,0.5)))*8+(M23*IF(P23="EC2 (Lift & Shift)",0.2,IF(P23="AWS QuickSight",1.5,IF(P23="Power BI",1,0.5))))*8+(10+(D23/100)*0.5)*8))*0.08*0.2 -> 618.01608 | AP23: ='✏️ SME Input'!S23 -> 12 | AQ23: ='✏️ SME Input'!T23 -> 2 | AR23: ='✏️ SME Input'!U23 -> Transactional
B24: ='✏️ SME Input'!B24 -> Wholesale Billing | C24: =IF(D24>1000,"T3 Complex",IF(D24>500,"T2 Moderate","T1 Simple")) -> T1 Simple | D24: ='✏️ SME Input'!D24 -> 480 | E24: ='✏️ SME Input'!E24 -> 125 | F24: ='✏️ SME Input'!F24 -> 90 | G24: ='✏️ SME Input'!G24 -> 50 | H24: ='✏️ SME Input'!H24 -> 11 | I24: ='✏️ SME Input'!I24 -> 8 | J24: ='✏️ SME Input'!J24 -> 2 | K24: ='✏️ SME Input'!K24 -> 3 | ... P24: ='✏️ SME Input'!P24 -> EC2 (Lift & Shift) | Q24: ='✏️ SME Input'!C24 -> Wave 3 | R24: =((((D24/100)*0.5+F24*0.5+G24*0.2+H24*0.8+I24*1+J24*3+K24*5+(D24/100)*0.3)*8+(L24*IF(O24="High",2,IF(O24="Medium",1,0.5)))*8+(M24*IF(P24="EC2 (Lift & Shift)",0.2,IF(P24="AWS QuickSight",1.5,IF(P24="Power BI",1,0.5))))*8+(10+(D24/100)*0.5)*8))*0.08+(((D24/100)*0.5+F24*0.5+G24*0.2+H24*0.8+I24*1+J24*3+K24*5+(D24/100)*0.3)*8+(D24/100)*0.3*8)+((L24*IF(O24="High",2,IF(O24="Medium",1,0.5)))*8)+((M24*IF(P24="EC2 (Lift & Shift)",0.2,IF(P24="AWS QuickSight",1.5,IF(P24="Power BI",1,0.5))))*8)+((10+(D24/100)*0.5)*8)+((((D24/100)*0.5+F24*0.5+G24*0.2+H24*0.8+I24*1+J24*3+K24*5+(D24/100)*0.3)*8+(L24*IF(O24="High",2,IF(O24="Medium",1,0.5)))*8+(M24*IF(P24="EC2 (Lift & Shift)",0.2,IF(P24="AWS QuickSight",1.5,IF(P24="Power BI",1,0.5))))*8+(10+(D24/100)*0.5)*8))*0.28+((((D24/100)*0.5+F24*0.5+G24*0.2+H24*0.8+I24*1+J24*3+K24*5+(D24/100)*0.3)*8+(L24*IF(O24="High",2,IF(O24="Medium",1,0.5)))*8+(M24*IF(P24="EC2 (Lift & Shift)",0.2,IF(P24="AWS QuickSight",1.5,IF(P24="Power BI",1,0.5))))*8+(10+(D24/100)*0.5)*8))*0.12 -> 1776.1536 | S24: =((((D24/100)*0.5+F24*0.5+G24*0.2+H24*0.8+I24*1+J24*3+K24*5+(D24/100)*0.3)*8+(L24*IF(O24="High",2,IF(O24="Medium",1,0.5)))*8+(M24*IF(P24="EC2 (Lift & Shift)",0.2,IF(P24="AWS QuickSight",1.5,IF(P24="Power BI",1,0.5))))*8+(10+(D24/100)*0.5)*8)*0.08)*(1-'📊 Dashboard'!C10/100)+((((D24/100)*0.5+F24*0.5+G24*0.2+H24*0.8+I24*1+J24*3+K24*5+(D24/100)*0.3)*8+(D24/100)*0.3*8))*(1-'📊 Dashboard'!C10/100)+((L24*IF(O24="High",2,IF(O24="Medium",1,0.5)))*8)*(1-'📊 Dashboard'!C11/100)+((M24*IF(P24="EC2 (Lift & Shift)",0.2,IF(P24="AWS QuickSight",1.5,IF(P24="Power BI",1,0.5))))*8)*(1-'📊 Dashboard'!C12/100)+((10+(D24/100)*0.5)*8)*(1-'📊 Dashboard'!C10/100)+((((D24/100)*0.5+F24*0.5+G24*0.2+H24*0.8+I24*1+J24*3+K24*5+(D24/100)*0.3)*8+(L24*IF(O24="High",2,IF(O24="Medium",1,0.5)))*8+(M24*IF(P24="EC2 (Lift & Shift)",0.2,IF(P24="AWS QuickSight",1.5,IF(P24="Power BI",1,0.5))))*8+(10+(D24/100)*0.5)*8)*0.28)*(1-'📊 Dashboard'!C13/100)+((((D24/100)*0.5+F24*0.5+G24*0.2+H24*0.8+I24*1+J24*3+K24*5+(D24/100)*0.3)*8+(L24*IF(O24="High",2,IF(O24="Medium",1,0.5)))*8+(M24*IF(P24="EC2 (Lift & Shift)",0.2,IF(P24="AWS QuickSight",1.5,IF(P24="Power BI",1,0.5))))*8+(10+(D24/100)*0.5)*8)*0.12)*(1-'📊 Dashboard'!C10/100) -> 1294.2925 | T24: =S24*(1+'📊 Dashboard'!C14/100) -> 1488.4364 | U24: =(((D24/100)*0.5+F24*0.5+G24*0.2+H24*0.8+I24*1+J24*3+K24*5+(D24/100)*0.3)*8+(L24*IF(O24="High",2,IF(O24="Medium",1,0.5)))*8+(M24*IF(P24="EC2 (Lift & Shift)",0.2,IF(P24="AWS QuickSight",1.5,IF(P24="Power BI",1,0.5))))*8+(10+(D24/100)*0.5)*8)*0.08 -> 95.3856 | V24: =((D24/100)*0.5+F24*0.5+G24*0.2+H24*0.8+I24*1+J24*3+K24*5+(D24/100)*0.3)*8+(D24/100)*0.3*8 -> 784.64 | W24: =(L24*IF(O24="High",2,IF(O24="Medium",1,0.5)))*8 -> 288 | X24: =(M24*IF(P24="EC2 (Lift & Shift)",0.2,IF(P24="AWS QuickSight",1.5,IF(P24="Power BI",1,0.5))))*8 -> 32 | Y24: =(10+(D24/100)*0.5)*8 -> 99.2 | Z24: =(((D24/100)*0.5+F24*0.5+G24*0.2+H24*0.8+I24*1+J24*3+K24*5+(D24/100)*0.3)*8+(L24*IF(O24="High",2,IF(O24="Medium",1,0.5)))*8+(M24*IF(P24="EC2 (Lift & Shift)",0.2,IF(P24="AWS QuickSight",1.5,IF(P24="Power BI",1,0.5))))*8+(10+(D24/100)*0.5)*8)*0.28 -> 333.8496 | AA24: =(((D24/100)*0.5+F24*0.5+G24*0.2+H24*0.8+I24*1+J24*3+K24*5+(D24/100)*0.3)*8+(L24*IF(O24="High",2,IF(O24="Medium",1,0.5)))*8+(M24*IF(P24="EC2 (Lift & Shift)",0.2,IF(P24="AWS QuickSight",1.5,IF(P24="Power BI",1,0.5))))*8+(10+(D24/100)*0.5)*8)*0.12 -> 143.0784 | AB24: ='✏️ SME Input'!R24 -> 6 | AC24: =AB24*0.75 -> 4.5 | AD24: =AB24*0.75 -> 4.5 | AE24: =AB24*0.75 -> 4.5 | AF24: =AB24*2.25 -> 13.5 | AG24: =(((D24/100)*0.5+F24*0.5+G24*0.2+H24*0.8+I24*1+J24*3+K24*5+(D24/100)*0.3)*8)*0.4 -> 309.248 | AH24: =(((D24/100)*0.5+F24*0.5+G24*0.2+H24*0.8+I24*1+J24*3+K24*5+(D24/100)*0.3)*8)*0.4 -> 309.248 | AI24: =(((D24/100)*0.5+F24*0.5+G24*0.2+H24*0.8+I24*1+J24*3+K24*5+(D24/100)*0.3)*8)*0.2 -> 154.624 | AJ24: =((L24*IF(O24="High",2,IF(O24="Medium",1,0.5)))*8)*0.5 -> 144 | AK24: =((L24*IF(O24="High",2,IF(O24="Medium",1,0.5)))*8)*0.35 -> 100.8 | AL24: =((L24*IF(O24="High",2,IF(O24="Medium",1,0.5)))*8)*0.15 -> 43.2 | AM24: =AG24+AJ24+((M24*IF(P24="EC2 (Lift & Shift)",0.2,IF(P24="AWS QuickSight",1.5,IF(P24="Power BI",1,0.5))))*8)*0.4+((10+(D24/100)*0.5)*8)*0.4+AC24+((((D24/100)*0.5+F24*0.5+G24*0.2+H24*0.8+I24*1+J24*3+K24*5+(D24/100)*0.3)*8+(L24*IF(O24="High",2,IF(O24="Medium",1,0.5)))*8+(M24*IF(P24="EC2 (Lift & Shift)",0.2,IF(P24="AWS QuickSight",1.5,IF(P24="Power BI",1,0.5))))*8+(10+(D24/100)*0.5)*8))*0.28*0.4+((((D24/100)*0.5+F24*0.5+G24*0.2+H24*0.8+I24*1+J24*3+K24*5+(D24/100)*0.3)*8+(L24*IF(O24="High",2,IF(O24="Medium",1,0.5)))*8+(M24*IF(P24="EC2 (Lift & Shift)",0.2,IF(P24="AWS QuickSight",1.5,IF(P24="Power BI",1,0.5))))*8+(10+(D24/100)*0.5)*8))*0.12*0.4+((((D24/100)*0.5+F24*0.5+G24*0.2+H24*0.8+I24*1+J24*3+K24*5+(D24/100)*0.3)*8+(L24*IF(O24="High",2,IF(O24="Medium",1,0.5)))*8+(M24*IF(P24="EC2 (Lift & Shift)",0.2,IF(P24="AWS QuickSight",1.5,IF(P24="Power BI",1,0.5))))*8+(10+(D24/100)*0.5)*8))*0.08*0.4 -> 739.15344 | AN24: =AH24+AK24+((M24*IF(P24="EC2 (Lift & Shift)",0.2,IF(P24="AWS QuickSight",1.5,IF(P24="Power BI",1,0.5))))*8)*0.4+((10+(D24/100)*0.5)*8)*0.4+AD24+((((D24/100)*0.5+F24*0.5+G24*0.2+H24*0.8+I24*1+J24*3+K24*5+(D24/100)*0.3)*8+(L24*IF(O24="High",2,IF(O24="Medium",1,0.5)))*8+(M24*IF(P24="EC2 (Lift & Shift)",0.2,IF(P24="AWS QuickSight",1.5,IF(P24="Power BI",1,0.5))))*8+(10+(D24/100)*0.5)*8))*0.28*0.4+((((D24/100)*0.5+F24*0.5+G24*0.2+H24*0.8+I24*1+J24*3+K24*5+(D24/100)*0.3)*8+(L24*IF(O24="High",2,IF(O24="Medium",1,0.5)))*8+(M24*IF(P24="EC2 (Lift & Shift)",0.2,IF(P24="AWS QuickSight",1.5,IF(P24="Power BI",1,0.5))))*8+(10+(D24/100)*0.5)*8))*0.12*0.4+((((D24/100)*0.5+F24*0.5+G24*0.2+H24*0.8+I24*1+J24*3+K24*5+(D24/100)*0.3)*8+(L24*IF(O24="High",2,IF(O24="Medium",1,0.5)))*8+(M24*IF(P24="EC2 (Lift & Shift)",0.2,IF(P24="AWS QuickSight",1.5,IF(P24="Power BI",1,0.5))))*8+(10+(D24/100)*0.5)*8))*0.08*0.4 -> 695.95344 | AO24: =AI24+AL24+((M24*IF(P24="EC2 (Lift & Shift)",0.2,IF(P24="AWS QuickSight",1.5,IF(P24="Power BI",1,0.5))))*8)*0.2+((10+(D24/100)*0.5)*8)*0.2+AE24+((((D24/100)*0.5+F24*0.5+G24*0.2+H24*0.8+I24*1+J24*3+K24*5+(D24/100)*0.3)*8+(L24*IF(O24="High",2,IF(O24="Medium",1,0.5)))*8+(M24*IF(P24="EC2 (Lift & Shift)",0.2,IF(P24="AWS QuickSight",1.5,IF(P24="Power BI",1,0.5))))*8+(10+(D24/100)*0.5)*8))*0.28*0.2+((((D24/100)*0.5+F24*0.5+G24*0.2+H24*0.8+I24*1+J24*3+K24*5+(D24/100)*0.3)*8+(L24*IF(O24="High",2,IF(O24="Medium",1,0.5)))*8+(M24*IF(P24="EC2 (Lift & Shift)",0.2,IF(P24="AWS QuickSight",1.5,IF(P24="Power BI",1,0.5))))*8+(10+(D24/100)*0.5)*8))*0.12*0.2+((((D24/100)*0.5+F24*0.5+G24*0.2+H24*0.8+I24*1+J24*3+K24*5+(D24/100)*0.3)*8+(L24*IF(O24="High",2,IF(O24="Medium",1,0.5)))*8+(M24*IF(P24="EC2 (Lift & Shift)",0.2,IF(P24="AWS QuickSight",1.5,IF(P24="Power BI",1,0.5))))*8+(10+(D24/100)*0.5)*8))*0.08*0.2 -> 343.02672 | AP24: ='✏️ SME Input'!S24 -> 6 | AQ24: ='✏️ SME Input'!T24 -> 0 | AR24: ='✏️ SME Input'!U24 -> Transactional
B25: ='✏️ SME Input'!B25 -> Partner Portal DB | C25: =IF(D25>1000,"T3 Complex",IF(D25>500,"T2 Moderate","T1 Simple")) -> T1 Simple | D25: ='✏️ SME Input'!D25 -> 140 | E25: ='✏️ SME Input'!E25 -> 55 | F25: ='✏️ SME Input'!F25 -> 35 | G25: ='✏️ SME Input'!G25 -> 22 | H25: ='✏️ SME Input'!H25 -> 3 | I25: ='✏️ SME Input'!I25 -> 2 | J25: ='✏️ SME Input'!J25 -> 0 | K25: ='✏️ SME Input'!K25 -> 0 | ... P25: ='✏️ SME Input'!P25 -> AWS QuickSight | Q25: ='✏️ SME Input'!C25 -> Wave 1 | R25: =((((D25/100)*0.5+F25*0.5+G25*0.2+H25*0.8+I25*1+J25*3+K25*5+(D25/100)*0.3)*8+(L25*IF(O25="High",2,IF(O25="Medium",1,0.5)))*8+(M25*IF(P25="EC2 (Lift & Shift)",0.2,IF(P25="AWS QuickSight",1.5,IF(P25="Power BI",1,0.5))))*8+(10+(D25/100)*0.5)*8))*0.08+(((D25/100)*0.5+F25*0.5+G25*0.2+H25*0.8+I25*1+J25*3+K25*5+(D25/100)*0.3)*8+(D25/100)*0.3*8)+((L25*IF(O25="High",2,IF(O25="Medium",1,0.5)))*8)+((M25*IF(P25="EC2 (Lift & Shift)",0.2,IF(P25="AWS QuickSight",1.5,IF(P25="Power BI",1,0.5))))*8)+((10+(D25/100)*0.5)*8)+((((D25/100)*0.5+F25*0.5+G25*0.2+H25*0.8+I25*1+J25*3+K25*5+(D25/100)*0.3)*8+(L25*IF(O25="High",2,IF(O25="Medium",1,0.5)))*8+(M25*IF(P25="EC2 (Lift & Shift)",0.2,IF(P25="AWS QuickSight",1.5,IF(P25="Power BI",1,0.5))))*8+(10+(D25/100)*0.5)*8))*0.28+((((D25/100)*0.5+F25*0.5+G25*0.2+H25*0.8+I25*1+J25*3+K25*5+(D25/100)*0.3)*8+(L25*IF(O25="High",2,IF(O25="Medium",1,0.5)))*8+(M25*IF(P25="EC2 (Lift & Shift)",0.2,IF(P25="AWS QuickSight",1.5,IF(P25="Power BI",1,0.5))))*8+(10+(D25/100)*0.5)*8))*0.12 -> 590.8608 | S25: =((((D25/100)*0.5+F25*0.5+G25*0.2+H25*0.8+I25*1+J25*3+K25*5+(D25/100)*0.3)*8+(L25*IF(O25="High",2,IF(O25="Medium",1,0.5)))*8+(M25*IF(P25="EC2 (Lift & Shift)",0.2,IF(P25="AWS QuickSight",1.5,IF(P25="Power BI",1,0.5))))*8+(10+(D25/100)*0.5)*8)*0.08)*(1-'📊 Dashboard'!C10/100)+((((D25/100)*0.5+F25*0.5+G25*0.2+H25*0.8+I25*1+J25*3+K25*5+(D25/100)*0.3)*8+(D25/100)*0.3*8))*(1-'📊 Dashboard'!C10/100)+((L25*IF(O25="High",2,IF(O25="Medium",1,0.5)))*8)*(1-'📊 Dashboard'!C11/100)+((M25*IF(P25="EC2 (Lift & Shift)",0.2,IF(P25="AWS QuickSight",1.5,IF(P25="Power BI",1,0.5))))*8)*(1-'📊 Dashboard'!C12/100)+((10+(D25/100)*0.5)*8)*(1-'📊 Dashboard'!C10/100)+((((D25/100)*0.5+F25*0.5+G25*0.2+H25*0.8+I25*1+J25*3+K25*5+(D25/100)*0.3)*8+(L25*IF(O25="High",2,IF(O25="Medium",1,0.5)))*8+(M25*IF(P25="EC2 (Lift & Shift)",0.2,IF(P25="AWS QuickSight",1.5,IF(P25="Power BI",1,0.5))))*8+(10+(D25/100)*0.5)*8)*0.28)*(1-'📊 Dashboard'!C13/100)+((((D25/100)*0.5+F25*0.5+G25*0.2+H25*0.8+I25*1+J25*3+K25*5+(D25/100)*0.3)*8+(L25*IF(O25="High",2,IF(O25="Medium",1,0.5)))*8+(M25*IF(P25="EC2 (Lift & Shift)",0.2,IF(P25="AWS QuickSight",1.5,IF(P25="Power BI",1,0.5))))*8+(10+(D25/100)*0.5)*8)*0.12)*(1-'📊 Dashboard'!C10/100) -> 432.91744 | T25: =S25*(1+'📊 Dashboard'!C14/100) -> 497.85506 | U25: =(((D25/100)*0.5+F25*0.5+G25*0.2+H25*0.8+I25*1+J25*3+K25*5+(D25/100)*0.3)*8+(L25*IF(O25="High",2,IF(O25="Medium",1,0.5)))*8+(M25*IF(P25="EC2 (Lift & Shift)",0.2,IF(P25="AWS QuickSight",1.5,IF(P25="Power BI",1,0.5))))*8+(10+(D25/100)*0.5)*8)*0.08 -> 31.7568 | V25: =((D25/100)*0.5+F25*0.5+G25*0.2+H25*0.8+I25*1+J25*3+K25*5+(D25/100)*0.3)*8+(D25/100)*0.3*8 -> 222.72 | W25: =(L25*IF(O25="High",2,IF(O25="Medium",1,0.5)))*8 -> 20 | X25: =(M25*IF(P25="EC2 (Lift & Shift)",0.2,IF(P25="AWS QuickSight",1.5,IF(P25="Power BI",1,0.5))))*8 -> 72 | Y25: =(10+(D25/100)*0.5)*8 -> 85.6 | Z25: =(((D25/100)*0.5+F25*0.5+G25*0.2+H25*0.8+I25*1+J25*3+K25*5+(D25/100)*0.3)*8+(L25*IF(O25="High",2,IF(O25="Medium",1,0.5)))*8+(M25*IF(P25="EC2 (Lift & Shift)",0.2,IF(P25="AWS QuickSight",1.5,IF(P25="Power BI",1,0.5))))*8+(10+(D25/100)*0.5)*8)*0.28 -> 111.1488 | AA25: =(((D25/100)*0.5+F25*0.5+G25*0.2+H25*0.8+I25*1+J25*3+K25*5+(D25/100)*0.3)*8+(L25*IF(O25="High",2,IF(O25="Medium",1,0.5)))*8+(M25*IF(P25="EC2 (Lift & Shift)",0.2,IF(P25="AWS QuickSight",1.5,IF(P25="Power BI",1,0.5))))*8+(10+(D25/100)*0.5)*8)*0.12 -> 47.6352 | AB25: ='✏️ SME Input'!R25 -> 0 | AC25: =AB25*0.75 -> 0 | AD25: =AB25*0.75 -> 0 | AE25: =AB25*0.75 -> 0 | AF25: =AB25*2.25 -> 0 | AG25: =(((D25/100)*0.5+F25*0.5+G25*0.2+H25*0.8+I25*1+J25*3+K25*5+(D25/100)*0.3)*8)*0.4 -> 87.744 | AH25: =(((D25/100)*0.5+F25*0.5+G25*0.2+H25*0.8+I25*1+J25*3+K25*5+(D25/100)*0.3)*8)*0.4 -> 87.744 | AI25: =(((D25/100)*0.5+F25*0.5+G25*0.2+H25*0.8+I25*1+J25*3+K25*5+(D25/100)*0.3)*8)*0.2 -> 43.872 | AJ25: =((L25*IF(O25="High",2,IF(O25="Medium",1,0.5)))*8)*0.5 -> 10 | AK25: =((L25*IF(O25="High",2,IF(O25="Medium",1,0.5)))*8)*0.35 -> 7 | AL25: =((L25*IF(O25="High",2,IF(O25="Medium",1,0.5)))*8)*0.15 -> 3 | AM25: =AG25+AJ25+((M25*IF(P25="EC2 (Lift & Shift)",0.2,IF(P25="AWS QuickSight",1.5,IF(P25="Power BI",1,0.5))))*8)*0.4+((10+(D25/100)*0.5)*8)*0.4+AC25+((((D25/100)*0.5+F25*0.5+G25*0.2+H25*0.8+I25*1+J25*3+K25*5+(D25/100)*0.3)*8+(L25*IF(O25="High",2,IF(O25="Medium",1,0.5)))*8+(M25*IF(P25="EC2 (Lift & Shift)",0.2,IF(P25="AWS QuickSight",1.5,IF(P25="Power BI",1,0.5))))*8+(10+(D25/100)*0.5)*8))*0.28*0.4+((((D25/100)*0.5+F25*0.5+G25*0.2+H25*0.8+I25*1+J25*3+K25*5+(D25/100)*0.3)*8+(L25*IF(O25="High",2,IF(O25="Medium",1,0.5)))*8+(M25*IF(P25="EC2 (Lift & Shift)",0.2,IF(P25="AWS QuickSight",1.5,IF(P25="Power BI",1,0.5))))*8+(10+(D25/100)*0.5)*8))*0.12*0.4+((((D25/100)*0.5+F25*0.5+G25*0.2+H25*0.8+I25*1+J25*3+K25*5+(D25/100)*0.3)*8+(L25*IF(O25="High",2,IF(O25="Medium",1,0.5)))*8+(M25*IF(P25="EC2 (Lift & Shift)",0.2,IF(P25="AWS QuickSight",1.5,IF(P25="Power BI",1,0.5))))*8+(10+(D25/100)*0.5)*8))*0.08*0.4 -> 237.00032 | AN25: =AH25+AK25+((M25*IF(P25="EC2 (Lift & Shift)",0.2,IF(P25="AWS QuickSight",1.5,IF(P25="Power BI",1,0.5))))*8)*0.4+((10+(D25/100)*0.5)*8)*0.4+AD25+((((D25/100)*0.5+F25*0.5+G25*0.2+H25*0.8+I25*1+J25*3+K25*5+(D25/100)*0.3)*8+(L25*IF(O25="High",2,IF(O25="Medium",1,0.5)))*8+(M25*IF(P25="EC2 (Lift & Shift)",0.2,IF(P25="AWS QuickSight",1.5,IF(P25="Power BI",1,0.5))))*8+(10+(D25/100)*0.5)*8))*0.28*0.4+((((D25/100)*0.5+F25*0.5+G25*0.2+H25*0.8+I25*1+J25*3+K25*5+(D25/100)*0.3)*8+(L25*IF(O25="High",2,IF(O25="Medium",1,0.5)))*8+(M25*IF(P25="EC2 (Lift & Shift)",0.2,IF(P25="AWS QuickSight",1.5,IF(P25="Power BI",1,0.5))))*8+(10+(D25/100)*0.5)*8))*0.12*0.4+((((D25/100)*0.5+F25*0.5+G25*0.2+H25*0.8+I25*1+J25*3+K25*5+(D25/100)*0.3)*8+(L25*IF(O25="High",2,IF(O25="Medium",1,0.5)))*8+(M25*IF(P25="EC2 (Lift & Shift)",0.2,IF(P25="AWS QuickSight",1.5,IF(P25="Power BI",1,0.5))))*8+(10+(D25/100)*0.5)*8))*0.08*0.4 -> 234.00032 | AO25: =AI25+AL25+((M25*IF(P25="EC2 (Lift & Shift)",0.2,IF(P25="AWS QuickSight",1.5,IF(P25="Power BI",1,0.5))))*8)*0.2+((10+(D25/100)*0.5)*8)*0.2+AE25+((((D25/100)*0.5+F25*0.5+G25*0.2+H25*0.8+I25*1+J25*3+K25*5+(D25/100)*0.3)*8+(L25*IF(O25="High",2,IF(O25="Medium",1,0.5)))*8+(M25*IF(P25="EC2 (Lift & Shift)",0.2,IF(P25="AWS QuickSight",1.5,IF(P25="Power BI",1,0.5))))*8+(10+(D25/100)*0.5)*8))*0.28*0.2+((((D25/100)*0.5+F25*0.5+G25*0.2+H25*0.8+I25*1+J25*3+K25*5+(D25/100)*0.3)*8+(L25*IF(O25="High",2,IF(O25="Medium",1,0.5)))*8+(M25*IF(P25="EC2 (Lift & Shift)",0.2,IF(P25="AWS QuickSight",1.5,IF(P25="Power BI",1,0.5))))*8+(10+(D25/100)*0.5)*8))*0.12*0.2+((((D25/100)*0.5+F25*0.5+G25*0.2+H25*0.8+I25*1+J25*3+K25*5+(D25/100)*0.3)*8+(L25*IF(O25="High",2,IF(O25="Medium",1,0.5)))*8+(M25*IF(P25="EC2 (Lift & Shift)",0.2,IF(P25="AWS QuickSight",1.5,IF(P25="Power BI",1,0.5))))*8+(10+(D25/100)*0.5)*8))*0.08*0.2 -> 116.50016 | AP25: ='✏️ SME Input'!S25 -> 0 | AQ25: ='✏️ SME Input'!T25 -> 0 | AR25: ='✏️ SME Input'!U25 -> None
B26: ='✏️ SME Input'!B26 -> Workforce Management | C26: =IF(D26>1000,"T3 Complex",IF(D26>500,"T2 Moderate","T1 Simple")) -> T1 Simple | D26: ='✏️ SME Input'!D26 -> 200 | E26: ='✏️ SME Input'!E26 -> 72 | F26: ='✏️ SME Input'!F26 -> 48 | G26: ='✏️ SME Input'!G26 -> 28 | H26: ='✏️ SME Input'!H26 -> 5 | I26: ='✏️ SME Input'!I26 -> 4 | J26: ='✏️ SME Input'!J26 -> 0 | K26: ='✏️ SME Input'!K26 -> 0 | ... P26: ='✏️ SME Input'!P26 -> AWS QuickSight | Q26: ='✏️ SME Input'!C26 -> Wave 2 | R26: =((((D26/100)*0.5+F26*0.5+G26*0.2+H26*0.8+I26*1+J26*3+K26*5+(D26/100)*0.3)*8+(L26*IF(O26="High",2,IF(O26="Medium",1,0.5)))*8+(M26*IF(P26="EC2 (Lift & Shift)",0.2,IF(P26="AWS QuickSight",1.5,IF(P26="Power BI",1,0.5))))*8+(10+(D26/100)*0.5)*8))*0.08+(((D26/100)*0.5+F26*0.5+G26*0.2+H26*0.8+I26*1+J26*3+K26*5+(D26/100)*0.3)*8+(D26/100)*0.3*8)+((L26*IF(O26="High",2,IF(O26="Medium",1,0.5)))*8)+((M26*IF(P26="EC2 (Lift & Shift)",0.2,IF(P26="AWS QuickSight",1.5,IF(P26="Power BI",1,0.5))))*8)+((10+(D26/100)*0.5)*8)+((((D26/100)*0.5+F26*0.5+G26*0.2+H26*0.8+I26*1+J26*3+K26*5+(D26/100)*0.3)*8+(L26*IF(O26="High",2,IF(O26="Medium",1,0.5)))*8+(M26*IF(P26="EC2 (Lift & Shift)",0.2,IF(P26="AWS QuickSight",1.5,IF(P26="Power BI",1,0.5))))*8+(10+(D26/100)*0.5)*8))*0.28+((((D26/100)*0.5+F26*0.5+G26*0.2+H26*0.8+I26*1+J26*3+K26*5+(D26/100)*0.3)*8+(L26*IF(O26="High",2,IF(O26="Medium",1,0.5)))*8+(M26*IF(P26="EC2 (Lift & Shift)",0.2,IF(P26="AWS QuickSight",1.5,IF(P26="Power BI",1,0.5))))*8+(10+(D26/100)*0.5)*8))*0.12 -> 871.488 | S26: =((((D26/100)*0.5+F26*0.5+G26*0.2+H26*0.8+I26*1+J26*3+K26*5+(D26/100)*0.3)*8+(L26*IF(O26="High",2,IF(O26="Medium",1,0.5)))*8+(M26*IF(P26="EC2 (Lift & Shift)",0.2,IF(P26="AWS QuickSight",1.5,IF(P26="Power BI",1,0.5))))*8+(10+(D26/100)*0.5)*8)*0.08)*(1-'📊 Dashboard'!C10/100)+((((D26/100)*0.5+F26*0.5+G26*0.2+H26*0.8+I26*1+J26*3+K26*5+(D26/100)*0.3)*8+(D26/100)*0.3*8))*(1-'📊 Dashboard'!C10/100)+((L26*IF(O26="High",2,IF(O26="Medium",1,0.5)))*8)*(1-'📊 Dashboard'!C11/100)+((M26*IF(P26="EC2 (Lift & Shift)",0.2,IF(P26="AWS QuickSight",1.5,IF(P26="Power BI",1,0.5))))*8)*(1-'📊 Dashboard'!C12/100)+((10+(D26/100)*0.5)*8)*(1-'📊 Dashboard'!C10/100)+((((D26/100)*0.5+F26*0.5+G26*0.2+H26*0.8+I26*1+J26*3+K26*5+(D26/100)*0.3)*8+(L26*IF(O26="High",2,IF(O26="Medium",1,0.5)))*8+(M26*IF(P26="EC2 (Lift & Shift)",0.2,IF(P26="AWS QuickSight",1.5,IF(P26="Power BI",1,0.5))))*8+(10+(D26/100)*0.5)*8)*0.28)*(1-'📊 Dashboard'!C13/100)+((((D26/100)*0.5+F26*0.5+G26*0.2+H26*0.8+I26*1+J26*3+K26*5+(D26/100)*0.3)*8+(L26*IF(O26="High",2,IF(O26="Medium",1,0.5)))*8+(M26*IF(P26="EC2 (Lift & Shift)",0.2,IF(P26="AWS QuickSight",1.5,IF(P26="Power BI",1,0.5))))*8+(10+(D26/100)*0.5)*8)*0.12)*(1-'📊 Dashboard'!C10/100) -> 641.6384 | T26: =S26*(1+'📊 Dashboard'!C14/100) -> 737.88416 | U26: =(((D26/100)*0.5+F26*0.5+G26*0.2+H26*0.8+I26*1+J26*3+K26*5+(D26/100)*0.3)*8+(L26*IF(O26="High",2,IF(O26="Medium",1,0.5)))*8+(M26*IF(P26="EC2 (Lift & Shift)",0.2,IF(P26="AWS QuickSight",1.5,IF(P26="Power BI",1,0.5))))*8+(10+(D26/100)*0.5)*8)*0.08 -> 46.848 | V26: =((D26/100)*0.5+F26*0.5+G26*0.2+H26*0.8+I26*1+J26*3+K26*5+(D26/100)*0.3)*8+(D26/100)*0.3*8 -> 318.4 | W26: =(L26*IF(O26="High",2,IF(O26="Medium",1,0.5)))*8 -> 64 | X26: =(M26*IF(P26="EC2 (Lift & Shift)",0.2,IF(P26="AWS QuickSight",1.5,IF(P26="Power BI",1,0.5))))*8 -> 120 | Y26: =(10+(D26/100)*0.5)*8 -> 88 | Z26: =(((D26/100)*0.5+F26*0.5+G26*0.2+H26*0.8+I26*1+J26*3+K26*5+(D26/100)*0.3)*8+(L26*IF(O26="High",2,IF(O26="Medium",1,0.5)))*8+(M26*IF(P26="EC2 (Lift & Shift)",0.2,IF(P26="AWS QuickSight",1.5,IF(P26="Power BI",1,0.5))))*8+(10+(D26/100)*0.5)*8)*0.28 -> 163.968 | AA26: =(((D26/100)*0.5+F26*0.5+G26*0.2+H26*0.8+I26*1+J26*3+K26*5+(D26/100)*0.3)*8+(L26*IF(O26="High",2,IF(O26="Medium",1,0.5)))*8+(M26*IF(P26="EC2 (Lift & Shift)",0.2,IF(P26="AWS QuickSight",1.5,IF(P26="Power BI",1,0.5))))*8+(10+(D26/100)*0.5)*8)*0.12 -> 70.272 | AB26: ='✏️ SME Input'!R26 -> 1 | AC26: =AB26*0.75 -> 0.75 | AD26: =AB26*0.75 -> 0.75 | AE26: =AB26*0.75 -> 0.75 | AF26: =AB26*2.25 -> 2.25 | AG26: =(((D26/100)*0.5+F26*0.5+G26*0.2+H26*0.8+I26*1+J26*3+K26*5+(D26/100)*0.3)*8)*0.4 -> 125.44 | AH26: =(((D26/100)*0.5+F26*0.5+G26*0.2+H26*0.8+I26*1+J26*3+K26*5+(D26/100)*0.3)*8)*0.4 -> 125.44 | AI26: =(((D26/100)*0.5+F26*0.5+G26*0.2+H26*0.8+I26*1+J26*3+K26*5+(D26/100)*0.3)*8)*0.2 -> 62.72 | AJ26: =((L26*IF(O26="High",2,IF(O26="Medium",1,0.5)))*8)*0.5 -> 32 | AK26: =((L26*IF(O26="High",2,IF(O26="Medium",1,0.5)))*8)*0.35 -> 22.4 | AL26: =((L26*IF(O26="High",2,IF(O26="Medium",1,0.5)))*8)*0.15 -> 9.6 | AM26: =AG26+AJ26+((M26*IF(P26="EC2 (Lift & Shift)",0.2,IF(P26="AWS QuickSight",1.5,IF(P26="Power BI",1,0.5))))*8)*0.4+((10+(D26/100)*0.5)*8)*0.4+AC26+((((D26/100)*0.5+F26*0.5+G26*0.2+H26*0.8+I26*1+J26*3+K26*5+(D26/100)*0.3)*8+(L26*IF(O26="High",2,IF(O26="Medium",1,0.5)))*8+(M26*IF(P26="EC2 (Lift & Shift)",0.2,IF(P26="AWS QuickSight",1.5,IF(P26="Power BI",1,0.5))))*8+(10+(D26/100)*0.5)*8))*0.28*0.4+((((D26/100)*0.5+F26*0.5+G26*0.2+H26*0.8+I26*1+J26*3+K26*5+(D26/100)*0.3)*8+(L26*IF(O26="High",2,IF(O26="Medium",1,0.5)))*8+(M26*IF(P26="EC2 (Lift & Shift)",0.2,IF(P26="AWS QuickSight",1.5,IF(P26="Power BI",1,0.5))))*8+(10+(D26/100)*0.5)*8))*0.12*0.4+((((D26/100)*0.5+F26*0.5+G26*0.2+H26*0.8+I26*1+J26*3+K26*5+(D26/100)*0.3)*8+(L26*IF(O26="High",2,IF(O26="Medium",1,0.5)))*8+(M26*IF(P26="EC2 (Lift & Shift)",0.2,IF(P26="AWS QuickSight",1.5,IF(P26="Power BI",1,0.5))))*8+(10+(D26/100)*0.5)*8))*0.08*0.4 -> 353.8252 | AN26: =AH26+AK26+((M26*IF(P26="EC2 (Lift & Shift)",0.2,IF(P26="AWS QuickSight",1.5,IF(P26="Power BI",1,0.5))))*8)*0.4+((10+(D26/100)*0.5)*8)*0.4+AD26+((((D26/100)*0.5+F26*0.5+G26*0.2+H26*0.8+I26*1+J26*3+K26*5+(D26/100)*0.3)*8+(L26*IF(O26="High",2,IF(O26="Medium",1,0.5)))*8+(M26*IF(P26="EC2 (Lift & Shift)",0.2,IF(P26="AWS QuickSight",1.5,IF(P26="Power BI",1,0.5))))*8+(10+(D26/100)*0.5)*8))*0.28*0.4+((((D26/100)*0.5+F26*0.5+G26*0.2+H26*0.8+I26*1+J26*3+K26*5+(D26/100)*0.3)*8+(L26*IF(O26="High",2,IF(O26="Medium",1,0.5)))*8+(M26*IF(P26="EC2 (Lift & Shift)",0.2,IF(P26="AWS QuickSight",1.5,IF(P26="Power BI",1,0.5))))*8+(10+(D26/100)*0.5)*8))*0.12*0.4+((((D26/100)*0.5+F26*0.5+G26*0.2+H26*0.8+I26*1+J26*3+K26*5+(D26/100)*0.3)*8+(L26*IF(O26="High",2,IF(O26="Medium",1,0.5)))*8+(M26*IF(P26="EC2 (Lift & Shift)",0.2,IF(P26="AWS QuickSight",1.5,IF(P26="Power BI",1,0.5))))*8+(10+(D26/100)*0.5)*8))*0.08*0.4 -> 344.2252 | AO26: =AI26+AL26+((M26*IF(P26="EC2 (Lift & Shift)",0.2,IF(P26="AWS QuickSight",1.5,IF(P26="Power BI",1,0.5))))*8)*0.2+((10+(D26/100)*0.5)*8)*0.2+AE26+((((D26/100)*0.5+F26*0.5+G26*0.2+H26*0.8+I26*1+J26*3+K26*5+(D26/100)*0.3)*8+(L26*IF(O26="High",2,IF(O26="Medium",1,0.5)))*8+(M26*IF(P26="EC2 (Lift & Shift)",0.2,IF(P26="AWS QuickSight",1.5,IF(P26="Power BI",1,0.5))))*8+(10+(D26/100)*0.5)*8))*0.28*0.2+((((D26/100)*0.5+F26*0.5+G26*0.2+H26*0.8+I26*1+J26*3+K26*5+(D26/100)*0.3)*8+(L26*IF(O26="High",2,IF(O26="Medium",1,0.5)))*8+(M26*IF(P26="EC2 (Lift & Shift)",0.2,IF(P26="AWS QuickSight",1.5,IF(P26="Power BI",1,0.5))))*8+(10+(D26/100)*0.5)*8))*0.12*0.2+((((D26/100)*0.5+F26*0.5+G26*0.2+H26*0.8+I26*1+J26*3+K26*5+(D26/100)*0.3)*8+(L26*IF(O26="High",2,IF(O26="Medium",1,0.5)))*8+(M26*IF(P26="EC2 (Lift & Shift)",0.2,IF(P26="AWS QuickSight",1.5,IF(P26="Power BI",1,0.5))))*8+(10+(D26/100)*0.5)*8))*0.08*0.2 -> 170.8876 | AP26: ='✏️ SME Input'!S26 -> 1 | AQ26: ='✏️ SME Input'!T26 -> 0 | AR26: ='✏️ SME Input'!U26 -> None
B27: ='✏️ SME Input'!B27 -> Service Activation | C27: =IF(D27>1000,"T3 Complex",IF(D27>500,"T2 Moderate","T1 Simple")) -> T1 Simple | D27: ='✏️ SME Input'!D27 -> 370 | E27: ='✏️ SME Input'!E27 -> 105 | F27: ='✏️ SME Input'!F27 -> 75 | G27: ='✏️ SME Input'!G27 -> 42 | H27: ='✏️ SME Input'!H27 -> 9 | I27: ='✏️ SME Input'!I27 -> 7 | J27: ='✏️ SME Input'!J27 -> 1 | K27: ='✏️ SME Input'!K27 -> 2 | ... P27: ='✏️ SME Input'!P27 -> EC2 (Lift & Shift) | Q27: ='✏️ SME Input'!C27 -> Wave 2 | R27: =((((D27/100)*0.5+F27*0.5+G27*0.2+H27*0.8+I27*1+J27*3+K27*5+(D27/100)*0.3)*8+(L27*IF(O27="High",2,IF(O27="Medium",1,0.5)))*8+(M27*IF(P27="EC2 (Lift & Shift)",0.2,IF(P27="AWS QuickSight",1.5,IF(P27="Power BI",1,0.5))))*8+(10+(D27/100)*0.5)*8))*0.08+(((D27/100)*0.5+F27*0.5+G27*0.2+H27*0.8+I27*1+J27*3+K27*5+(D27/100)*0.3)*8+(D27/100)*0.3*8)+((L27*IF(O27="High",2,IF(O27="Medium",1,0.5)))*8)+((M27*IF(P27="EC2 (Lift & Shift)",0.2,IF(P27="AWS QuickSight",1.5,IF(P27="Power BI",1,0.5))))*8)+((10+(D27/100)*0.5)*8)+((((D27/100)*0.5+F27*0.5+G27*0.2+H27*0.8+I27*1+J27*3+K27*5+(D27/100)*0.3)*8+(L27*IF(O27="High",2,IF(O27="Medium",1,0.5)))*8+(M27*IF(P27="EC2 (Lift & Shift)",0.2,IF(P27="AWS QuickSight",1.5,IF(P27="Power BI",1,0.5))))*8+(10+(D27/100)*0.5)*8))*0.28+((((D27/100)*0.5+F27*0.5+G27*0.2+H27*0.8+I27*1+J27*3+K27*5+(D27/100)*0.3)*8+(L27*IF(O27="High",2,IF(O27="Medium",1,0.5)))*8+(M27*IF(P27="EC2 (Lift & Shift)",0.2,IF(P27="AWS QuickSight",1.5,IF(P27="Power BI",1,0.5))))*8+(10+(D27/100)*0.5)*8))*0.12 -> 1243.9104 | S27: =((((D27/100)*0.5+F27*0.5+G27*0.2+H27*0.8+I27*1+J27*3+K27*5+(D27/100)*0.3)*8+(L27*IF(O27="High",2,IF(O27="Medium",1,0.5)))*8+(M27*IF(P27="EC2 (Lift & Shift)",0.2,IF(P27="AWS QuickSight",1.5,IF(P27="Power BI",1,0.5))))*8+(10+(D27/100)*0.5)*8)*0.08)*(1-'📊 Dashboard'!C10/100)+((((D27/100)*0.5+F27*0.5+G27*0.2+H27*0.8+I27*1+J27*3+K27*5+(D27/100)*0.3)*8+(D27/100)*0.3*8))*(1-'📊 Dashboard'!C10/100)+((L27*IF(O27="High",2,IF(O27="Medium",1,0.5)))*8)*(1-'📊 Dashboard'!C11/100)+((M27*IF(P27="EC2 (Lift & Shift)",0.2,IF(P27="AWS QuickSight",1.5,IF(P27="Power BI",1,0.5))))*8)*(1-'📊 Dashboard'!C12/100)+((10+(D27/100)*0.5)*8)*(1-'📊 Dashboard'!C10/100)+((((D27/100)*0.5+F27*0.5+G27*0.2+H27*0.8+I27*1+J27*3+K27*5+(D27/100)*0.3)*8+(L27*IF(O27="High",2,IF(O27="Medium",1,0.5)))*8+(M27*IF(P27="EC2 (Lift & Shift)",0.2,IF(P27="AWS QuickSight",1.5,IF(P27="Power BI",1,0.5))))*8+(10+(D27/100)*0.5)*8)*0.28)*(1-'📊 Dashboard'!C13/100)+((((D27/100)*0.5+F27*0.5+G27*0.2+H27*0.8+I27*1+J27*3+K27*5+(D27/100)*0.3)*8+(L27*IF(O27="High",2,IF(O27="Medium",1,0.5)))*8+(M27*IF(P27="EC2 (Lift & Shift)",0.2,IF(P27="AWS QuickSight",1.5,IF(P27="Power BI",1,0.5))))*8+(10+(D27/100)*0.5)*8)*0.12)*(1-'📊 Dashboard'!C10/100) -> 901.62272 | T27: =S27*(1+'📊 Dashboard'!C14/100) -> 1036.8661 | U27: =(((D27/100)*0.5+F27*0.5+G27*0.2+H27*0.8+I27*1+J27*3+K27*5+(D27/100)*0.3)*8+(L27*IF(O27="High",2,IF(O27="Medium",1,0.5)))*8+(M27*IF(P27="EC2 (Lift & Shift)",0.2,IF(P27="AWS QuickSight",1.5,IF(P27="Power BI",1,0.5))))*8+(10+(D27/100)*0.5)*8)*0.08 -> 66.7584 | V27: =((D27/100)*0.5+F27*0.5+G27*0.2+H27*0.8+I27*1+J27*3+K27*5+(D27/100)*0.3)*8+(D27/100)*0.3*8 -> 617.36 | W27: =(L27*IF(O27="High",2,IF(O27="Medium",1,0.5)))*8 -> 112 | X27: =(M27*IF(P27="EC2 (Lift & Shift)",0.2,IF(P27="AWS QuickSight",1.5,IF(P27="Power BI",1,0.5))))*8 -> 19.2 | Y27: =(10+(D27/100)*0.5)*8 -> 94.8 | Z27: =(((D27/100)*0.5+F27*0.5+G27*0.2+H27*0.8+I27*1+J27*3+K27*5+(D27/100)*0.3)*8+(L27*IF(O27="High",2,IF(O27="Medium",1,0.5)))*8+(M27*IF(P27="EC2 (Lift & Shift)",0.2,IF(P27="AWS QuickSight",1.5,IF(P27="Power BI",1,0.5))))*8+(10+(D27/100)*0.5)*8)*0.28 -> 233.6544 | AA27: =(((D27/100)*0.5+F27*0.5+G27*0.2+H27*0.8+I27*1+J27*3+K27*5+(D27/100)*0.3)*8+(L27*IF(O27="High",2,IF(O27="Medium",1,0.5)))*8+(M27*IF(P27="EC2 (Lift & Shift)",0.2,IF(P27="AWS QuickSight",1.5,IF(P27="Power BI",1,0.5))))*8+(10+(D27/100)*0.5)*8)*0.12 -> 100.1376 | AB27: ='✏️ SME Input'!R27 -> 4 | AC27: =AB27*0.75 -> 3 | AD27: =AB27*0.75 -> 3 | AE27: =AB27*0.75 -> 3 | AF27: =AB27*2.25 -> 9 | AG27: =(((D27/100)*0.5+F27*0.5+G27*0.2+H27*0.8+I27*1+J27*3+K27*5+(D27/100)*0.3)*8)*0.4 -> 243.392 | AH27: =(((D27/100)*0.5+F27*0.5+G27*0.2+H27*0.8+I27*1+J27*3+K27*5+(D27/100)*0.3)*8)*0.4 -> 243.392 | AI27: =(((D27/100)*0.5+F27*0.5+G27*0.2+H27*0.8+I27*1+J27*3+K27*5+(D27/100)*0.3)*8)*0.2 -> 121.696 | AJ27: =((L27*IF(O27="High",2,IF(O27="Medium",1,0.5)))*8)*0.5 -> 56 | AK27: =((L27*IF(O27="High",2,IF(O27="Medium",1,0.5)))*8)*0.35 -> 39.2 | AL27: =((L27*IF(O27="High",2,IF(O27="Medium",1,0.5)))*8)*0.15 -> 16.8 | AM27: =AG27+AJ27+((M27*IF(P27="EC2 (Lift & Shift)",0.2,IF(P27="AWS QuickSight",1.5,IF(P27="Power BI",1,0.5))))*8)*0.4+((10+(D27/100)*0.5)*8)*0.4+AC27+((((D27/100)*0.5+F27*0.5+G27*0.2+H27*0.8+I27*1+J27*3+K27*5+(D27/100)*0.3)*8+(L27*IF(O27="High",2,IF(O27="Medium",1,0.5)))*8+(M27*IF(P27="EC2 (Lift & Shift)",0.2,IF(P27="AWS QuickSight",1.5,IF(P27="Power BI",1,0.5))))*8+(10+(D27/100)*0.5)*8))*0.28*0.4+((((D27/100)*0.5+F27*0.5+G27*0.2+H27*0.8+I27*1+J27*3+K27*5+(D27/100)*0.3)*8+(L27*IF(O27="High",2,IF(O27="Medium",1,0.5)))*8+(M27*IF(P27="EC2 (Lift & Shift)",0.2,IF(P27="AWS QuickSight",1.5,IF(P27="Power BI",1,0.5))))*8+(10+(D27/100)*0.5)*8))*0.12*0.4+((((D27/100)*0.5+F27*0.5+G27*0.2+H27*0.8+I27*1+J27*3+K27*5+(D27/100)*0.3)*8+(L27*IF(O27="High",2,IF(O27="Medium",1,0.5)))*8+(M27*IF(P27="EC2 (Lift & Shift)",0.2,IF(P27="AWS QuickSight",1.5,IF(P27="Power BI",1,0.5))))*8+(10+(D27/100)*0.5)*8))*0.08*0.4 -> 508.21216 | AN27: =AH27+AK27+((M27*IF(P27="EC2 (Lift & Shift)",0.2,IF(P27="AWS QuickSight",1.5,IF(P27="Power BI",1,0.5))))*8)*0.4+((10+(D27/100)*0.5)*8)*0.4+AD27+((((D27/100)*0.5+F27*0.5+G27*0.2+H27*0.8+I27*1+J27*3+K27*5+(D27/100)*0.3)*8+(L27*IF(O27="High",2,IF(O27="Medium",1,0.5)))*8+(M27*IF(P27="EC2 (Lift & Shift)",0.2,IF(P27="AWS QuickSight",1.5,IF(P27="Power BI",1,0.5))))*8+(10+(D27/100)*0.5)*8))*0.28*0.4+((((D27/100)*0.5+F27*0.5+G27*0.2+H27*0.8+I27*1+J27*3+K27*5+(D27/100)*0.3)*8+(L27*IF(O27="High",2,IF(O27="Medium",1,0.5)))*8+(M27*IF(P27="EC2 (Lift & Shift)",0.2,IF(P27="AWS QuickSight",1.5,IF(P27="Power BI",1,0.5))))*8+(10+(D27/100)*0.5)*8))*0.12*0.4+((((D27/100)*0.5+F27*0.5+G27*0.2+H27*0.8+I27*1+J27*3+K27*5+(D27/100)*0.3)*8+(L27*IF(O27="High",2,IF(O27="Medium",1,0.5)))*8+(M27*IF(P27="EC2 (Lift & Shift)",0.2,IF(P27="AWS QuickSight",1.5,IF(P27="Power BI",1,0.5))))*8+(10+(D27/100)*0.5)*8))*0.08*0.4 -> 491.41216 | AO27: =AI27+AL27+((M27*IF(P27="EC2 (Lift & Shift)",0.2,IF(P27="AWS QuickSight",1.5,IF(P27="Power BI",1,0.5))))*8)*0.2+((10+(D27/100)*0.5)*8)*0.2+AE27+((((D27/100)*0.5+F27*0.5+G27*0.2+H27*0.8+I27*1+J27*3+K27*5+(D27/100)*0.3)*8+(L27*IF(O27="High",2,IF(O27="Medium",1,0.5)))*8+(M27*IF(P27="EC2 (Lift & Shift)",0.2,IF(P27="AWS QuickSight",1.5,IF(P27="Power BI",1,0.5))))*8+(10+(D27/100)*0.5)*8))*0.28*0.2+((((D27/100)*0.5+F27*0.5+G27*0.2+H27*0.8+I27*1+J27*3+K27*5+(D27/100)*0.3)*8+(L27*IF(O27="High",2,IF(O27="Medium",1,0.5)))*8+(M27*IF(P27="EC2 (Lift & Shift)",0.2,IF(P27="AWS QuickSight",1.5,IF(P27="Power BI",1,0.5))))*8+(10+(D27/100)*0.5)*8))*0.12*0.2+((((D27/100)*0.5+F27*0.5+G27*0.2+H27*0.8+I27*1+J27*3+K27*5+(D27/100)*0.3)*8+(L27*IF(O27="High",2,IF(O27="Medium",1,0.5)))*8+(M27*IF(P27="EC2 (Lift & Shift)",0.2,IF(P27="AWS QuickSight",1.5,IF(P27="Power BI",1,0.5))))*8+(10+(D27/100)*0.5)*8))*0.08*0.2 -> 244.40608 | AP27: ='✏️ SME Input'!S27 -> 4 | AQ27: ='✏️ SME Input'!T27 -> 0 | AR27: ='✏️ SME Input'!U27 -> Transactional
B28: ='✏️ SME Input'!B28 -> Trouble Ticketing DB | C28: =IF(D28>1000,"T3 Complex",IF(D28>500,"T2 Moderate","T1 Simple")) -> T1 Simple | D28: ='✏️ SME Input'!D28 -> 230 | E28: ='✏️ SME Input'!E28 -> 80 | F28: ='✏️ SME Input'!F28 -> 55 | G28: ='✏️ SME Input'!G28 -> 30 | H28: ='✏️ SME Input'!H28 -> 6 | I28: ='✏️ SME Input'!I28 -> 4 | J28: ='✏️ SME Input'!J28 -> 0 | K28: ='✏️ SME Input'!K28 -> 0 | ... P28: ='✏️ SME Input'!P28 -> AWS QuickSight | Q28: ='✏️ SME Input'!C28 -> Wave 2 | R28: =((((D28/100)*0.5+F28*0.5+G28*0.2+H28*0.8+I28*1+J28*3+K28*5+(D28/100)*0.3)*8+(L28*IF(O28="High",2,IF(O28="Medium",1,0.5)))*8+(M28*IF(P28="EC2 (Lift & Shift)",0.2,IF(P28="AWS QuickSight",1.5,IF(P28="Power BI",1,0.5))))*8+(10+(D28/100)*0.5)*8))*0.08+(((D28/100)*0.5+F28*0.5+G28*0.2+H28*0.8+I28*1+J28*3+K28*5+(D28/100)*0.3)*8+(D28/100)*0.3*8)+((L28*IF(O28="High",2,IF(O28="Medium",1,0.5)))*8)+((M28*IF(P28="EC2 (Lift & Shift)",0.2,IF(P28="AWS QuickSight",1.5,IF(P28="Power BI",1,0.5))))*8)+((10+(D28/100)*0.5)*8)+((((D28/100)*0.5+F28*0.5+G28*0.2+H28*0.8+I28*1+J28*3+K28*5+(D28/100)*0.3)*8+(L28*IF(O28="High",2,IF(O28="Medium",1,0.5)))*8+(M28*IF(P28="EC2 (Lift & Shift)",0.2,IF(P28="AWS QuickSight",1.5,IF(P28="Power BI",1,0.5))))*8+(10+(D28/100)*0.5)*8))*0.28+((((D28/100)*0.5+F28*0.5+G28*0.2+H28*0.8+I28*1+J28*3+K28*5+(D28/100)*0.3)*8+(L28*IF(O28="High",2,IF(O28="Medium",1,0.5)))*8+(M28*IF(P28="EC2 (Lift & Shift)",0.2,IF(P28="AWS QuickSight",1.5,IF(P28="Power BI",1,0.5))))*8+(10+(D28/100)*0.5)*8))*0.12 -> 908.7936 | S28: =((((D28/100)*0.5+F28*0.5+G28*0.2+H28*0.8+I28*1+J28*3+K28*5+(D28/100)*0.3)*8+(L28*IF(O28="High",2,IF(O28="Medium",1,0.5)))*8+(M28*IF(P28="EC2 (Lift & Shift)",0.2,IF(P28="AWS QuickSight",1.5,IF(P28="Power BI",1,0.5))))*8+(10+(D28/100)*0.5)*8)*0.08)*(1-'📊 Dashboard'!C10/100)+((((D28/100)*0.5+F28*0.5+G28*0.2+H28*0.8+I28*1+J28*3+K28*5+(D28/100)*0.3)*8+(D28/100)*0.3*8))*(1-'📊 Dashboard'!C10/100)+((L28*IF(O28="High",2,IF(O28="Medium",1,0.5)))*8)*(1-'📊 Dashboard'!C11/100)+((M28*IF(P28="EC2 (Lift & Shift)",0.2,IF(P28="AWS QuickSight",1.5,IF(P28="Power BI",1,0.5))))*8)*(1-'📊 Dashboard'!C12/100)+((10+(D28/100)*0.5)*8)*(1-'📊 Dashboard'!C10/100)+((((D28/100)*0.5+F28*0.5+G28*0.2+H28*0.8+I28*1+J28*3+K28*5+(D28/100)*0.3)*8+(L28*IF(O28="High",2,IF(O28="Medium",1,0.5)))*8+(M28*IF(P28="EC2 (Lift & Shift)",0.2,IF(P28="AWS QuickSight",1.5,IF(P28="Power BI",1,0.5))))*8+(10+(D28/100)*0.5)*8)*0.28)*(1-'📊 Dashboard'!C13/100)+((((D28/100)*0.5+F28*0.5+G28*0.2+H28*0.8+I28*1+J28*3+K28*5+(D28/100)*0.3)*8+(L28*IF(O28="High",2,IF(O28="Medium",1,0.5)))*8+(M28*IF(P28="EC2 (Lift & Shift)",0.2,IF(P28="AWS QuickSight",1.5,IF(P28="Power BI",1,0.5))))*8+(10+(D28/100)*0.5)*8)*0.12)*(1-'📊 Dashboard'!C10/100) -> 666.44448 | T28: =S28*(1+'📊 Dashboard'!C14/100) -> 766.41115 | U28: =(((D28/100)*0.5+F28*0.5+G28*0.2+H28*0.8+I28*1+J28*3+K28*5+(D28/100)*0.3)*8+(L28*IF(O28="High",2,IF(O28="Medium",1,0.5)))*8+(M28*IF(P28="EC2 (Lift & Shift)",0.2,IF(P28="AWS QuickSight",1.5,IF(P28="Power BI",1,0.5))))*8+(10+(D28/100)*0.5)*8)*0.08 -> 48.8256 | V28: =((D28/100)*0.5+F28*0.5+G28*0.2+H28*0.8+I28*1+J28*3+K28*5+(D28/100)*0.3)*8+(D28/100)*0.3*8 -> 358.64 | W28: =(L28*IF(O28="High",2,IF(O28="Medium",1,0.5)))*8 -> 72 | X28: =(M28*IF(P28="EC2 (Lift & Shift)",0.2,IF(P28="AWS QuickSight",1.5,IF(P28="Power BI",1,0.5))))*8 -> 96 | Y28: =(10+(D28/100)*0.5)*8 -> 89.2 | Z28: =(((D28/100)*0.5+F28*0.5+G28*0.2+H28*0.8+I28*1+J28*3+K28*5+(D28/100)*0.3)*8+(L28*IF(O28="High",2,IF(O28="Medium",1,0.5)))*8+(M28*IF(P28="EC2 (Lift & Shift)",0.2,IF(P28="AWS QuickSight",1.5,IF(P28="Power BI",1,0.5))))*8+(10+(D28/100)*0.5)*8)*0.28 -> 170.8896 | AA28: =(((D28/100)*0.5+F28*0.5+G28*0.2+H28*0.8+I28*1+J28*3+K28*5+(D28/100)*0.3)*8+(L28*IF(O28="High",2,IF(O28="Medium",1,0.5)))*8+(M28*IF(P28="EC2 (Lift & Shift)",0.2,IF(P28="AWS QuickSight",1.5,IF(P28="Power BI",1,0.5))))*8+(10+(D28/100)*0.5)*8)*0.12 -> 73.2384 | AB28: ='✏️ SME Input'!R28 -> 1 | AC28: =AB28*0.75 -> 0.75 | AD28: =AB28*0.75 -> 0.75 | AE28: =AB28*0.75 -> 0.75 | AF28: =AB28*2.25 -> 2.25 | AG28: =(((D28/100)*0.5+F28*0.5+G28*0.2+H28*0.8+I28*1+J28*3+K28*5+(D28/100)*0.3)*8)*0.4 -> 141.248 | AH28: =(((D28/100)*0.5+F28*0.5+G28*0.2+H28*0.8+I28*1+J28*3+K28*5+(D28/100)*0.3)*8)*0.4 -> 141.248 | AI28: =(((D28/100)*0.5+F28*0.5+G28*0.2+H28*0.8+I28*1+J28*3+K28*5+(D28/100)*0.3)*8)*0.2 -> 70.624 | AJ28: =((L28*IF(O28="High",2,IF(O28="Medium",1,0.5)))*8)*0.5 -> 36 | AK28: =((L28*IF(O28="High",2,IF(O28="Medium",1,0.5)))*8)*0.35 -> 25.2 | AL28: =((L28*IF(O28="High",2,IF(O28="Medium",1,0.5)))*8)*0.15 -> 10.8 | AM28: =AG28+AJ28+((M28*IF(P28="EC2 (Lift & Shift)",0.2,IF(P28="AWS QuickSight",1.5,IF(P28="Power BI",1,0.5))))*8)*0.4+((10+(D28/100)*0.5)*8)*0.4+AC28+((((D28/100)*0.5+F28*0.5+G28*0.2+H28*0.8+I28*1+J28*3+K28*5+(D28/100)*0.3)*8+(L28*IF(O28="High",2,IF(O28="Medium",1,0.5)))*8+(M28*IF(P28="EC2 (Lift & Shift)",0.2,IF(P28="AWS QuickSight",1.5,IF(P28="Power BI",1,0.5))))*8+(10+(D28/100)*0.5)*8))*0.28*0.4+((((D28/100)*0.5+F28*0.5+G28*0.2+H28*0.8+I28*1+J28*3+K28*5+(D28/100)*0.3)*8+(L28*IF(O28="High",2,IF(O28="Medium",1,0.5)))*8+(M28*IF(P28="EC2 (Lift & Shift)",0.2,IF(P28="AWS QuickSight",1.5,IF(P28="Power BI",1,0.5))))*8+(10+(D28/100)*0.5)*8))*0.12*0.4+((((D28/100)*0.5+F28*0.5+G28*0.2+H28*0.8+I28*1+J28*3+K28*5+(D28/100)*0.3)*8+(L28*IF(O28="High",2,IF(O28="Medium",1,0.5)))*8+(M28*IF(P28="EC2 (Lift & Shift)",0.2,IF(P28="AWS QuickSight",1.5,IF(P28="Power BI",1,0.5))))*8+(10+(D28/100)*0.5)*8))*0.08*0.4 -> 369.25944 | AN28: =AH28+AK28+((M28*IF(P28="EC2 (Lift & Shift)",0.2,IF(P28="AWS QuickSight",1.5,IF(P28="Power BI",1,0.5))))*8)*0.4+((10+(D28/100)*0.5)*8)*0.4+AD28+((((D28/100)*0.5+F28*0.5+G28*0.2+H28*0.8+I28*1+J28*3+K28*5+(D28/100)*0.3)*8+(L28*IF(O28="High",2,IF(O28="Medium",1,0.5)))*8+(M28*IF(P28="EC2 (Lift & Shift)",0.2,IF(P28="AWS QuickSight",1.5,IF(P28="Power BI",1,0.5))))*8+(10+(D28/100)*0.5)*8))*0.28*0.4+((((D28/100)*0.5+F28*0.5+G28*0.2+H28*0.8+I28*1+J28*3+K28*5+(D28/100)*0.3)*8+(L28*IF(O28="High",2,IF(O28="Medium",1,0.5)))*8+(M28*IF(P28="EC2 (Lift & Shift)",0.2,IF(P28="AWS QuickSight",1.5,IF(P28="Power BI",1,0.5))))*8+(10+(D28/100)*0.5)*8))*0.12*0.4+((((D28/100)*0.5+F28*0.5+G28*0.2+H28*0.8+I28*1+J28*3+K28*5+(D28/100)*0.3)*8+(L28*IF(O28="High",2,IF(O28="Medium",1,0.5)))*8+(M28*IF(P28="EC2 (Lift & Shift)",0.2,IF(P28="AWS QuickSight",1.5,IF(P28="Power BI",1,0.5))))*8+(10+(D28/100)*0.5)*8))*0.08*0.4 -> 358.45944 | AO28: =AI28+AL28+((M28*IF(P28="EC2 (Lift & Shift)",0.2,IF(P28="AWS QuickSight",1.5,IF(P28="Power BI",1,0.5))))*8)*0.2+((10+(D28/100)*0.5)*8)*0.2+AE28+((((D28/100)*0.5+F28*0.5+G28*0.2+H28*0.8+I28*1+J28*3+K28*5+(D28/100)*0.3)*8+(L28*IF(O28="High",2,IF(O28="Medium",1,0.5)))*8+(M28*IF(P28="EC2 (Lift & Shift)",0.2,IF(P28="AWS QuickSight",1.5,IF(P28="Power BI",1,0.5))))*8+(10+(D28/100)*0.5)*8))*0.28*0.2+((((D28/100)*0.5+F28*0.5+G28*0.2+H28*0.8+I28*1+J28*3+K28*5+(D28/100)*0.3)*8+(L28*IF(O28="High",2,IF(O28="Medium",1,0.5)))*8+(M28*IF(P28="EC2 (Lift & Shift)",0.2,IF(P28="AWS QuickSight",1.5,IF(P28="Power BI",1,0.5))))*8+(10+(D28/100)*0.5)*8))*0.12*0.2+((((D28/100)*0.5+F28*0.5+G28*0.2+H28*0.8+I28*1+J28*3+K28*5+(D28/100)*0.3)*8+(L28*IF(O28="High",2,IF(O28="Medium",1,0.5)))*8+(M28*IF(P28="EC2 (Lift & Shift)",0.2,IF(P28="AWS QuickSight",1.5,IF(P28="Power BI",1,0.5))))*8+(10+(D28/100)*0.5)*8))*0.08*0.2 -> 177.80472 | AP28: ='✏️ SME Input'!S28 -> 1 | AQ28: ='✏️ SME Input'!T28 -> 0 | AR28: ='✏️ SME Input'!U28 -> None
B29: ='✏️ SME Input'!B29 -> SLA Management | C29: =IF(D29>1000,"T3 Complex",IF(D29>500,"T2 Moderate","T1 Simple")) -> T1 Simple | D29: ='✏️ SME Input'!D29 -> 180 | E29: ='✏️ SME Input'!E29 -> 68 | F29: ='✏️ SME Input'!F29 -> 45 | G29: ='✏️ SME Input'!G29 -> 26 | H29: ='✏️ SME Input'!H29 -> 5 | I29: ='✏️ SME Input'!I29 -> 3 | J29: ='✏️ SME Input'!J29 -> 0 | K29: ='✏️ SME Input'!K29 -> 0 | ... P29: ='✏️ SME Input'!P29 -> AWS QuickSight | Q29: ='✏️ SME Input'!C29 -> Wave 2 | R29: =((((D29/100)*0.5+F29*0.5+G29*0.2+H29*0.8+I29*1+J29*3+K29*5+(D29/100)*0.3)*8+(L29*IF(O29="High",2,IF(O29="Medium",1,0.5)))*8+(M29*IF(P29="EC2 (Lift & Shift)",0.2,IF(P29="AWS QuickSight",1.5,IF(P29="Power BI",1,0.5))))*8+(10+(D29/100)*0.5)*8))*0.08+(((D29/100)*0.5+F29*0.5+G29*0.2+H29*0.8+I29*1+J29*3+K29*5+(D29/100)*0.3)*8+(D29/100)*0.3*8)+((L29*IF(O29="High",2,IF(O29="Medium",1,0.5)))*8)+((M29*IF(P29="EC2 (Lift & Shift)",0.2,IF(P29="AWS QuickSight",1.5,IF(P29="Power BI",1,0.5))))*8)+((10+(D29/100)*0.5)*8)+((((D29/100)*0.5+F29*0.5+G29*0.2+H29*0.8+I29*1+J29*3+K29*5+(D29/100)*0.3)*8+(L29*IF(O29="High",2,IF(O29="Medium",1,0.5)))*8+(M29*IF(P29="EC2 (Lift & Shift)",0.2,IF(P29="AWS QuickSight",1.5,IF(P29="Power BI",1,0.5))))*8+(10+(D29/100)*0.5)*8))*0.28+((((D29/100)*0.5+F29*0.5+G29*0.2+H29*0.8+I29*1+J29*3+K29*5+(D29/100)*0.3)*8+(L29*IF(O29="High",2,IF(O29="Medium",1,0.5)))*8+(M29*IF(P29="EC2 (Lift & Shift)",0.2,IF(P29="AWS QuickSight",1.5,IF(P29="Power BI",1,0.5))))*8+(10+(D29/100)*0.5)*8))*0.12 -> 892.7936 | S29: =((((D29/100)*0.5+F29*0.5+G29*0.2+H29*0.8+I29*1+J29*3+K29*5+(D29/100)*0.3)*8+(L29*IF(O29="High",2,IF(O29="Medium",1,0.5)))*8+(M29*IF(P29="EC2 (Lift & Shift)",0.2,IF(P29="AWS QuickSight",1.5,IF(P29="Power BI",1,0.5))))*8+(10+(D29/100)*0.5)*8)*0.08)*(1-'📊 Dashboard'!C10/100)+((((D29/100)*0.5+F29*0.5+G29*0.2+H29*0.8+I29*1+J29*3+K29*5+(D29/100)*0.3)*8+(D29/100)*0.3*8))*(1-'📊 Dashboard'!C10/100)+((L29*IF(O29="High",2,IF(O29="Medium",1,0.5)))*8)*(1-'📊 Dashboard'!C11/100)+((M29*IF(P29="EC2 (Lift & Shift)",0.2,IF(P29="AWS QuickSight",1.5,IF(P29="Power BI",1,0.5))))*8)*(1-'📊 Dashboard'!C12/100)+((10+(D29/100)*0.5)*8)*(1-'📊 Dashboard'!C10/100)+((((D29/100)*0.5+F29*0.5+G29*0.2+H29*0.8+I29*1+J29*3+K29*5+(D29/100)*0.3)*8+(L29*IF(O29="High",2,IF(O29="Medium",1,0.5)))*8+(M29*IF(P29="EC2 (Lift & Shift)",0.2,IF(P29="AWS QuickSight",1.5,IF(P29="Power BI",1,0.5))))*8+(10+(D29/100)*0.5)*8)*0.28)*(1-'📊 Dashboard'!C13/100)+((((D29/100)*0.5+F29*0.5+G29*0.2+H29*0.8+I29*1+J29*3+K29*5+(D29/100)*0.3)*8+(L29*IF(O29="High",2,IF(O29="Medium",1,0.5)))*8+(M29*IF(P29="EC2 (Lift & Shift)",0.2,IF(P29="AWS QuickSight",1.5,IF(P29="Power BI",1,0.5))))*8+(10+(D29/100)*0.5)*8)*0.12)*(1-'📊 Dashboard'!C10/100) -> 661.36448 | T29: =S29*(1+'📊 Dashboard'!C14/100) -> 760.56915 | U29: =(((D29/100)*0.5+F29*0.5+G29*0.2+H29*0.8+I29*1+J29*3+K29*5+(D29/100)*0.3)*8+(L29*IF(O29="High",2,IF(O29="Medium",1,0.5)))*8+(M29*IF(P29="EC2 (Lift & Shift)",0.2,IF(P29="AWS QuickSight",1.5,IF(P29="Power BI",1,0.5))))*8+(10+(D29/100)*0.5)*8)*0.08 -> 48.0256 | V29: =((D29/100)*0.5+F29*0.5+G29*0.2+H29*0.8+I29*1+J29*3+K29*5+(D29/100)*0.3)*8+(D29/100)*0.3*8 -> 293.44 | W29: =(L29*IF(O29="High",2,IF(O29="Medium",1,0.5)))*8 -> 56 | X29: =(M29*IF(P29="EC2 (Lift & Shift)",0.2,IF(P29="AWS QuickSight",1.5,IF(P29="Power BI",1,0.5))))*8 -> 168 | Y29: =(10+(D29/100)*0.5)*8 -> 87.2 | Z29: =(((D29/100)*0.5+F29*0.5+G29*0.2+H29*0.8+I29*1+J29*3+K29*5+(D29/100)*0.3)*8+(L29*IF(O29="High",2,IF(O29="Medium",1,0.5)))*8+(M29*IF(P29="EC2 (Lift & Shift)",0.2,IF(P29="AWS QuickSight",1.5,IF(P29="Power BI",1,0.5))))*8+(10+(D29/100)*0.5)*8)*0.28 -> 168.0896 | AA29: =(((D29/100)*0.5+F29*0.5+G29*0.2+H29*0.8+I29*1+J29*3+K29*5+(D29/100)*0.3)*8+(L29*IF(O29="High",2,IF(O29="Medium",1,0.5)))*8+(M29*IF(P29="EC2 (Lift & Shift)",0.2,IF(P29="AWS QuickSight",1.5,IF(P29="Power BI",1,0.5))))*8+(10+(D29/100)*0.5)*8)*0.12 -> 72.0384 | AB29: ='✏️ SME Input'!R29 -> 0 | AC29: =AB29*0.75 -> 0 | AD29: =AB29*0.75 -> 0 | AE29: =AB29*0.75 -> 0 | AF29: =AB29*2.25 -> 0 | AG29: =(((D29/100)*0.5+F29*0.5+G29*0.2+H29*0.8+I29*1+J29*3+K29*5+(D29/100)*0.3)*8)*0.4 -> 115.648 | AH29: =(((D29/100)*0.5+F29*0.5+G29*0.2+H29*0.8+I29*1+J29*3+K29*5+(D29/100)*0.3)*8)*0.4 -> 115.648 | AI29: =(((D29/100)*0.5+F29*0.5+G29*0.2+H29*0.8+I29*1+J29*3+K29*5+(D29/100)*0.3)*8)*0.2 -> 57.824 | AJ29: =((L29*IF(O29="High",2,IF(O29="Medium",1,0.5)))*8)*0.5 -> 28 | AK29: =((L29*IF(O29="High",2,IF(O29="Medium",1,0.5)))*8)*0.35 -> 19.6 | AL29: =((L29*IF(O29="High",2,IF(O29="Medium",1,0.5)))*8)*0.15 -> 8.4 | AM29: =AG29+AJ29+((M29*IF(P29="EC2 (Lift & Shift)",0.2,IF(P29="AWS QuickSight",1.5,IF(P29="Power BI",1,0.5))))*8)*0.4+((10+(D29/100)*0.5)*8)*0.4+AC29+((((D29/100)*0.5+F29*0.5+G29*0.2+H29*0.8+I29*1+J29*3+K29*5+(D29/100)*0.3)*8+(L29*IF(O29="High",2,IF(O29="Medium",1,0.5)))*8+(M29*IF(P29="EC2 (Lift & Shift)",0.2,IF(P29="AWS QuickSight",1.5,IF(P29="Power BI",1,0.5))))*8+(10+(D29/100)*0.5)*8))*0.28*0.4+((((D29/100)*0.5+F29*0.5+G29*0.2+H29*0.8+I29*1+J29*3+K29*5+(D29/100)*0.3)*8+(L29*IF(O29="High",2,IF(O29="Medium",1,0.5)))*8+(M29*IF(P29="EC2 (Lift & Shift)",0.2,IF(P29="AWS QuickSight",1.5,IF(P29="Power BI",1,0.5))))*8+(10+(D29/100)*0.5)*8))*0.12*0.4+((((D29/100)*0.5+F29*0.5+G29*0.2+H29*0.8+I29*1+J29*3+K29*5+(D29/100)*0.3)*8+(L29*IF(O29="High",2,IF(O29="Medium",1,0.5)))*8+(M29*IF(P29="EC2 (Lift & Shift)",0.2,IF(P29="AWS QuickSight",1.5,IF(P29="Power BI",1,0.5))))*8+(10+(D29/100)*0.5)*8))*0.08*0.4 -> 360.98944 | AN29: =AH29+AK29+((M29*IF(P29="EC2 (Lift & Shift)",0.2,IF(P29="AWS QuickSight",1.5,IF(P29="Power BI",1,0.5))))*8)*0.4+((10+(D29/100)*0.5)*8)*0.4+AD29+((((D29/100)*0.5+F29*0.5+G29*0.2+H29*0.8+I29*1+J29*3+K29*5+(D29/100)*0.3)*8+(L29*IF(O29="High",2,IF(O29="Medium",1,0.5)))*8+(M29*IF(P29="EC2 (Lift & Shift)",0.2,IF(P29="AWS QuickSight",1.5,IF(P29="Power BI",1,0.5))))*8+(10+(D29/100)*0.5)*8))*0.28*0.4+((((D29/100)*0.5+F29*0.5+G29*0.2+H29*0.8+I29*1+J29*3+K29*5+(D29/100)*0.3)*8+(L29*IF(O29="High",2,IF(O29="Medium",1,0.5)))*8+(M29*IF(P29="EC2 (Lift & Shift)",0.2,IF(P29="AWS QuickSight",1.5,IF(P29="Power BI",1,0.5))))*8+(10+(D29/100)*0.5)*8))*0.12*0.4+((((D29/100)*0.5+F29*0.5+G29*0.2+H29*0.8+I29*1+J29*3+K29*5+(D29/100)*0.3)*8+(L29*IF(O29="High",2,IF(O29="Medium",1,0.5)))*8+(M29*IF(P29="EC2 (Lift & Shift)",0.2,IF(P29="AWS QuickSight",1.5,IF(P29="Power BI",1,0.5))))*8+(10+(D29/100)*0.5)*8))*0.08*0.4 -> 352.58944 | AO29: =AI29+AL29+((M29*IF(P29="EC2 (Lift & Shift)",0.2,IF(P29="AWS QuickSight",1.5,IF(P29="Power BI",1,0.5))))*8)*0.2+((10+(D29/100)*0.5)*8)*0.2+AE29+((((D29/100)*0.5+F29*0.5+G29*0.2+H29*0.8+I29*1+J29*3+K29*5+(D29/100)*0.3)*8+(L29*IF(O29="High",2,IF(O29="Medium",1,0.5)))*8+(M29*IF(P29="EC2 (Lift & Shift)",0.2,IF(P29="AWS QuickSight",1.5,IF(P29="Power BI",1,0.5))))*8+(10+(D29/100)*0.5)*8))*0.28*0.2+((((D29/100)*0.5+F29*0.5+G29*0.2+H29*0.8+I29*1+J29*3+K29*5+(D29/100)*0.3)*8+(L29*IF(O29="High",2,IF(O29="Medium",1,0.5)))*8+(M29*IF(P29="EC2 (Lift & Shift)",0.2,IF(P29="AWS QuickSight",1.5,IF(P29="Power BI",1,0.5))))*8+(10+(D29/100)*0.5)*8))*0.12*0.2+((((D29/100)*0.5+F29*0.5+G29*0.2+H29*0.8+I29*1+J29*3+K29*5+(D29/100)*0.3)*8+(L29*IF(O29="High",2,IF(O29="Medium",1,0.5)))*8+(M29*IF(P29="EC2 (Lift & Shift)",0.2,IF(P29="AWS QuickSight",1.5,IF(P29="Power BI",1,0.5))))*8+(10+(D29/100)*0.5)*8))*0.08*0.2 -> 174.89472 | AP29: ='✏️ SME Input'!S29 -> 1 | AQ29: ='✏️ SME Input'!T29 -> 0 | AR29: ='✏️ SME Input'!U29 -> None
B30: ='✏️ SME Input'!B30 -> Analytics Data Mart | C30: =IF(D30>1000,"T3 Complex",IF(D30>500,"T2 Moderate","T1 Simple")) -> T3 Complex | D30: ='✏️ SME Input'!D30 -> 1800 | E30: ='✏️ SME Input'!E30 -> 350 | F30: ='✏️ SME Input'!F30 -> 80 | G30: ='✏️ SME Input'!G30 -> 120 | H30: ='✏️ SME Input'!H30 -> 8 | I30: ='✏️ SME Input'!I30 -> 18 | J30: ='✏️ SME Input'!J30 -> 5 | K30: ='✏️ SME Input'!K30 -> 0 | ... P30: ='✏️ SME Input'!P30 -> Power BI | Q30: ='✏️ SME Input'!C30 -> Wave 4 | R30: =((((D30/100)*0.5+F30*0.5+G30*0.2+H30*0.8+I30*1+J30*3+K30*5+(D30/100)*0.3)*8+(L30*IF(O30="High",2,IF(O30="Medium",1,0.5)))*8+(M30*IF(P30="EC2 (Lift & Shift)",0.2,IF(P30="AWS QuickSight",1.5,IF(P30="Power BI",1,0.5))))*8+(10+(D30/100)*0.5)*8))*0.08+(((D30/100)*0.5+F30*0.5+G30*0.2+H30*0.8+I30*1+J30*3+K30*5+(D30/100)*0.3)*8+(D30/100)*0.3*8)+((L30*IF(O30="High",2,IF(O30="Medium",1,0.5)))*8)+((M30*IF(P30="EC2 (Lift & Shift)",0.2,IF(P30="AWS QuickSight",1.5,IF(P30="Power BI",1,0.5))))*8)+((10+(D30/100)*0.5)*8)+((((D30/100)*0.5+F30*0.5+G30*0.2+H30*0.8+I30*1+J30*3+K30*5+(D30/100)*0.3)*8+(L30*IF(O30="High",2,IF(O30="Medium",1,0.5)))*8+(M30*IF(P30="EC2 (Lift & Shift)",0.2,IF(P30="AWS QuickSight",1.5,IF(P30="Power BI",1,0.5))))*8+(10+(D30/100)*0.5)*8))*0.28+((((D30/100)*0.5+F30*0.5+G30*0.2+H30*0.8+I30*1+J30*3+K30*5+(D30/100)*0.3)*8+(L30*IF(O30="High",2,IF(O30="Medium",1,0.5)))*8+(M30*IF(P30="EC2 (Lift & Shift)",0.2,IF(P30="AWS QuickSight",1.5,IF(P30="Power BI",1,0.5))))*8+(10+(D30/100)*0.5)*8))*0.12 -> 2728.512 | S30: =((((D30/100)*0.5+F30*0.5+G30*0.2+H30*0.8+I30*1+J30*3+K30*5+(D30/100)*0.3)*8+(L30*IF(O30="High",2,IF(O30="Medium",1,0.5)))*8+(M30*IF(P30="EC2 (Lift & Shift)",0.2,IF(P30="AWS QuickSight",1.5,IF(P30="Power BI",1,0.5))))*8+(10+(D30/100)*0.5)*8)*0.08)*(1-'📊 Dashboard'!C10/100)+((((D30/100)*0.5+F30*0.5+G30*0.2+H30*0.8+I30*1+J30*3+K30*5+(D30/100)*0.3)*8+(D30/100)*0.3*8))*(1-'📊 Dashboard'!C10/100)+((L30*IF(O30="High",2,IF(O30="Medium",1,0.5)))*8)*(1-'📊 Dashboard'!C11/100)+((M30*IF(P30="EC2 (Lift & Shift)",0.2,IF(P30="AWS QuickSight",1.5,IF(P30="Power BI",1,0.5))))*8)*(1-'📊 Dashboard'!C12/100)+((10+(D30/100)*0.5)*8)*(1-'📊 Dashboard'!C10/100)+((((D30/100)*0.5+F30*0.5+G30*0.2+H30*0.8+I30*1+J30*3+K30*5+(D30/100)*0.3)*8+(L30*IF(O30="High",2,IF(O30="Medium",1,0.5)))*8+(M30*IF(P30="EC2 (Lift & Shift)",0.2,IF(P30="AWS QuickSight",1.5,IF(P30="Power BI",1,0.5))))*8+(10+(D30/100)*0.5)*8)*0.28)*(1-'📊 Dashboard'!C13/100)+((((D30/100)*0.5+F30*0.5+G30*0.2+H30*0.8+I30*1+J30*3+K30*5+(D30/100)*0.3)*8+(L30*IF(O30="High",2,IF(O30="Medium",1,0.5)))*8+(M30*IF(P30="EC2 (Lift & Shift)",0.2,IF(P30="AWS QuickSight",1.5,IF(P30="Power BI",1,0.5))))*8+(10+(D30/100)*0.5)*8)*0.12)*(1-'📊 Dashboard'!C10/100) -> 2020.7616 | T30: =S30*(1+'📊 Dashboard'!C14/100) -> 2323.8758 | U30: =(((D30/100)*0.5+F30*0.5+G30*0.2+H30*0.8+I30*1+J30*3+K30*5+(D30/100)*0.3)*8+(L30*IF(O30="High",2,IF(O30="Medium",1,0.5)))*8+(M30*IF(P30="EC2 (Lift & Shift)",0.2,IF(P30="AWS QuickSight",1.5,IF(P30="Power BI",1,0.5))))*8+(10+(D30/100)*0.5)*8)*0.08 -> 145.152 | V30: =((D30/100)*0.5+F30*0.5+G30*0.2+H30*0.8+I30*1+J30*3+K30*5+(D30/100)*0.3)*8+(D30/100)*0.3*8 -> 985.6 | W30: =(L30*IF(O30="High",2,IF(O30="Medium",1,0.5)))*8 -> 240 | X30: =(M30*IF(P30="EC2 (Lift & Shift)",0.2,IF(P30="AWS QuickSight",1.5,IF(P30="Power BI",1,0.5))))*8 -> 480 | Y30: =(10+(D30/100)*0.5)*8 -> 152 | Z30: =(((D30/100)*0.5+F30*0.5+G30*0.2+H30*0.8+I30*1+J30*3+K30*5+(D30/100)*0.3)*8+(L30*IF(O30="High",2,IF(O30="Medium",1,0.5)))*8+(M30*IF(P30="EC2 (Lift & Shift)",0.2,IF(P30="AWS QuickSight",1.5,IF(P30="Power BI",1,0.5))))*8+(10+(D30/100)*0.5)*8)*0.28 -> 508.032 | AA30: =(((D30/100)*0.5+F30*0.5+G30*0.2+H30*0.8+I30*1+J30*3+K30*5+(D30/100)*0.3)*8+(L30*IF(O30="High",2,IF(O30="Medium",1,0.5)))*8+(M30*IF(P30="EC2 (Lift & Shift)",0.2,IF(P30="AWS QuickSight",1.5,IF(P30="Power BI",1,0.5))))*8+(10+(D30/100)*0.5)*8)*0.12 -> 217.728 | AB30: ='✏️ SME Input'!R30 -> 0 | AC30: =AB30*0.75 -> 0 | AD30: =AB30*0.75 -> 0 | AE30: =AB30*0.75 -> 0 | AF30: =AB30*2.25 -> 0 | AG30: =(((D30/100)*0.5+F30*0.5+G30*0.2+H30*0.8+I30*1+J30*3+K30*5+(D30/100)*0.3)*8)*0.4 -> 376.96 | AH30: =(((D30/100)*0.5+F30*0.5+G30*0.2+H30*0.8+I30*1+J30*3+K30*5+(D30/100)*0.3)*8)*0.4 -> 376.96 | AI30: =(((D30/100)*0.5+F30*0.5+G30*0.2+H30*0.8+I30*1+J30*3+K30*5+(D30/100)*0.3)*8)*0.2 -> 188.48 | AJ30: =((L30*IF(O30="High",2,IF(O30="Medium",1,0.5)))*8)*0.5 -> 120 | AK30: =((L30*IF(O30="High",2,IF(O30="Medium",1,0.5)))*8)*0.35 -> 84 | AL30: =((L30*IF(O30="High",2,IF(O30="Medium",1,0.5)))*8)*0.15 -> 36 | AM30: =AG30+AJ30+((M30*IF(P30="EC2 (Lift & Shift)",0.2,IF(P30="AWS QuickSight",1.5,IF(P30="Power BI",1,0.5))))*8)*0.4+((10+(D30/100)*0.5)*8)*0.4+AC30+((((D30/100)*0.5+F30*0.5+G30*0.2+H30*0.8+I30*1+J30*3+K30*5+(D30/100)*0.3)*8+(L30*IF(O30="High",2,IF(O30="Medium",1,0.5)))*8+(M30*IF(P30="EC2 (Lift & Shift)",0.2,IF(P30="AWS QuickSight",1.5,IF(P30="Power BI",1,0.5))))*8+(10+(D30/100)*0.5)*8))*0.28*0.4+((((D30/100)*0.5+F30*0.5+G30*0.2+H30*0.8+I30*1+J30*3+K30*5+(D30/100)*0.3)*8+(L30*IF(O30="High",2,IF(O30="Medium",1,0.5)))*8+(M30*IF(P30="EC2 (Lift & Shift)",0.2,IF(P30="AWS QuickSight",1.5,IF(P30="Power BI",1,0.5))))*8+(10+(D30/100)*0.5)*8))*0.12*0.4+((((D30/100)*0.5+F30*0.5+G30*0.2+H30*0.8+I30*1+J30*3+K30*5+(D30/100)*0.3)*8+(L30*IF(O30="High",2,IF(O30="Medium",1,0.5)))*8+(M30*IF(P30="EC2 (Lift & Shift)",0.2,IF(P30="AWS QuickSight",1.5,IF(P30="Power BI",1,0.5))))*8+(10+(D30/100)*0.5)*8))*0.08*0.4 -> 1098.1248 | AN30: =AH30+AK30+((M30*IF(P30="EC2 (Lift & Shift)",0.2,IF(P30="AWS QuickSight",1.5,IF(P30="Power BI",1,0.5))))*8)*0.4+((10+(D30/100)*0.5)*8)*0.4+AD30+((((D30/100)*0.5+F30*0.5+G30*0.2+H30*0.8+I30*1+J30*3+K30*5+(D30/100)*0.3)*8+(L30*IF(O30="High",2,IF(O30="Medium",1,0.5)))*8+(M30*IF(P30="EC2 (Lift & Shift)",0.2,IF(P30="AWS QuickSight",1.5,IF(P30="Power BI",1,0.5))))*8+(10+(D30/100)*0.5)*8))*0.28*0.4+((((D30/100)*0.5+F30*0.5+G30*0.2+H30*0.8+I30*1+J30*3+K30*5+(D30/100)*0.3)*8+(L30*IF(O30="High",2,IF(O30="Medium",1,0.5)))*8+(M30*IF(P30="EC2 (Lift & Shift)",0.2,IF(P30="AWS QuickSight",1.5,IF(P30="Power BI",1,0.5))))*8+(10+(D30/100)*0.5)*8))*0.12*0.4+((((D30/100)*0.5+F30*0.5+G30*0.2+H30*0.8+I30*1+J30*3+K30*5+(D30/100)*0.3)*8+(L30*IF(O30="High",2,IF(O30="Medium",1,0.5)))*8+(M30*IF(P30="EC2 (Lift & Shift)",0.2,IF(P30="AWS QuickSight",1.5,IF(P30="Power BI",1,0.5))))*8+(10+(D30/100)*0.5)*8))*0.08*0.4 -> 1062.1248 | AO30: =AI30+AL30+((M30*IF(P30="EC2 (Lift & Shift)",0.2,IF(P30="AWS QuickSight",1.5,IF(P30="Power BI",1,0.5))))*8)*0.2+((10+(D30/100)*0.5)*8)*0.2+AE30+((((D30/100)*0.5+F30*0.5+G30*0.2+H30*0.8+I30*1+J30*3+K30*5+(D30/100)*0.3)*8+(L30*IF(O30="High",2,IF(O30="Medium",1,0.5)))*8+(M30*IF(P30="EC2 (Lift & Shift)",0.2,IF(P30="AWS QuickSight",1.5,IF(P30="Power BI",1,0.5))))*8+(10+(D30/100)*0.5)*8))*0.28*0.2+((((D30/100)*0.5+F30*0.5+G30*0.2+H30*0.8+I30*1+J30*3+K30*5+(D30/100)*0.3)*8+(L30*IF(O30="High",2,IF(O30="Medium",1,0.5)))*8+(M30*IF(P30="EC2 (Lift & Shift)",0.2,IF(P30="AWS QuickSight",1.5,IF(P30="Power BI",1,0.5))))*8+(10+(D30/100)*0.5)*8))*0.12*0.2+((((D30/100)*0.5+F30*0.5+G30*0.2+H30*0.8+I30*1+J30*3+K30*5+(D30/100)*0.3)*8+(L30*IF(O30="High",2,IF(O30="Medium",1,0.5)))*8+(M30*IF(P30="EC2 (Lift & Shift)",0.2,IF(P30="AWS QuickSight",1.5,IF(P30="Power BI",1,0.5))))*8+(10+(D30/100)*0.5)*8))*0.08*0.2 -> 525.0624 | AP30: ='✏️ SME Input'!S30 -> 0 | AQ30: ='✏️ SME Input'!T30 -> 0 | AR30: ='✏️ SME Input'!U30 -> None
B31: ='✏️ SME Input'!B31 -> Regulatory Reporting DB | C31: =IF(D31>1000,"T3 Complex",IF(D31>500,"T2 Moderate","T1 Simple")) -> T1 Simple | D31: ='✏️ SME Input'!D31 -> 290 | E31: ='✏️ SME Input'!E31 -> 88 | F31: ='✏️ SME Input'!F31 -> 62 | G31: ='✏️ SME Input'!G31 -> 34 | H31: ='✏️ SME Input'!H31 -> 7 | I31: ='✏️ SME Input'!I31 -> 6 | J31: ='✏️ SME Input'!J31 -> 1 | K31: ='✏️ SME Input'!K31 -> 0 | ... P31: ='✏️ SME Input'!P31 -> EC2 (Lift & Shift) | Q31: ='✏️ SME Input'!C31 -> Wave 3 | R31: =((((D31/100)*0.5+F31*0.5+G31*0.2+H31*0.8+I31*1+J31*3+K31*5+(D31/100)*0.3)*8+(L31*IF(O31="High",2,IF(O31="Medium",1,0.5)))*8+(M31*IF(P31="EC2 (Lift & Shift)",0.2,IF(P31="AWS QuickSight",1.5,IF(P31="Power BI",1,0.5))))*8+(10+(D31/100)*0.5)*8))*0.08+(((D31/100)*0.5+F31*0.5+G31*0.2+H31*0.8+I31*1+J31*3+K31*5+(D31/100)*0.3)*8+(D31/100)*0.3*8)+((L31*IF(O31="High",2,IF(O31="Medium",1,0.5)))*8)+((M31*IF(P31="EC2 (Lift & Shift)",0.2,IF(P31="AWS QuickSight",1.5,IF(P31="Power BI",1,0.5))))*8)+((10+(D31/100)*0.5)*8)+((((D31/100)*0.5+F31*0.5+G31*0.2+H31*0.8+I31*1+J31*3+K31*5+(D31/100)*0.3)*8+(L31*IF(O31="High",2,IF(O31="Medium",1,0.5)))*8+(M31*IF(P31="EC2 (Lift & Shift)",0.2,IF(P31="AWS QuickSight",1.5,IF(P31="Power BI",1,0.5))))*8+(10+(D31/100)*0.5)*8))*0.28+((((D31/100)*0.5+F31*0.5+G31*0.2+H31*0.8+I31*1+J31*3+K31*5+(D31/100)*0.3)*8+(L31*IF(O31="High",2,IF(O31="Medium",1,0.5)))*8+(M31*IF(P31="EC2 (Lift & Shift)",0.2,IF(P31="AWS QuickSight",1.5,IF(P31="Power BI",1,0.5))))*8+(10+(D31/100)*0.5)*8))*0.12 -> 979.8528 | S31: =((((D31/100)*0.5+F31*0.5+G31*0.2+H31*0.8+I31*1+J31*3+K31*5+(D31/100)*0.3)*8+(L31*IF(O31="High",2,IF(O31="Medium",1,0.5)))*8+(M31*IF(P31="EC2 (Lift & Shift)",0.2,IF(P31="AWS QuickSight",1.5,IF(P31="Power BI",1,0.5))))*8+(10+(D31/100)*0.5)*8)*0.08)*(1-'📊 Dashboard'!C10/100)+((((D31/100)*0.5+F31*0.5+G31*0.2+H31*0.8+I31*1+J31*3+K31*5+(D31/100)*0.3)*8+(D31/100)*0.3*8))*(1-'📊 Dashboard'!C10/100)+((L31*IF(O31="High",2,IF(O31="Medium",1,0.5)))*8)*(1-'📊 Dashboard'!C11/100)+((M31*IF(P31="EC2 (Lift & Shift)",0.2,IF(P31="AWS QuickSight",1.5,IF(P31="Power BI",1,0.5))))*8)*(1-'📊 Dashboard'!C12/100)+((10+(D31/100)*0.5)*8)*(1-'📊 Dashboard'!C10/100)+((((D31/100)*0.5+F31*0.5+G31*0.2+H31*0.8+I31*1+J31*3+K31*5+(D31/100)*0.3)*8+(L31*IF(O31="High",2,IF(O31="Medium",1,0.5)))*8+(M31*IF(P31="EC2 (Lift & Shift)",0.2,IF(P31="AWS QuickSight",1.5,IF(P31="Power BI",1,0.5))))*8+(10+(D31/100)*0.5)*8)*0.28)*(1-'📊 Dashboard'!C13/100)+((((D31/100)*0.5+F31*0.5+G31*0.2+H31*0.8+I31*1+J31*3+K31*5+(D31/100)*0.3)*8+(L31*IF(O31="High",2,IF(O31="Medium",1,0.5)))*8+(M31*IF(P31="EC2 (Lift & Shift)",0.2,IF(P31="AWS QuickSight",1.5,IF(P31="Power BI",1,0.5))))*8+(10+(D31/100)*0.5)*8)*0.12)*(1-'📊 Dashboard'!C10/100) -> 713.10304 | T31: =S31*(1+'📊 Dashboard'!C14/100) -> 820.0685 | U31: =(((D31/100)*0.5+F31*0.5+G31*0.2+H31*0.8+I31*1+J31*3+K31*5+(D31/100)*0.3)*8+(L31*IF(O31="High",2,IF(O31="Medium",1,0.5)))*8+(M31*IF(P31="EC2 (Lift & Shift)",0.2,IF(P31="AWS QuickSight",1.5,IF(P31="Power BI",1,0.5))))*8+(10+(D31/100)*0.5)*8)*0.08 -> 52.5888 | V31: =((D31/100)*0.5+F31*0.5+G31*0.2+H31*0.8+I31*1+J31*3+K31*5+(D31/100)*0.3)*8+(D31/100)*0.3*8 -> 444.72 | W31: =(L31*IF(O31="High",2,IF(O31="Medium",1,0.5)))*8 -> 80 | X31: =(M31*IF(P31="EC2 (Lift & Shift)",0.2,IF(P31="AWS QuickSight",1.5,IF(P31="Power BI",1,0.5))))*8 -> 48 | Y31: =(10+(D31/100)*0.5)*8 -> 91.6 | Z31: =(((D31/100)*0.5+F31*0.5+G31*0.2+H31*0.8+I31*1+J31*3+K31*5+(D31/100)*0.3)*8+(L31*IF(O31="High",2,IF(O31="Medium",1,0.5)))*8+(M31*IF(P31="EC2 (Lift & Shift)",0.2,IF(P31="AWS QuickSight",1.5,IF(P31="Power BI",1,0.5))))*8+(10+(D31/100)*0.5)*8)*0.28 -> 184.0608 | AA31: =(((D31/100)*0.5+F31*0.5+G31*0.2+H31*0.8+I31*1+J31*3+K31*5+(D31/100)*0.3)*8+(L31*IF(O31="High",2,IF(O31="Medium",1,0.5)))*8+(M31*IF(P31="EC2 (Lift & Shift)",0.2,IF(P31="AWS QuickSight",1.5,IF(P31="Power BI",1,0.5))))*8+(10+(D31/100)*0.5)*8)*0.12 -> 78.8832 | AB31: ='✏️ SME Input'!R31 -> 2 | AC31: =AB31*0.75 -> 1.5 | AD31: =AB31*0.75 -> 1.5 | AE31: =AB31*0.75 -> 1.5 | AF31: =AB31*2.25 -> 4.5 | AG31: =(((D31/100)*0.5+F31*0.5+G31*0.2+H31*0.8+I31*1+J31*3+K31*5+(D31/100)*0.3)*8)*0.4 -> 175.104 | AH31: =(((D31/100)*0.5+F31*0.5+G31*0.2+H31*0.8+I31*1+J31*3+K31*5+(D31/100)*0.3)*8)*0.4 -> 175.104 | AI31: =(((D31/100)*0.5+F31*0.5+G31*0.2+H31*0.8+I31*1+J31*3+K31*5+(D31/100)*0.3)*8)*0.2 -> 87.552 | AJ31: =((L31*IF(O31="High",2,IF(O31="Medium",1,0.5)))*8)*0.5 -> 40 | AK31: =((L31*IF(O31="High",2,IF(O31="Medium",1,0.5)))*8)*0.35 -> 28 | AL31: =((L31*IF(O31="High",2,IF(O31="Medium",1,0.5)))*8)*0.15 -> 12 | AM31: =AG31+AJ31+((M31*IF(P31="EC2 (Lift & Shift)",0.2,IF(P31="AWS QuickSight",1.5,IF(P31="Power BI",1,0.5))))*8)*0.4+((10+(D31/100)*0.5)*8)*0.4+AC31+((((D31/100)*0.5+F31*0.5+G31*0.2+H31*0.8+I31*1+J31*3+K31*5+(D31/100)*0.3)*8+(L31*IF(O31="High",2,IF(O31="Medium",1,0.5)))*8+(M31*IF(P31="EC2 (Lift & Shift)",0.2,IF(P31="AWS QuickSight",1.5,IF(P31="Power BI",1,0.5))))*8+(10+(D31/100)*0.5)*8))*0.28*0.4+((((D31/100)*0.5+F31*0.5+G31*0.2+H31*0.8+I31*1+J31*3+K31*5+(D31/100)*0.3)*8+(L31*IF(O31="High",2,IF(O31="Medium",1,0.5)))*8+(M31*IF(P31="EC2 (Lift & Shift)",0.2,IF(P31="AWS QuickSight",1.5,IF(P31="Power BI",1,0.5))))*8+(10+(D31/100)*0.5)*8))*0.12*0.4+((((D31/100)*0.5+F31*0.5+G31*0.2+H31*0.8+I31*1+J31*3+K31*5+(D31/100)*0.3)*8+(L31*IF(O31="High",2,IF(O31="Medium",1,0.5)))*8+(M31*IF(P31="EC2 (Lift & Shift)",0.2,IF(P31="AWS QuickSight",1.5,IF(P31="Power BI",1,0.5))))*8+(10+(D31/100)*0.5)*8))*0.08*0.4 -> 398.65712 | AN31: =AH31+AK31+((M31*IF(P31="EC2 (Lift & Shift)",0.2,IF(P31="AWS QuickSight",1.5,IF(P31="Power BI",1,0.5))))*8)*0.4+((10+(D31/100)*0.5)*8)*0.4+AD31+((((D31/100)*0.5+F31*0.5+G31*0.2+H31*0.8+I31*1+J31*3+K31*5+(D31/100)*0.3)*8+(L31*IF(O31="High",2,IF(O31="Medium",1,0.5)))*8+(M31*IF(P31="EC2 (Lift & Shift)",0.2,IF(P31="AWS QuickSight",1.5,IF(P31="Power BI",1,0.5))))*8+(10+(D31/100)*0.5)*8))*0.28*0.4+((((D31/100)*0.5+F31*0.5+G31*0.2+H31*0.8+I31*1+J31*3+K31*5+(D31/100)*0.3)*8+(L31*IF(O31="High",2,IF(O31="Medium",1,0.5)))*8+(M31*IF(P31="EC2 (Lift & Shift)",0.2,IF(P31="AWS QuickSight",1.5,IF(P31="Power BI",1,0.5))))*8+(10+(D31/100)*0.5)*8))*0.12*0.4+((((D31/100)*0.5+F31*0.5+G31*0.2+H31*0.8+I31*1+J31*3+K31*5+(D31/100)*0.3)*8+(L31*IF(O31="High",2,IF(O31="Medium",1,0.5)))*8+(M31*IF(P31="EC2 (Lift & Shift)",0.2,IF(P31="AWS QuickSight",1.5,IF(P31="Power BI",1,0.5))))*8+(10+(D31/100)*0.5)*8))*0.08*0.4 -> 386.65712 | AO31: =AI31+AL31+((M31*IF(P31="EC2 (Lift & Shift)",0.2,IF(P31="AWS QuickSight",1.5,IF(P31="Power BI",1,0.5))))*8)*0.2+((10+(D31/100)*0.5)*8)*0.2+AE31+((((D31/100)*0.5+F31*0.5+G31*0.2+H31*0.8+I31*1+J31*3+K31*5+(D31/100)*0.3)*8+(L31*IF(O31="High",2,IF(O31="Medium",1,0.5)))*8+(M31*IF(P31="EC2 (Lift & Shift)",0.2,IF(P31="AWS QuickSight",1.5,IF(P31="Power BI",1,0.5))))*8+(10+(D31/100)*0.5)*8))*0.28*0.2+((((D31/100)*0.5+F31*0.5+G31*0.2+H31*0.8+I31*1+J31*3+K31*5+(D31/100)*0.3)*8+(L31*IF(O31="High",2,IF(O31="Medium",1,0.5)))*8+(M31*IF(P31="EC2 (Lift & Shift)",0.2,IF(P31="AWS QuickSight",1.5,IF(P31="Power BI",1,0.5))))*8+(10+(D31/100)*0.5)*8))*0.12*0.2+((((D31/100)*0.5+F31*0.5+G31*0.2+H31*0.8+I31*1+J31*3+K31*5+(D31/100)*0.3)*8+(L31*IF(O31="High",2,IF(O31="Medium",1,0.5)))*8+(M31*IF(P31="EC2 (Lift & Shift)",0.2,IF(P31="AWS QuickSight",1.5,IF(P31="Power BI",1,0.5))))*8+(10+(D31/100)*0.5)*8))*0.08*0.2 -> 192.07856 | AP31: ='✏️ SME Input'!S31 -> 3 | AQ31: ='✏️ SME Input'!T31 -> 0 | AR31: ='✏️ SME Input'!U31 -> Snapshot
B32: ='✏️ SME Input'!B32 -> Campaign Management | C32: =IF(D32>1000,"T3 Complex",IF(D32>500,"T2 Moderate","T1 Simple")) -> T1 Simple | D32: ='✏️ SME Input'!D32 -> 170 | E32: ='✏️ SME Input'!E32 -> 60 | F32: ='✏️ SME Input'!F32 -> 40 | G32: ='✏️ SME Input'!G32 -> 24 | H32: ='✏️ SME Input'!H32 -> 4 | I32: ='✏️ SME Input'!I32 -> 3 | J32: ='✏️ SME Input'!J32 -> 0 | K32: ='✏️ SME Input'!K32 -> 0 | ... P32: ='✏️ SME Input'!P32 -> AWS QuickSight | Q32: ='✏️ SME Input'!C32 -> Wave 1 | R32: =((((D32/100)*0.5+F32*0.5+G32*0.2+H32*0.8+I32*1+J32*3+K32*5+(D32/100)*0.3)*8+(L32*IF(O32="High",2,IF(O32="Medium",1,0.5)))*8+(M32*IF(P32="EC2 (Lift & Shift)",0.2,IF(P32="AWS QuickSight",1.5,IF(P32="Power BI",1,0.5))))*8+(10+(D32/100)*0.5)*8))*0.08+(((D32/100)*0.5+F32*0.5+G32*0.2+H32*0.8+I32*1+J32*3+K32*5+(D32/100)*0.3)*8+(D32/100)*0.3*8)+((L32*IF(O32="High",2,IF(O32="Medium",1,0.5)))*8)+((M32*IF(P32="EC2 (Lift & Shift)",0.2,IF(P32="AWS QuickSight",1.5,IF(P32="Power BI",1,0.5))))*8)+((10+(D32/100)*0.5)*8)+((((D32/100)*0.5+F32*0.5+G32*0.2+H32*0.8+I32*1+J32*3+K32*5+(D32/100)*0.3)*8+(L32*IF(O32="High",2,IF(O32="Medium",1,0.5)))*8+(M32*IF(P32="EC2 (Lift & Shift)",0.2,IF(P32="AWS QuickSight",1.5,IF(P32="Power BI",1,0.5))))*8+(10+(D32/100)*0.5)*8))*0.28+((((D32/100)*0.5+F32*0.5+G32*0.2+H32*0.8+I32*1+J32*3+K32*5+(D32/100)*0.3)*8+(L32*IF(O32="High",2,IF(O32="Medium",1,0.5)))*8+(M32*IF(P32="EC2 (Lift & Shift)",0.2,IF(P32="AWS QuickSight",1.5,IF(P32="Power BI",1,0.5))))*8+(10+(D32/100)*0.5)*8))*0.12 -> 693.2864 | S32: =((((D32/100)*0.5+F32*0.5+G32*0.2+H32*0.8+I32*1+J32*3+K32*5+(D32/100)*0.3)*8+(L32*IF(O32="High",2,IF(O32="Medium",1,0.5)))*8+(M32*IF(P32="EC2 (Lift & Shift)",0.2,IF(P32="AWS QuickSight",1.5,IF(P32="Power BI",1,0.5))))*8+(10+(D32/100)*0.5)*8)*0.08)*(1-'📊 Dashboard'!C10/100)+((((D32/100)*0.5+F32*0.5+G32*0.2+H32*0.8+I32*1+J32*3+K32*5+(D32/100)*0.3)*8+(D32/100)*0.3*8))*(1-'📊 Dashboard'!C10/100)+((L32*IF(O32="High",2,IF(O32="Medium",1,0.5)))*8)*(1-'📊 Dashboard'!C11/100)+((M32*IF(P32="EC2 (Lift & Shift)",0.2,IF(P32="AWS QuickSight",1.5,IF(P32="Power BI",1,0.5))))*8)*(1-'📊 Dashboard'!C12/100)+((10+(D32/100)*0.5)*8)*(1-'📊 Dashboard'!C10/100)+((((D32/100)*0.5+F32*0.5+G32*0.2+H32*0.8+I32*1+J32*3+K32*5+(D32/100)*0.3)*8+(L32*IF(O32="High",2,IF(O32="Medium",1,0.5)))*8+(M32*IF(P32="EC2 (Lift & Shift)",0.2,IF(P32="AWS QuickSight",1.5,IF(P32="Power BI",1,0.5))))*8+(10+(D32/100)*0.5)*8)*0.28)*(1-'📊 Dashboard'!C13/100)+((((D32/100)*0.5+F32*0.5+G32*0.2+H32*0.8+I32*1+J32*3+K32*5+(D32/100)*0.3)*8+(L32*IF(O32="High",2,IF(O32="Medium",1,0.5)))*8+(M32*IF(P32="EC2 (Lift & Shift)",0.2,IF(P32="AWS QuickSight",1.5,IF(P32="Power BI",1,0.5))))*8+(10+(D32/100)*0.5)*8)*0.12)*(1-'📊 Dashboard'!C10/100) -> 509.13952 | T32: =S32*(1+'📊 Dashboard'!C14/100) -> 585.51045 | U32: =(((D32/100)*0.5+F32*0.5+G32*0.2+H32*0.8+I32*1+J32*3+K32*5+(D32/100)*0.3)*8+(L32*IF(O32="High",2,IF(O32="Medium",1,0.5)))*8+(M32*IF(P32="EC2 (Lift & Shift)",0.2,IF(P32="AWS QuickSight",1.5,IF(P32="Power BI",1,0.5))))*8+(10+(D32/100)*0.5)*8)*0.08 -> 37.2544 | V32: =((D32/100)*0.5+F32*0.5+G32*0.2+H32*0.8+I32*1+J32*3+K32*5+(D32/100)*0.3)*8+(D32/100)*0.3*8 -> 262.96 | W32: =(L32*IF(O32="High",2,IF(O32="Medium",1,0.5)))*8 -> 24 | X32: =(M32*IF(P32="EC2 (Lift & Shift)",0.2,IF(P32="AWS QuickSight",1.5,IF(P32="Power BI",1,0.5))))*8 -> 96 | Y32: =(10+(D32/100)*0.5)*8 -> 86.8 | Z32: =(((D32/100)*0.5+F32*0.5+G32*0.2+H32*0.8+I32*1+J32*3+K32*5+(D32/100)*0.3)*8+(L32*IF(O32="High",2,IF(O32="Medium",1,0.5)))*8+(M32*IF(P32="EC2 (Lift & Shift)",0.2,IF(P32="AWS QuickSight",1.5,IF(P32="Power BI",1,0.5))))*8+(10+(D32/100)*0.5)*8)*0.28 -> 130.3904 | AA32: =(((D32/100)*0.5+F32*0.5+G32*0.2+H32*0.8+I32*1+J32*3+K32*5+(D32/100)*0.3)*8+(L32*IF(O32="High",2,IF(O32="Medium",1,0.5)))*8+(M32*IF(P32="EC2 (Lift & Shift)",0.2,IF(P32="AWS QuickSight",1.5,IF(P32="Power BI",1,0.5))))*8+(10+(D32/100)*0.5)*8)*0.12 -> 55.8816 | AB32: ='✏️ SME Input'!R32 -> 0 | AC32: =AB32*0.75 -> 0 | AD32: =AB32*0.75 -> 0 | AE32: =AB32*0.75 -> 0 | AF32: =AB32*2.25 -> 0 | AG32: =(((D32/100)*0.5+F32*0.5+G32*0.2+H32*0.8+I32*1+J32*3+K32*5+(D32/100)*0.3)*8)*0.4 -> 103.552 | AH32: =(((D32/100)*0.5+F32*0.5+G32*0.2+H32*0.8+I32*1+J32*3+K32*5+(D32/100)*0.3)*8)*0.4 -> 103.552 | AI32: =(((D32/100)*0.5+F32*0.5+G32*0.2+H32*0.8+I32*1+J32*3+K32*5+(D32/100)*0.3)*8)*0.2 -> 51.776 | AJ32: =((L32*IF(O32="High",2,IF(O32="Medium",1,0.5)))*8)*0.5 -> 12 | AK32: =((L32*IF(O32="High",2,IF(O32="Medium",1,0.5)))*8)*0.35 -> 8.4 | AL32: =((L32*IF(O32="High",2,IF(O32="Medium",1,0.5)))*8)*0.15 -> 3.6 | AM32: =AG32+AJ32+((M32*IF(P32="EC2 (Lift & Shift)",0.2,IF(P32="AWS QuickSight",1.5,IF(P32="Power BI",1,0.5))))*8)*0.4+((10+(D32/100)*0.5)*8)*0.4+AC32+((((D32/100)*0.5+F32*0.5+G32*0.2+H32*0.8+I32*1+J32*3+K32*5+(D32/100)*0.3)*8+(L32*IF(O32="High",2,IF(O32="Medium",1,0.5)))*8+(M32*IF(P32="EC2 (Lift & Shift)",0.2,IF(P32="AWS QuickSight",1.5,IF(P32="Power BI",1,0.5))))*8+(10+(D32/100)*0.5)*8))*0.28*0.4+((((D32/100)*0.5+F32*0.5+G32*0.2+H32*0.8+I32*1+J32*3+K32*5+(D32/100)*0.3)*8+(L32*IF(O32="High",2,IF(O32="Medium",1,0.5)))*8+(M32*IF(P32="EC2 (Lift & Shift)",0.2,IF(P32="AWS QuickSight",1.5,IF(P32="Power BI",1,0.5))))*8+(10+(D32/100)*0.5)*8))*0.12*0.4+((((D32/100)*0.5+F32*0.5+G32*0.2+H32*0.8+I32*1+J32*3+K32*5+(D32/100)*0.3)*8+(L32*IF(O32="High",2,IF(O32="Medium",1,0.5)))*8+(M32*IF(P32="EC2 (Lift & Shift)",0.2,IF(P32="AWS QuickSight",1.5,IF(P32="Power BI",1,0.5))))*8+(10+(D32/100)*0.5)*8))*0.08*0.4 -> 278.08256 | AN32: =AH32+AK32+((M32*IF(P32="EC2 (Lift & Shift)",0.2,IF(P32="AWS QuickSight",1.5,IF(P32="Power BI",1,0.5))))*8)*0.4+((10+(D32/100)*0.5)*8)*0.4+AD32+((((D32/100)*0.5+F32*0.5+G32*0.2+H32*0.8+I32*1+J32*3+K32*5+(D32/100)*0.3)*8+(L32*IF(O32="High",2,IF(O32="Medium",1,0.5)))*8+(M32*IF(P32="EC2 (Lift & Shift)",0.2,IF(P32="AWS QuickSight",1.5,IF(P32="Power BI",1,0.5))))*8+(10+(D32/100)*0.5)*8))*0.28*0.4+((((D32/100)*0.5+F32*0.5+G32*0.2+H32*0.8+I32*1+J32*3+K32*5+(D32/100)*0.3)*8+(L32*IF(O32="High",2,IF(O32="Medium",1,0.5)))*8+(M32*IF(P32="EC2 (Lift & Shift)",0.2,IF(P32="AWS QuickSight",1.5,IF(P32="Power BI",1,0.5))))*8+(10+(D32/100)*0.5)*8))*0.12*0.4+((((D32/100)*0.5+F32*0.5+G32*0.2+H32*0.8+I32*1+J32*3+K32*5+(D32/100)*0.3)*8+(L32*IF(O32="High",2,IF(O32="Medium",1,0.5)))*8+(M32*IF(P32="EC2 (Lift & Shift)",0.2,IF(P32="AWS QuickSight",1.5,IF(P32="Power BI",1,0.5))))*8+(10+(D32/100)*0.5)*8))*0.08*0.4 -> 274.48256 | AO32: =AI32+AL32+((M32*IF(P32="EC2 (Lift & Shift)",0.2,IF(P32="AWS QuickSight",1.5,IF(P32="Power BI",1,0.5))))*8)*0.2+((10+(D32/100)*0.5)*8)*0.2+AE32+((((D32/100)*0.5+F32*0.5+G32*0.2+H32*0.8+I32*1+J32*3+K32*5+(D32/100)*0.3)*8+(L32*IF(O32="High",2,IF(O32="Medium",1,0.5)))*8+(M32*IF(P32="EC2 (Lift & Shift)",0.2,IF(P32="AWS QuickSight",1.5,IF(P32="Power BI",1,0.5))))*8+(10+(D32/100)*0.5)*8))*0.28*0.2+((((D32/100)*0.5+F32*0.5+G32*0.2+H32*0.8+I32*1+J32*3+K32*5+(D32/100)*0.3)*8+(L32*IF(O32="High",2,IF(O32="Medium",1,0.5)))*8+(M32*IF(P32="EC2 (Lift & Shift)",0.2,IF(P32="AWS QuickSight",1.5,IF(P32="Power BI",1,0.5))))*8+(10+(D32/100)*0.5)*8))*0.12*0.2+((((D32/100)*0.5+F32*0.5+G32*0.2+H32*0.8+I32*1+J32*3+K32*5+(D32/100)*0.3)*8+(L32*IF(O32="High",2,IF(O32="Medium",1,0.5)))*8+(M32*IF(P32="EC2 (Lift & Shift)",0.2,IF(P32="AWS QuickSight",1.5,IF(P32="Power BI",1,0.5))))*8+(10+(D32/100)*0.5)*8))*0.08*0.2 -> 136.64128 | AP32: ='✏️ SME Input'!S32 -> 0 | AQ32: ='✏️ SME Input'!T32 -> 0 | AR32: ='✏️ SME Input'!U32 -> None
B33: ='✏️ SME Input'!B33 -> Equipment Inventory | C33: =IF(D33>1000,"T3 Complex",IF(D33>500,"T2 Moderate","T1 Simple")) -> T1 Simple | D33: ='✏️ SME Input'!D33 -> 130 | E33: ='✏️ SME Input'!E33 -> 50 | F33: ='✏️ SME Input'!F33 -> 32 | G33: ='✏️ SME Input'!G33 -> 18 | H33: ='✏️ SME Input'!H33 -> 3 | I33: ='✏️ SME Input'!I33 -> 2 | J33: ='✏️ SME Input'!J33 -> 0 | K33: ='✏️ SME Input'!K33 -> 0 | ... P33: ='✏️ SME Input'!P33 -> AWS QuickSight | Q33: ='✏️ SME Input'!C33 -> Wave 1 | R33: =((((D33/100)*0.5+F33*0.5+G33*0.2+H33*0.8+I33*1+J33*3+K33*5+(D33/100)*0.3)*8+(L33*IF(O33="High",2,IF(O33="Medium",1,0.5)))*8+(M33*IF(P33="EC2 (Lift & Shift)",0.2,IF(P33="AWS QuickSight",1.5,IF(P33="Power BI",1,0.5))))*8+(10+(D33/100)*0.5)*8))*0.08+(((D33/100)*0.5+F33*0.5+G33*0.2+H33*0.8+I33*1+J33*3+K33*5+(D33/100)*0.3)*8+(D33/100)*0.3*8)+((L33*IF(O33="High",2,IF(O33="Medium",1,0.5)))*8)+((M33*IF(P33="EC2 (Lift & Shift)",0.2,IF(P33="AWS QuickSight",1.5,IF(P33="Power BI",1,0.5))))*8)+((10+(D33/100)*0.5)*8)+((((D33/100)*0.5+F33*0.5+G33*0.2+H33*0.8+I33*1+J33*3+K33*5+(D33/100)*0.3)*8+(L33*IF(O33="High",2,IF(O33="Medium",1,0.5)))*8+(M33*IF(P33="EC2 (Lift & Shift)",0.2,IF(P33="AWS QuickSight",1.5,IF(P33="Power BI",1,0.5))))*8+(10+(D33/100)*0.5)*8))*0.28+((((D33/100)*0.5+F33*0.5+G33*0.2+H33*0.8+I33*1+J33*3+K33*5+(D33/100)*0.3)*8+(L33*IF(O33="High",2,IF(O33="Medium",1,0.5)))*8+(M33*IF(P33="EC2 (Lift & Shift)",0.2,IF(P33="AWS QuickSight",1.5,IF(P33="Power BI",1,0.5))))*8+(10+(D33/100)*0.5)*8))*0.12 -> 538.1696 | S33: =((((D33/100)*0.5+F33*0.5+G33*0.2+H33*0.8+I33*1+J33*3+K33*5+(D33/100)*0.3)*8+(L33*IF(O33="High",2,IF(O33="Medium",1,0.5)))*8+(M33*IF(P33="EC2 (Lift & Shift)",0.2,IF(P33="AWS QuickSight",1.5,IF(P33="Power BI",1,0.5))))*8+(10+(D33/100)*0.5)*8)*0.08)*(1-'📊 Dashboard'!C10/100)+((((D33/100)*0.5+F33*0.5+G33*0.2+H33*0.8+I33*1+J33*3+K33*5+(D33/100)*0.3)*8+(D33/100)*0.3*8))*(1-'📊 Dashboard'!C10/100)+((L33*IF(O33="High",2,IF(O33="Medium",1,0.5)))*8)*(1-'📊 Dashboard'!C11/100)+((M33*IF(P33="EC2 (Lift & Shift)",0.2,IF(P33="AWS QuickSight",1.5,IF(P33="Power BI",1,0.5))))*8)*(1-'📊 Dashboard'!C12/100)+((10+(D33/100)*0.5)*8)*(1-'📊 Dashboard'!C10/100)+((((D33/100)*0.5+F33*0.5+G33*0.2+H33*0.8+I33*1+J33*3+K33*5+(D33/100)*0.3)*8+(L33*IF(O33="High",2,IF(O33="Medium",1,0.5)))*8+(M33*IF(P33="EC2 (Lift & Shift)",0.2,IF(P33="AWS QuickSight",1.5,IF(P33="Power BI",1,0.5))))*8+(10+(D33/100)*0.5)*8)*0.28)*(1-'📊 Dashboard'!C13/100)+((((D33/100)*0.5+F33*0.5+G33*0.2+H33*0.8+I33*1+J33*3+K33*5+(D33/100)*0.3)*8+(L33*IF(O33="High",2,IF(O33="Medium",1,0.5)))*8+(M33*IF(P33="EC2 (Lift & Shift)",0.2,IF(P33="AWS QuickSight",1.5,IF(P33="Power BI",1,0.5))))*8+(10+(D33/100)*0.5)*8)*0.12)*(1-'📊 Dashboard'!C10/100) -> 393.64128 | T33: =S33*(1+'📊 Dashboard'!C14/100) -> 452.68747 | U33: =(((D33/100)*0.5+F33*0.5+G33*0.2+H33*0.8+I33*1+J33*3+K33*5+(D33/100)*0.3)*8+(L33*IF(O33="High",2,IF(O33="Medium",1,0.5)))*8+(M33*IF(P33="EC2 (Lift & Shift)",0.2,IF(P33="AWS QuickSight",1.5,IF(P33="Power BI",1,0.5))))*8+(10+(D33/100)*0.5)*8)*0.08 -> 28.9216 | V33: =((D33/100)*0.5+F33*0.5+G33*0.2+H33*0.8+I33*1+J33*3+K33*5+(D33/100)*0.3)*8+(D33/100)*0.3*8 -> 203.44 | W33: =(L33*IF(O33="High",2,IF(O33="Medium",1,0.5)))*8 -> 16 | X33: =(M33*IF(P33="EC2 (Lift & Shift)",0.2,IF(P33="AWS QuickSight",1.5,IF(P33="Power BI",1,0.5))))*8 -> 60 | Y33: =(10+(D33/100)*0.5)*8 -> 85.2 | Z33: =(((D33/100)*0.5+F33*0.5+G33*0.2+H33*0.8+I33*1+J33*3+K33*5+(D33/100)*0.3)*8+(L33*IF(O33="High",2,IF(O33="Medium",1,0.5)))*8+(M33*IF(P33="EC2 (Lift & Shift)",0.2,IF(P33="AWS QuickSight",1.5,IF(P33="Power BI",1,0.5))))*8+(10+(D33/100)*0.5)*8)*0.28 -> 101.2256 | AA33: =(((D33/100)*0.5+F33*0.5+G33*0.2+H33*0.8+I33*1+J33*3+K33*5+(D33/100)*0.3)*8+(L33*IF(O33="High",2,IF(O33="Medium",1,0.5)))*8+(M33*IF(P33="EC2 (Lift & Shift)",0.2,IF(P33="AWS QuickSight",1.5,IF(P33="Power BI",1,0.5))))*8+(10+(D33/100)*0.5)*8)*0.12 -> 43.3824 | AB33: ='✏️ SME Input'!R33 -> 0 | AC33: =AB33*0.75 -> 0 | AD33: =AB33*0.75 -> 0 | AE33: =AB33*0.75 -> 0 | AF33: =AB33*2.25 -> 0 | AG33: =(((D33/100)*0.5+F33*0.5+G33*0.2+H33*0.8+I33*1+J33*3+K33*5+(D33/100)*0.3)*8)*0.4 -> 80.128 | AH33: =(((D33/100)*0.5+F33*0.5+G33*0.2+H33*0.8+I33*1+J33*3+K33*5+(D33/100)*0.3)*8)*0.4 -> 80.128 | AI33: =(((D33/100)*0.5+F33*0.5+G33*0.2+H33*0.8+I33*1+J33*3+K33*5+(D33/100)*0.3)*8)*0.2 -> 40.064 | AJ33: =((L33*IF(O33="High",2,IF(O33="Medium",1,0.5)))*8)*0.5 -> 8 | AK33: =((L33*IF(O33="High",2,IF(O33="Medium",1,0.5)))*8)*0.35 -> 5.6 | AL33: =((L33*IF(O33="High",2,IF(O33="Medium",1,0.5)))*8)*0.15 -> 2.4 | AM33: =AG33+AJ33+((M33*IF(P33="EC2 (Lift & Shift)",0.2,IF(P33="AWS QuickSight",1.5,IF(P33="Power BI",1,0.5))))*8)*0.4+((10+(D33/100)*0.5)*8)*0.4+AC33+((((D33/100)*0.5+F33*0.5+G33*0.2+H33*0.8+I33*1+J33*3+K33*5+(D33/100)*0.3)*8+(L33*IF(O33="High",2,IF(O33="Medium",1,0.5)))*8+(M33*IF(P33="EC2 (Lift & Shift)",0.2,IF(P33="AWS QuickSight",1.5,IF(P33="Power BI",1,0.5))))*8+(10+(D33/100)*0.5)*8))*0.28*0.4+((((D33/100)*0.5+F33*0.5+G33*0.2+H33*0.8+I33*1+J33*3+K33*5+(D33/100)*0.3)*8+(L33*IF(O33="High",2,IF(O33="Medium",1,0.5)))*8+(M33*IF(P33="EC2 (Lift & Shift)",0.2,IF(P33="AWS QuickSight",1.5,IF(P33="Power BI",1,0.5))))*8+(10+(D33/100)*0.5)*8))*0.12*0.4+((((D33/100)*0.5+F33*0.5+G33*0.2+H33*0.8+I33*1+J33*3+K33*5+(D33/100)*0.3)*8+(L33*IF(O33="High",2,IF(O33="Medium",1,0.5)))*8+(M33*IF(P33="EC2 (Lift & Shift)",0.2,IF(P33="AWS QuickSight",1.5,IF(P33="Power BI",1,0.5))))*8+(10+(D33/100)*0.5)*8))*0.08*0.4 -> 215.61984 | AN33: =AH33+AK33+((M33*IF(P33="EC2 (Lift & Shift)",0.2,IF(P33="AWS QuickSight",1.5,IF(P33="Power BI",1,0.5))))*8)*0.4+((10+(D33/100)*0.5)*8)*0.4+AD33+((((D33/100)*0.5+F33*0.5+G33*0.2+H33*0.8+I33*1+J33*3+K33*5+(D33/100)*0.3)*8+(L33*IF(O33="High",2,IF(O33="Medium",1,0.5)))*8+(M33*IF(P33="EC2 (Lift & Shift)",0.2,IF(P33="AWS QuickSight",1.5,IF(P33="Power BI",1,0.5))))*8+(10+(D33/100)*0.5)*8))*0.28*0.4+((((D33/100)*0.5+F33*0.5+G33*0.2+H33*0.8+I33*1+J33*3+K33*5+(D33/100)*0.3)*8+(L33*IF(O33="High",2,IF(O33="Medium",1,0.5)))*8+(M33*IF(P33="EC2 (Lift & Shift)",0.2,IF(P33="AWS QuickSight",1.5,IF(P33="Power BI",1,0.5))))*8+(10+(D33/100)*0.5)*8))*0.12*0.4+((((D33/100)*0.5+F33*0.5+G33*0.2+H33*0.8+I33*1+J33*3+K33*5+(D33/100)*0.3)*8+(L33*IF(O33="High",2,IF(O33="Medium",1,0.5)))*8+(M33*IF(P33="EC2 (Lift & Shift)",0.2,IF(P33="AWS QuickSight",1.5,IF(P33="Power BI",1,0.5))))*8+(10+(D33/100)*0.5)*8))*0.08*0.4 -> 213.21984 | AO33: =AI33+AL33+((M33*IF(P33="EC2 (Lift & Shift)",0.2,IF(P33="AWS QuickSight",1.5,IF(P33="Power BI",1,0.5))))*8)*0.2+((10+(D33/100)*0.5)*8)*0.2+AE33+((((D33/100)*0.5+F33*0.5+G33*0.2+H33*0.8+I33*1+J33*3+K33*5+(D33/100)*0.3)*8+(L33*IF(O33="High",2,IF(O33="Medium",1,0.5)))*8+(M33*IF(P33="EC2 (Lift & Shift)",0.2,IF(P33="AWS QuickSight",1.5,IF(P33="Power BI",1,0.5))))*8+(10+(D33/100)*0.5)*8))*0.28*0.2+((((D33/100)*0.5+F33*0.5+G33*0.2+H33*0.8+I33*1+J33*3+K33*5+(D33/100)*0.3)*8+(L33*IF(O33="High",2,IF(O33="Medium",1,0.5)))*8+(M33*IF(P33="EC2 (Lift & Shift)",0.2,IF(P33="AWS QuickSight",1.5,IF(P33="Power BI",1,0.5))))*8+(10+(D33/100)*0.5)*8))*0.12*0.2+((((D33/100)*0.5+F33*0.5+G33*0.2+H33*0.8+I33*1+J33*3+K33*5+(D33/100)*0.3)*8+(L33*IF(O33="High",2,IF(O33="Medium",1,0.5)))*8+(M33*IF(P33="EC2 (Lift & Shift)",0.2,IF(P33="AWS QuickSight",1.5,IF(P33="Power BI",1,0.5))))*8+(10+(D33/100)*0.5)*8))*0.08*0.2 -> 106.20992 | AP33: ='✏️ SME Input'!S33 -> 0 | AQ33: ='✏️ SME Input'!T33 -> 0 | AR33: ='✏️ SME Input'!U33 -> None
