Workbook

Sheet ✏️ SME Input
B5: 📋 INSTRUCTIONS: Fill in ORANGE cells only. S.No = sequence number | VAST ID = your VAST system ID | APP ID = application code. Dropdown cells show ▼ — click to select. Leave rows blank if not used.
B6: IDENTIFIERS | E6: APPLICATION & WAVE | G6: DATABASE & OBJECT INVENTORY | Q6: ETL & REPORTING | T6: INFORMATICA & REPLICATION | X6: NOTES
B7: S.No | C7: VAST ID | D7: APP ID | E7: Application Name | F7: Wave / Release | G7: DB Size (GB) | H7: No. of Tables | I7: No. of Stored Procs | J7: No. of Views | K7: No. of Triggers | L7: SQL Agent Jobs | M7: Linked Servers | N7: CLR Objects | O7: SSIS Packages | P7: SSRS Reports | Q7: Informatica Workflows/Jobs (No workflow change — count) | R7: SSIS Complexity | S7: SSRS Strategy | T7: Informatica Job Count | U7: Replication Articles (Trans+Merge) | V7: Snapshot Publications | W7: Replication Type | X7: SME Notes / Risks
B8: ⬆ ENTER | C8: ⬆ ENTER | D8: ⬆ ENTER | E8: ⬆ ENTER | F8: ▼ Select | G8: ⬆ ENTER | H8: ⬆ ENTER | I8: ⬆ ENTER | J8: ⬆ ENTER | K8: ⬆ ENTER | L8: ⬆ ENTER | M8: ⬆ ENTER | N8: ⬆ ENTER | O8: ⬆ ENTER | P8: ⬆ ENTER | Q8: ⬆ ENTER | R8: ▼ Select | S8: ▼ Select | T8: ⬆ ENTER | U8: ⬆ ENTER | V8: ⬆ ENTER | W8: ▼ Select | X8: Free text
B38: TOTALS | G38: =SUM(G9:G37) -> 0 | H38: =SUM(H9:H37) -> 0 | I38: =SUM(I9:I37) -> 0 | J38: =SUM(J9:J37) -> 0 | K38: =SUM(K9:K37) -> 0 | L38: =SUM(L9:L37) -> 0 | M38: =SUM(M9:M37) -> 0 | N38: =SUM(N9:N37) -> 0 | ... Q38: =SUM(Q9:Q37) -> 0 | T38: =SUM(T9:T37) -> 0 | U38: =SUM(U9:U37) -> 0 | V38: =SUM(V9:V37) -> 0

Sheet 📋 App Effort Detail
B4: Formulas auto-calculate from SME Input sheet values. Orange = SME editable input. Green = calculated output. Hours = Days × 8. AI saving applied per role. Contingency = AI-adj × (1 + buffer%).
B5: APP IDENTITY | D5: DATABASE PROFILE | I5: SQL OBJECT INVENTORY | O5: ETL & REPORTING | R5: EFFORT TOTALS (hours) | AB5: INFORMATICA EFFORT (hrs) | AG5: ENVIRONMENT BREAKDOWN — Data & ETL (hrs) | AM5: TOTAL BY ENV (hrs) | AP5: APPLICATION IDENTIFIERS
B6: Application Name | C6: Tier (Auto) | D6: DB Size (GB) | E6: Tables | F6: Stored Procs | G6: Views | H6: Triggers | I6: SQL Agent Jobs | J6: Linked Servers | K6: CLR Objects | L6: SSIS Packages | M6: SSRS Reports | N6: Informatica Workflows/Jobs (No workflow change — count for JDBC) | O6: SSIS Complexity | P6: SSRS Strategy | Q6: Wave | R6: Gross Hours | S6: AI-Adj Hours | T6: Hours w/ Contingency | AB6: Informatica Job Count | AC6: Inform. Dev hrs | AD6: Inform. Test hrs | AE6: Inform. Prod hrs | AF6: Inform. Total hrs | AG6: Data Dev hrs | AH6: Data Test hrs | AI6: Data Prod hrs | AJ6: ETL Dev hrs | AK6: ETL Test hrs | AL6: ETL Prod hrs | AM6: Total Dev hrs | AN6: Total Test hrs | AO6: Total Prod hrs | AP6: S.No | AQ6: VAST ID | AR6: APP ID
B7: Label/Formula | C7: Label/Formula | D7: ⬆ Input | E7: ⬆ Input | F7: ⬆ Input | G7: ⬆ Input | H7: ⬆ Input | I7: ⬆ Input | J7: ⬆ Input | K7: ⬆ Input | L7: ⬆ Input | M7: ⬆ Input | N7: ⬆ Input | O7: ⬆ Input | P7: ⬆ Input | Q7: ⬆ Input | R7: Formula | S7: Formula | T7: Formula | AB7: Ref SME | AC7: Formula | AD7: Formula | AE7: Formula | AF7: Formula | AG7: Formula | AH7: Formula | AI7: Formula | AJ7: Formula | AK7: Formula | AL7: Formula | AM7: Formula | AN7: Formula | AO7: Formula | AP7: Ref SME | AQ7: Ref SME | AR7: Ref SME
B8: ='✏️ SME Input'!E9 -> 0 | C8: =IF(B8="","",IF(D8>1000,"T3 Complex",IF(D8>500,"T2 Moderate","T1 Simple"))) | D8: ='✏️ SME Input'!G9 -> 0 | E8: ='✏️ SME Input'!H9 -> 0 | F8: ='✏️ SME Input'!I9 -> 0 | G8: ='✏️ SME Input'!J9 -> 0 | H8: ='✏️ SME Input'!K9 -> 0 | I8: ='✏️ SME Input'!L9 -> 0 | J8: ='✏️ SME Input'!M9 -> 0 | K8: ='✏️ SME Input'!N9 -> 0 | ... P8: ='✏️ SME Input'!S9 -> 0 | Q8: ='✏️ SME Input'!F9 -> 0 | R8: =IF(B8="",0,((D8/100)*'⚙️ Rate Card'!C7+F8*'⚙️ Rate Card'!C9+G8*'⚙️ Rate Card'!C10+H8*'⚙️ Rate Card'!C11+I8*'⚙️ Rate Card'!C12+J8*'⚙️ Rate Card'!C13+K8*'⚙️ Rate Card'!C14+(D8/100)*'⚙️ Rate Card'!C8+L8*IF(OR(O8="N/A",O8="None",O8=""),0,IF(O8="High",'⚙️ Rate Card'!C20,IF(O8="Medium",'⚙️ Rate Card'!C19,'⚙️ Rate Card'!C18)))+M8*IF(OR(P8="Decommission",P8=""),'⚙️ Rate Card'!C29,IF(P8="EC2 (Lift & Shift)",'⚙️ Rate Card'!C25,IF(P8="AWS QuickSight",'⚙️ Rate Card'!C27,IF(P8="Power BI",'⚙️ Rate Card'!C28,IF(P8="Custom Reporting Solution",'⚙️ Rate Card'!C26,0)))))+IF(B8="",0,'⚙️ Rate Card'!C33+(D8/100)*'⚙️ Rate Card'!C34))*'⚙️ Rate Card'!C37+(D8/100)*'⚙️ Rate Card'!C7+F8*'⚙️ Rate Card'!C9+G8*'⚙️ Rate Card'!C10+H8*'⚙️ Rate Card'!C11+I8*'⚙️ Rate Card'!C12+J8*'⚙️ Rate Card'!C13+K8*'⚙️ Rate Card'!C14+(D8/100)*'⚙️ Rate Card'!C8+(D8/100)*'⚙️ Rate Card'!C8+L8*IF(OR(O8="N/A",O8="None",O8=""),0,IF(O8="High",'⚙️ Rate Card'!C20,IF(O8="Medium",'⚙️ Rate Card'!C19,'⚙️ Rate Card'!C18)))+M8*IF(OR(P8="Decommission",P8=""),'⚙️ Rate Card'!C29,IF(P8="EC2 (Lift & Shift)",'⚙️ Rate Card'!C25,IF(P8="AWS QuickSight",'⚙️ Rate Card'!C27,IF(P8="Power BI",'⚙️ Rate Card'!C28,IF(P8="Custom Reporting Solution",'⚙️ Rate Card'!C26,0)))))+IF(B8="",0,'⚙️ Rate Card'!C33+(D8/100)*'⚙️ Rate Card'!C34)+((D8/100)*'⚙️ Rate Card'!C7+F8*'⚙️ Rate Card'!C9+G8*'⚙️ Rate Card'!C10+H8*'⚙️ Rate Card'!C11+I8*'⚙️ Rate Card'!C12+J8*'⚙️ Rate Card'!C13+K8*'⚙️ Rate Card'!C14+(D8/100)*'⚙️ Rate Card'!C8+L8*IF(OR(O8="N/A",O8="None",O8=""),0,IF(O8="High",'⚙️ Rate Card'!C20,IF(O8="Medium",'⚙️ Rate Card'!C19,'⚙️ Rate Card'!C18)))+M8*IF(OR(P8="Decommission",P8=""),'⚙️ Rate Card'!C29,IF(P8="EC2 (Lift & Shift)",'⚙️ Rate Card'!C25,IF(P8="AWS QuickSight",'⚙️ Rate Card'!C27,IF(P8="Power BI",'⚙️ Rate Card'!C28,IF(P8="Custom Reporting Solution",'⚙️ Rate Card'!C26,0)))))+IF(B8="",0,'⚙️ Rate Card'!C33+(D8/100)*'⚙️ Rate Card'!C34))*'⚙️ Rate Card'!C35+((D8/100)*'⚙️ Rate Card'!C7+F8*'⚙️ Rate Card'!C9+G8*'⚙️ Rate Card'!C10+H8*'⚙️ Rate Card'!C11+I8*'⚙️ Rate Card'!C12+J8*'⚙️ Rate Card'!C13+K8*'⚙️ Rate Card'!C14+(D8/100)*'⚙️ Rate Card'!C8+L8*IF(OR(O8="N/A",O8="None",O8=""),0,IF(O8="High",'⚙️ Rate Card'!C20,IF(O8="Medium",'⚙️ Rate Card'!C19,'⚙️ Rate Card'!C18)))+M8*IF(OR(P8="Decommission",P8=""),'⚙️ Rate Card'!C29,IF(P8="EC2 (Lift & Shift)",'⚙️ Rate Card'!C25,IF(P8="AWS QuickSight",'⚙️ Rate Card'!C27,IF(P8="Power BI",'⚙️ Rate Card'!C28,IF(P8="Custom Reporting Solution",'⚙️ Rate Card'!C26,0)))))+IF(B8="",0,'⚙️ Rate Card'!C33+(D8/100)*'⚙️ Rate Card'!C34))*'⚙️ Rate Card'!C36) -> 0 | S8: =IF(B8="",0,(((D8/100)*'⚙️ Rate Card'!C7+F8*'⚙️ Rate Card'!C9+G8*'⚙️ Rate Card'!C10+H8*'⚙️ Rate Card'!C11+I8*'⚙️ Rate Card'!C12+J8*'⚙️ Rate Card'!C13+K8*'⚙️ Rate Card'!C14+(D8/100)*'⚙️ Rate Card'!C8+L8*IF(OR(O8="N/A",O8="None",O8=""),0,IF(O8="High",'⚙️ Rate Card'!C20,IF(O8="Medium",'⚙️ Rate Card'!C19,'⚙️ Rate Card'!C18)))+M8*IF(OR(P8="Decommission",P8=""),'⚙️ Rate Card'!C29,IF(P8="EC2 (Lift & Shift)",'⚙️ Rate Card'!C25,IF(P8="AWS QuickSight",'⚙️ Rate Card'!C27,IF(P8="Power BI",'⚙️ Rate Card'!C28,IF(P8="Custom Reporting Solution",'⚙️ Rate Card'!C26,0)))))+IF(B8="",0,'⚙️ Rate Card'!C33+(D8/100)*'⚙️ Rate Card'!C34))*'⚙️ Rate Card'!C37)*(1-'📊 Dashboard'!C10/100)+(((D8/100)*'⚙️ Rate Card'!C7+F8*'⚙️ Rate Card'!C9+G8*'⚙️ Rate Card'!C10+H8*'⚙️ Rate Card'!C11+I8*'⚙️ Rate Card'!C12+J8*'⚙️ Rate Card'!C13+K8*'⚙️ Rate Card'!C14+(D8/100)*'⚙️ Rate Card'!C8+(D8/100)*'⚙️ Rate Card'!C8))*(1-'📊 Dashboard'!C10/100)+(L8*IF(OR(O8="N/A",O8="None",O8=""),0,IF(O8="High",'⚙️ Rate Card'!C20,IF(O8="Medium",'⚙️ Rate Card'!C19,'⚙️ Rate Card'!C18))))*(1-'📊 Dashboard'!C11/100)+(M8*IF(OR(P8="Decommission",P8=""),'⚙️ Rate Card'!C29,IF(P8="EC2 (Lift & Shift)",'⚙️ Rate Card'!C25,IF(P8="AWS QuickSight",'⚙️ Rate Card'!C27,IF(P8="Power BI",'⚙️ Rate Card'!C28,IF(P8="Custom Reporting Solution",'⚙️ Rate Card'!C26,0))))))*(1-'📊 Dashboard'!C12/100)+(IF(B8="",0,'⚙️ Rate Card'!C33+(D8/100)*'⚙️ Rate Card'!C34))*(1-'📊 Dashboard'!C10/100)+(((D8/100)*'⚙️ Rate Card'!C7+F8*'⚙️ Rate Card'!C9+G8*'⚙️ Rate Card'!C10+H8*'⚙️ Rate Card'!C11+I8*'⚙️ Rate Card'!C12+J8*'⚙️ Rate Card'!C13+K8*'⚙️ Rate Card'!C14+(D8/100)*'⚙️ Rate Card'!C8+L8*IF(OR(O8="N/A",O8="None",O8=""),0,IF(O8="High",'⚙️ Rate Card'!C20,IF(O8="Medium",'⚙️ Rate Card'!C19,'⚙️ Rate Card'!C18)))+M8*IF(OR(P8="Decommission",P8=""),'⚙️ Rate Card'!C29,IF(P8="EC2 (Lift & Shift)",'⚙️ Rate Card'!C25,IF(P8="AWS QuickSight",'⚙️ Rate Card'!C27,IF(P8="Power BI",'⚙️ Rate Card'!C28,IF(P8="Custom Reporting Solution",'⚙️ Rate Card'!C26,0)))))+IF(B8="",0,'⚙️ Rate Card'!C33+(D8/100)*'⚙️ Rate Card'!C34))*'⚙️ Rate Card'!C35)*(1-'📊 Dashboard'!C13/100)+(((D8/100)*'⚙️ Rate Card'!C7+F8*'⚙️ Rate Card'!C9+G8*'⚙️ Rate Card'!C10+H8*'⚙️ Rate Card'!C11+I8*'⚙️ Rate Card'!C12+J8*'⚙️ Rate Card'!C13+K8*'⚙️ Rate Card'!C14+(D8/100)*'⚙️ Rate Card'!C8+L8*IF(OR(O8="N/A",O8="None",O8=""),0,IF(O8="High",'⚙️ Rate Card'!C20,IF(O8="Medium",'⚙️ Rate Card'!C19,'⚙️ Rate Card'!C18)))+M8*IF(OR(P8="Decommission",P8=""),'⚙️ Rate Card'!C29,IF(P8="EC2 (Lift & Shift)",'⚙️ Rate Card'!C25,IF(P8="AWS QuickSight",'⚙️ Rate Card'!C27,IF(P8="Power BI",'⚙️ Rate Card'!C28,IF(P8="Custom Reporting Solution",'⚙️ Rate Card'!C26,0)))))+IF(B8="",0,'⚙️ Rate Card'!C33+(D8/100)*'⚙️ Rate Card'!C34))*'⚙️ Rate Card'!C36)*(1-'📊 Dashboard'!C10/100)) -> 0 | T8: =IF(B8="",0,S8*(1+'📊 Dashboard'!C14/100)) -> 0 | U8: =IF(B8="",0,((D8/100)*'⚙️ Rate Card'!C7+F8*'⚙️ Rate Card'!C9+G8*'⚙️ Rate Card'!C10+H8*'⚙️ Rate Card'!C11+I8*'⚙️ Rate Card'!C12+J8*'⚙️ Rate Card'!C13+K8*'⚙️ Rate Card'!C14+(D8/100)*'⚙️ Rate Card'!C8+L8*IF(OR(O8="N/A",O8="None",O8=""),0,IF(O8="High",'⚙️ Rate Card'!C20,IF(O8="Medium",'⚙️ Rate Card'!C19,'⚙️ Rate Card'!C18)))+M8*IF(OR(P8="Decommission",P8=""),'⚙️ Rate Card'!C29,IF(P8="EC2 (Lift & Shift)",'⚙️ Rate Card'!C25,IF(P8="AWS QuickSight",'⚙️ Rate Card'!C27,IF(P8="Power BI",'⚙️ Rate Card'!C28,IF(P8="Custom Reporting Solution",'⚙️ Rate Card'!C26,0)))))+IF(B8="",0,'⚙️ Rate Card'!C33+(D8/100)*'⚙️ Rate Card'!C34))*'⚙️ Rate Card'!C37) -> 0 | V8: =IF(B8="",0,(D8/100)*'⚙️ Rate Card'!C7+F8*'⚙️ Rate Card'!C9+G8*'⚙️ Rate Card'!C10+H8*'⚙️ Rate Card'!C11+I8*'⚙️ Rate Card'!C12+J8*'⚙️ Rate Card'!C13+K8*'⚙️ Rate Card'!C14+(D8/100)*'⚙️ Rate Card'!C8+(D8/100)*'⚙️ Rate Card'!C8) -> 0 | W8: =IF(B8="",0,L8*IF(OR(O8="N/A",O8="None",O8=""),0,IF(O8="High",'⚙️ Rate Card'!C20,IF(O8="Medium",'⚙️ Rate Card'!C19,'⚙️ Rate Card'!C18)))) -> 0 | X8: =IF(B8="",0,M8*IF(OR(P8="Decommission",P8=""),'⚙️ Rate Card'!C29,IF(P8="EC2 (Lift & Shift)",'⚙️ Rate Card'!C25,IF(P8="AWS QuickSight",'⚙️ Rate Card'!C27,IF(P8="Power BI",'⚙️ Rate Card'!C28,IF(P8="Custom Reporting Solution",'⚙️ Rate Card'!C26,0)))))) -> 0 | Y8: =IF(B8="",0,IF(B8="",0,'⚙️ Rate Card'!C33+(D8/100)*'⚙️ Rate Card'!C34)) -> 0 | Z8: =IF(B8="",0,((D8/100)*'⚙️ Rate Card'!C7+F8*'⚙️ Rate Card'!C9+G8*'⚙️ Rate Card'!C10+H8*'⚙️ Rate Card'!C11+I8*'⚙️ Rate Card'!C12+J8*'⚙️ Rate Card'!C13+K8*'⚙️ Rate Card'!C14+(D8/100)*'⚙️ Rate Card'!C8+L8*IF(OR(O8="N/A",O8="None",O8=""),0,IF(O8="High",'⚙️ Rate Card'!C20,IF(O8="Medium",'⚙️ Rate Card'!C19,'⚙️ Rate Card'!C18)))+M8*IF(OR(P8="Decommission",P8=""),'⚙️ Rate Card'!C29,IF(P8="EC2 (Lift & Shift)",'⚙️ Rate Card'!C25,IF(P8="AWS QuickSight",'⚙️ Rate Card'!C27,IF(P8="Power BI",'⚙️ Rate Card'!C28,IF(P8="Custom Reporting Solution",'⚙️ Rate Card'!C26,0)))))+IF(B8="",0,'⚙️ Rate Card'!C33+(D8/100)*'⚙️ Rate Card'!C34))*'⚙️ Rate Card'!C35) -> 0 | AA8: =IF(B8="",0,((D8/100)*'⚙️ Rate Card'!C7+F8*'⚙️ Rate Card'!C9+G8*'⚙️ Rate Card'!C10+H8*'⚙️ Rate Card'!C11+I8*'⚙️ Rate Card'!C12+J8*'⚙️ Rate Card'!C13+K8*'⚙️ Rate Card'!C14+(D8/100)*'⚙️ Rate Card'!C8+L8*IF(OR(O8="N/A",O8="None",O8=""),0,IF(O8="High",'⚙️ Rate Card'!C20,IF(O8="Medium",'⚙️ Rate Card'!C19,'⚙️ Rate Card'!C18)))+M8*IF(OR(P8="Decommission",P8=""),'⚙️ Rate Card'!C29,IF(P8="EC2 (Lift & Shift)",'⚙️ Rate Card'!C25,IF(P8="AWS QuickSight",'⚙️ Rate Card'!C27,IF(P8="Power BI",'⚙️ Rate Card'!C28,IF(P8="Custom Reporting Solution",'⚙️ Rate Card'!C26,0)))))+IF(B8="",0,'⚙️ Rate Card'!C33+(D8/100)*'⚙️ Rate Card'!C34))*'⚙️ Rate Card'!C36) -> 0 | AB8: ='✏️ SME Input'!T9 -> 0 | AC8: =IF(B8="",0,AB8*0.75) -> 0 | AD8: =IF(B8="",0,AB8*0.75) -> 0 | AE8: =IF(B8="",0,AB8*0.75) -> 0 | AF8: =IF(B8="",0,AB8*2.25) -> 0 | AG8: =IF(B8="",0,((D8/100)*'⚙️ Rate Card'!C7+F8*'⚙️ Rate Card'!C9+G8*'⚙️ Rate Card'!C10+H8*'⚙️ Rate Card'!C11+I8*'⚙️ Rate Card'!C12+J8*'⚙️ Rate Card'!C13+K8*'⚙️ Rate Card'!C14+(D8/100)*'⚙️ Rate Card'!C8)*0.4) -> 0 | AH8: =IF(B8="",0,((D8/100)*'⚙️ Rate Card'!C7+F8*'⚙️ Rate Card'!C9+G8*'⚙️ Rate Card'!C10+H8*'⚙️ Rate Card'!C11+I8*'⚙️ Rate Card'!C12+J8*'⚙️ Rate Card'!C13+K8*'⚙️ Rate Card'!C14+(D8/100)*'⚙️ Rate Card'!C8)*0.4) -> 0 | AI8: =IF(B8="",0,((D8/100)*'⚙️ Rate Card'!C7+F8*'⚙️ Rate Card'!C9+G8*'⚙️ Rate Card'!C10+H8*'⚙️ Rate Card'!C11+I8*'⚙️ Rate Card'!C12+J8*'⚙️ Rate Card'!C13+K8*'⚙️ Rate Card'!C14+(D8/100)*'⚙️ Rate Card'!C8)*0.2) -> 0 | AJ8: =IF(B8="",0,(L8*IF(OR(O8="N/A",O8="None",O8=""),0,IF(O8="High",'⚙️ Rate Card'!C20,IF(O8="Medium",'⚙️ Rate Card'!C19,'⚙️ Rate Card'!C18))))*0.5) -> 0 | AK8: =IF(B8="",0,(L8*IF(OR(O8="N/A",O8="None",O8=""),0,IF(O8="High",'⚙️ Rate Card'!C20,IF(O8="Medium",'⚙️ Rate Card'!C19,'⚙️ Rate Card'!C18))))*0.35) -> 0 | AL8: =IF(B8="",0,(L8*IF(OR(O8="N/A",O8="None",O8=""),0,IF(O8="High",'⚙️ Rate Card'!C20,IF(O8="Medium",'⚙️ Rate Card'!C19,'⚙️ Rate Card'!C18))))*0.15) -> 0 | AM8: =IF(B8="",0,AG8+AJ8+(M8*IF(OR(P8="Decommission",P8=""),'⚙️ Rate Card'!C29,IF(P8="EC2 (Lift & Shift)",'⚙️ Rate Card'!C25,IF(P8="AWS QuickSight",'⚙️ Rate Card'!C27,IF(P8="Power BI",'⚙️ Rate Card'!C28,IF(P8="Custom Reporting Solution",'⚙️ Rate Card'!C26,0))))))*0.4+(IF(B8="",0,'⚙️ Rate Card'!C33+(D8/100)*'⚙️ Rate Card'!C34))*0.4+AC8+(((D8/100)*'⚙️ Rate Card'!C7+F8*'⚙️ Rate Card'!C9+G8*'⚙️ Rate Card'!C10+H8*'⚙️ Rate Card'!C11+I8*'⚙️ Rate Card'!C12+J8*'⚙️ Rate Card'!C13+K8*'⚙️ Rate Card'!C14+(D8/100)*'⚙️ Rate Card'!C8+L8*IF(OR(O8="N/A",O8="None",O8=""),0,IF(O8="High",'⚙️ Rate Card'!C20,IF(O8="Medium",'⚙️ Rate Card'!C19,'⚙️ Rate Card'!C18)))+M8*IF(OR(P8="Decommission",P8=""),'⚙️ Rate Card'!C29,IF(P8="EC2 (Lift & Shift)",'⚙️ Rate Card'!C25,IF(P8="AWS QuickSight",'⚙️ Rate Card'!C27,IF(P8="Power BI",'⚙️ Rate Card'!C28,IF(P8="Custom Reporting Solution",'⚙️ Rate Card'!C26,0)))))+IF(B8="",0,'⚙️ Rate Card'!C33+(D8/100)*'⚙️ Rate Card'!C34)))*'⚙️ Rate Card'!C35*0.4+(((D8/100)*'⚙️ Rate Card'!C7+F8*'⚙️ Rate Card'!C9+G8*'⚙️ Rate Card'!C10+H8*'⚙️ Rate Card'!C11+I8*'⚙️ Rate Card'!C12+J8*'⚙️ Rate Card'!C13+K8*'⚙️ Rate Card'!C14+(D8/100)*'⚙️ Rate Card'!C8+L8*IF(OR(O8="N/A",O8="None",O8=""),0,IF(O8="High",'⚙️ Rate Card'!C20,IF(O8="Medium",'⚙️ Rate Card'!C19,'⚙️ Rate Card'!C18)))+M8*IF(OR(P8="Decommission",P8=""),'⚙️ Rate Card'!C29,IF(P8="EC2 (Lift & Shift)",'⚙️ Rate Card'!C25,IF(P8="AWS QuickSight",'⚙️ Rate Card'!C27,IF(P8="Power BI",'⚙️ Rate Card'!C28,IF(P8="Custom Reporting Solution",'⚙️ Rate Card'!C26,0)))))+IF(B8="",0,'⚙️ Rate Card'!C33+(D8/100)*'⚙️ Rate Card'!C34)))*'⚙️ Rate Card'!C36*0.4+(((D8/100)*'⚙️ Rate Card'!C7+F8*'⚙️ Rate Card'!C9+G8*'⚙️ Rate Card'!C10+H8*'⚙️ Rate Card'!C11+I8*'⚙️ Rate Card'!C12+J8*'⚙️ Rate Card'!C13+K8*'⚙️ Rate Card'!C14+(D8/100)*'⚙️ Rate Card'!C8+L8*IF(OR(O8="N/A",O8="None",O8=""),0,IF(O8="High",'⚙️ Rate Card'!C20,IF(O8="Medium",'⚙️ Rate Card'!C19,'⚙️ Rate Card'!C18)))+M8*IF(OR(P8="Decommission",P8=""),'⚙️ Rate Card'!C29,IF(P8="EC2 (Lift & Shift)",'⚙️ Rate Card'!C25,IF(P8="AWS QuickSight",'⚙️ Rate Card'!C27,IF(P8="Power BI",'⚙️ Rate Card'!C28,IF(P8="Custom Reporting Solution",'⚙️ Rate Card'!C26,0)))))+IF(B8="",0,'⚙️ Rate Card'!C33+(D8/100)*'⚙️ Rate Card'!C34)))*'⚙️ Rate Card'!C37*0.4) -> 0 | AN8: =IF(B8="",0,AH8+AK8+(M8*IF(OR(P8="Decommission",P8=""),'⚙️ Rate Card'!C29,IF(P8="EC2 (Lift & Shift)",'⚙️ Rate Card'!C25,IF(P8="AWS QuickSight",'⚙️ Rate Card'!C27,IF(P8="Power BI",'⚙️ Rate Card'!C28,IF(P8="Custom Reporting Solution",'⚙️ Rate Card'!C26,0))))))*0.4+(IF(B8="",0,'⚙️ Rate Card'!C33+(D8/100)*'⚙️ Rate Card'!C34))*0.4+AD8+(((D8/100)*'⚙️ Rate Card'!C7+F8*'⚙️ Rate Card'!C9+G8*'⚙️ Rate Card'!C10+H8*'⚙️ Rate Card'!C11+I8*'⚙️ Rate Card'!C12+J8*'⚙️ Rate Card'!C13+K8*'⚙️ Rate Card'!C14+(D8/100)*'⚙️ Rate Card'!C8+L8*IF(OR(O8="N/A",O8="None",O8=""),0,IF(O8="High",'⚙️ Rate Card'!C20,IF(O8="Medium",'⚙️ Rate Card'!C19,'⚙️ Rate Card'!C18)))+M8*IF(OR(P8="Decommission",P8=""),'⚙️ Rate Card'!C29,IF(P8="EC2 (Lift & Shift)",'⚙️ Rate Card'!C25,IF(P8="AWS QuickSight",'⚙️ Rate Card'!C27,IF(P8="Power BI",'⚙️ Rate Card'!C28,IF(P8="Custom Reporting Solution",'⚙️ Rate Card'!C26,0)))))+IF(B8="",0,'⚙️ Rate Card'!C33+(D8/100)*'⚙️ Rate Card'!C34)))*'⚙️ Rate Card'!C35*0.4+(((D8/100)*'⚙️ Rate Card'!C7+F8*'⚙️ Rate Card'!C9+G8*'⚙️ Rate Card'!C10+H8*'⚙️ Rate Card'!C11+I8*'⚙️ Rate Card'!C12+J8*'⚙️ Rate Card'!C13+K8*'⚙️ Rate Card'!C14+(D8/100)*'⚙️ Rate Card'!C8+L8*IF(OR(O8="N/A",O8="None",O8=""),0,IF(O8="High",'⚙️ Rate Card'!C20,IF(O8="Medium",'⚙️ Rate Card'!C19,'⚙️ Rate Card'!C18)))+M8*IF(OR(P8="Decommission",P8=""),'⚙️ Rate Card'!C29,IF(P8="EC2 (Lift & Shift)",'⚙️ Rate Card'!C25,IF(P8="AWS QuickSight",'⚙️ Rate Card'!C27,IF(P8="Power BI",'⚙️ Rate Card'!C28,IF(P8="Custom Reporting Solution",'⚙️ Rate Card'!C26,0)))))+IF(B8="",0,'⚙️ Rate Card'!C33+(D8/100)*'⚙️ Rate Card'!C34)))*'⚙️ Rate Card'!C36*0.4+(((D8/100)*'⚙️ Rate Card'!C7+F8*'⚙️ Rate Card'!C9+G8*'⚙️ Rate Card'!C10+H8*'⚙️ Rate Card'!C11+I8*'⚙️ Rate Card'!C12+J8*'⚙️ Rate Card'!C13+K8*'⚙️ Rate Card'!C14+(D8/100)*'⚙️ Rate Card'!C8+L8*IF(OR(O8="N/A",O8="None",O8=""),0,IF(O8="High",'⚙️ Rate Card'!C20,IF(O8="Medium",'⚙️ Rate Card'!C19,'⚙️ Rate Card'!C18)))+M8*IF(OR(P8="Decommission",P8=""),'⚙️ Rate Card'!C29,IF(P8="EC2 (Lift & Shift)",'⚙️ Rate Card'!C25,IF(P8="AWS QuickSight",'⚙️ Rate Card'!C27,IF(P8="Power BI",'⚙️ Rate Card'!C28,IF(P8="Custom Reporting Solution",'⚙️ Rate Card'!C26,0)))))+IF(B8="",0,'⚙️ Rate Card'!C33+(D8/100)*'⚙️ Rate Card'!C34)))*'⚙️ Rate Card'!C37*0.4) -> 0 | AO8: =IF(B8="",0,AI8+AL8+(M8*IF(OR(P8="Decommission",P8=""),'⚙️ Rate Card'!C29,IF(P8="EC2 (Lift & Shift)",'⚙️ Rate Card'!C25,IF(P8="AWS QuickSight",'⚙️ Rate Card'!C27,IF(P8="Power BI",'⚙️ Rate Card'!C28,IF(P8="Custom Reporting Solution",'⚙️ Rate Card'!C26,0))))))*0.2+(IF(B8="",0,'⚙️ Rate Card'!C33+(D8/100)*'⚙️ Rate Card'!C34))*0.2+AE8+(((D8/100)*'⚙️ Rate Card'!C7+F8*'⚙️ Rate Card'!C9+G8*'⚙️ Rate Card'!C10+H8*'⚙️ Rate Card'!C11+I8*'⚙️ Rate Card'!C12+J8*'⚙️ Rate Card'!C13+K8*'⚙️ Rate Card'!C14+(D8/100)*'⚙️ Rate Card'!C8+L8*IF(OR(O8="N/A",O8="None",O8=""),0,IF(O8="High",'⚙️ Rate Card'!C20,IF(O8="Medium",'⚙️ Rate Card'!C19,'⚙️ Rate Card'!C18)))+M8*IF(OR(P8="Decommission",P8=""),'⚙️ Rate Card'!C29,IF(P8="EC2 (Lift & Shift)",'⚙️ Rate Card'!C25,IF(P8="AWS QuickSight",'⚙️ Rate Card'!C27,IF(P8="Power BI",'⚙️ Rate Card'!C28,IF(P8="Custom Reporting Solution",'⚙️ Rate Card'!C26,0)))))+IF(B8="",0,'⚙️ Rate Card'!C33+(D8/100)*'⚙️ Rate Card'!C34)))*'⚙️ Rate Card'!C35*0.2+(((D8/100)*'⚙️ Rate Card'!C7+F8*'⚙️ Rate Card'!C9+G8*'⚙️ Rate Card'!C10+H8*'⚙️ Rate Card'!C11+I8*'⚙️ Rate Card'!C12+J8*'⚙️ Rate Card'!C13+K8*'⚙️ Rate Card'!C14+(D8/100)*'⚙️ Rate Card'!C8+L8*IF(OR(O8="N/A",O8="None",O8=""),0,IF(O8="High",'⚙️ Rate Card'!C20,IF(O8="Medium",'⚙️ Rate Card'!C19,'⚙️ Rate Card'!C18)))+M8*IF(OR(P8="Decommission",P8=""),'⚙️ Rate Card'!C29,IF(P8="EC2 (Lift & Shift)",'⚙️ Rate Card'!C25,IF(P8="AWS QuickSight",'⚙️ Rate Card'!C27,IF(P8="Power BI",'⚙️ Rate Card'!C28,IF(P8="Custom Reporting Solution",'⚙️ Rate Card'!C26,0)))))+IF(B8="",0,'⚙️ Rate Card'!C33+(D8/100)*'⚙️ Rate Card'!C34)))*'⚙️ Rate Card'!C36*0.2+(((D8/100)*'⚙️ Rate Card'!C7+F8*'⚙️ Rate Card'!C9+G8*'⚙️ Rate Card'!C10+H8*'⚙️ Rate Card'!C11+I8*'⚙️ Rate Card'!C12+J8*'⚙️ Rate Card'!C13+K8*'⚙️ Rate Card'!C14+(D8/100)*'⚙️ Rate Card'!C8+L8*IF(OR(O8="N/A",O8="None",O8=""),0,IF(O8="High",'⚙️ Rate Card'!C20,IF(O8="Medium",'⚙️ Rate Card'!C19,'⚙️ Rate Card'!C18)))+M8*IF(OR(P8="Decommission",P8=""),'⚙️ Rate Card'!C29,IF(P8="EC2 (Lift & Shift)",'⚙️ Rate Card'!C25,IF(P8="AWS QuickSight",'⚙️ Rate Card'!C27,IF(P8="Power BI",'⚙️ Rate Card'!C28,IF(P8="Custom Reporting Solution",'⚙️ Rate Card'!C26,0)))))+IF(B8="",0,'⚙️ Rate Card'!C33+(D8/100)*'⚙️ Rate Card'!C34)))*'⚙️ Rate Card'!C37*0.2) -> 0 | AP8: ='✏️ SME Input'!B9 -> 0 | AQ8: ='✏️ SME Input'!C9 -> 0 | AR8: ='✏️ SME Input'!D9 -> 0
B9: ='✏️ SME Input'!E10 -> 0 | C9: =IF(B9="","",IF(D9>1000,"T3 Complex",IF(D9>500,"T2 Moderate","T1 Simple"))) | D9: ='✏️ SME Input'!G10 -> 0 | E9: ='✏️ SME Input'!H10 -> 0 | F9: ='✏️ SME Input'!I10 -> 0 | G9: ='✏️ SME Input'!J10 -> 0 | H9: ='✏️ SME Input'!K10 -> 0 | I9: ='✏️ SME Input'!L10 -> 0 | J9: ='✏️ SME Input'!M10 -> 0 | K9: ='✏️ SME Input'!N10 -> 0 | ... P9: ='✏️ SME Input'!S10 -> 0 | Q9: ='✏️ SME Input'!F10 -> 0 | R9: =IF(B9="",0,((D9/100)*'⚙️ Rate Card'!C7+F9*'⚙️ Rate Card'!C9+G9*'⚙️ Rate Card'!C10+H9*'⚙️ Rate Card'!C11+I9*'⚙️ Rate Card'!C12+J9*'⚙️ Rate Card'!C13+K9*'⚙️ Rate Card'!C14+(D9/100)*'⚙️ Rate Card'!C8+L9*IF(OR(O9="N/A",O9="None",O9=""),0,IF(O9="High",'⚙️ Rate Card'!C20,IF(O9="Medium",'⚙️ Rate Card'!C19,'⚙️ Rate Card'!C18)))+M9*IF(OR(P9="Decommission",P9=""),'⚙️ Rate Card'!C29,IF(P9="EC2 (Lift & Shift)",'⚙️ Rate Card'!C25,IF(P9="AWS QuickSight",'⚙️ Rate Card'!C27,IF(P9="Power BI",'⚙️ Rate Card'!C28,IF(P9="Custom Reporting Solution",'⚙️ Rate Card'!C26,0)))))+IF(B9="",0,'⚙️ Rate Card'!C33+(D9/100)*'⚙️ Rate Card'!C34))*'⚙️ Rate Card'!C37+(D9/100)*'⚙️ Rate Card'!C7+F9*'⚙️ Rate Card'!C9+G9*'⚙️ Rate Card'!C10+H9*'⚙️ Rate Card'!C11+I9*'⚙️ Rate Card'!C12+J9*'⚙️ Rate Card'!C13+K9*'⚙️ Rate Card'!C14+(D9/100)*'⚙️ Rate Card'!C8+(D9/100)*'⚙️ Rate Card'!C8+L9*IF(OR(O9="N/A",O9="None",O9=""),0,IF(O9="High",'⚙️ Rate Card'!C20,IF(O9="Medium",'⚙️ Rate Card'!C19,'⚙️ Rate Card'!C18)))+M9*IF(OR(P9="Decommission",P9=""),'⚙️ Rate Card'!C29,IF(P9="EC2 (Lift & Shift)",'⚙️ Rate Card'!C25,IF(P9="AWS QuickSight",'⚙️ Rate Card'!C27,IF(P9="Power BI",'⚙️ Rate Card'!C28,IF(P9="Custom Reporting Solution",'⚙️ Rate Card'!C26,0)))))+IF(B9="",0,'⚙️ Rate Card'!C33+(D9/100)*'⚙️ Rate Card'!C34)+((D9/100)*'⚙️ Rate Card'!C7+F9*'⚙️ Rate Card'!C9+G9*'⚙️ Rate Card'!C10+H9*'⚙️ Rate Card'!C11+I9*'⚙️ Rate Card'!C12+J9*'⚙️ Rate Card'!C13+K9*'⚙️ Rate Card'!C14+(D9/100)*'⚙️ Rate Card'!C8+L9*IF(OR(O9="N/A",O9="None",O9=""),0,IF(O9="High",'⚙️ Rate Card'!C20,IF(O9="Medium",'⚙️ Rate Card'!C19,'⚙️ Rate Card'!C18)))+M9*IF(OR(P9="Decommission",P9=""),'⚙️ Rate Card'!C29,IF(P9="EC2 (Lift & Shift)",'⚙️ Rate Card'!C25,IF(P9="AWS QuickSight",'⚙️ Rate Card'!C27,IF(P9="Power BI",'⚙️ Rate Card'!C28,IF(P9="Custom Reporting Solution",'⚙️ Rate Card'!C26,0)))))+IF(B9="",0,'⚙️ Rate Card'!C33+(D9/100)*'⚙️ Rate Card'!C34))*'⚙️ Rate Card'!C35+((D9/100)*'⚙️ Rate Card'!C7+F9*'⚙️ Rate Card'!C9+G9*'⚙️ Rate Card'!C10+H9*'⚙️ Rate Card'!C11+I9*'⚙️ Rate Card'!C12+J9*'⚙️ Rate Card'!C13+K9*'⚙️ Rate Card'!C14+(D9/100)*'⚙️ Rate Card'!C8+L9*IF(OR(O9="N/A",O9="None",O9=""),0,IF(O9="High",'⚙️ Rate Card'!C20,IF(O9="Medium",'⚙️ Rate Card'!C19,'⚙️ Rate Card'!C18)))+M9*IF(OR(P9="Decommission",P9=""),'⚙️ Rate Card'!C29,IF(P9="EC2 (Lift & Shift)",'⚙️ Rate Card'!C25,IF(P9="AWS QuickSight",'⚙️ Rate Card'!C27,IF(P9="Power BI",'⚙️ Rate Card'!C28,IF(P9="Custom Reporting Solution",'⚙️ Rate Card'!C26,0)))))+IF(B9="",0,'⚙️ Rate Card'!C33+(D9/100)*'⚙️ Rate Card'!C34))*'⚙️ Rate Card'!C36) -> 0 | S9: =IF(B9="",0,(((D9/100)*'⚙️ Rate Card'!C7+F9*'⚙️ Rate Card'!C9+G9*'⚙️ Rate Card'!C10+H9*'⚙️ Rate Card'!C11+I9*'⚙️ Rate Card'!C12+J9*'⚙️ Rate Card'!C13+K9*'⚙️ Rate Card'!C14+(D9/100)*'⚙️ Rate Card'!C8+L9*IF(OR(O9="N/A",O9="None",O9=""),0,IF(O9="High",'⚙️ Rate Card'!C20,IF(O9="Medium",'⚙️ Rate Card'!C19,'⚙️ Rate Card'!C18)))+M9*IF(OR(P9="Decommission",P9=""),'⚙️ Rate Card'!C29,IF(P9="EC2 (Lift & Shift)",'⚙️ Rate Card'!C25,IF(P9="AWS QuickSight",'⚙️ Rate Card'!C27,IF(P9="Power BI",'⚙️ Rate Card'!C28,IF(P9="Custom Reporting Solution",'⚙️ Rate Card'!C26,0)))))+IF(B9="",0,'⚙️ Rate Card'!C33+(D9/100)*'⚙️ Rate Card'!C34))*'⚙️ Rate Card'!C37)*(1-'📊 Dashboard'!C10/100)+(((D9/100)*'⚙️ Rate Card'!C7+F9*'⚙️ Rate Card'!C9+G9*'⚙️ Rate Card'!C10+H9*'⚙️ Rate Card'!C11+I9*'⚙️ Rate Card'!C12+J9*'⚙️ Rate Card'!C13+K9*'⚙️ Rate Card'!C14+(D9/100)*'⚙️ Rate Card'!C8+(D9/100)*'⚙️ Rate Card'!C8))*(1-'📊 Dashboard'!C10/100)+(L9*IF(OR(O9="N/A",O9="None",O9=""),0,IF(O9="High",'⚙️ Rate Card'!C20,IF(O9="Medium",'⚙️ Rate Card'!C19,'⚙️ Rate Card'!C18))))*(1-'📊 Dashboard'!C11/100)+(M9*IF(OR(P9="Decommission",P9=""),'⚙️ Rate Card'!C29,IF(P9="EC2 (Lift & Shift)",'⚙️ Rate Card'!C25,IF(P9="AWS QuickSight",'⚙️ Rate Card'!C27,IF(P9="Power BI",'⚙️ Rate Card'!C28,IF(P9="Custom Reporting Solution",'⚙️ Rate Card'!C26,0))))))*(1-'📊 Dashboard'!C12/100)+(IF(B9="",0,'⚙️ Rate Card'!C33+(D9/100)*'⚙️ Rate Card'!C34))*(1-'📊 Dashboard'!C10/100)+(((D9/100)*'⚙️ Rate Card'!C7+F9*'⚙️ Rate Card'!C9+G9*'⚙️ Rate Card'!C10+H9*'⚙️ Rate Card'!C11+I9*'⚙️ Rate Card'!C12+J9*'⚙️ Rate Card'!C13+K9*'⚙️ Rate Card'!C14+(D9/100)*'⚙️ Rate Card'!C8+L9*IF(OR(O9="N/A",O9="None",O9=""),0,IF(O9="High",'⚙️ Rate Card'!C20,IF(O9="Medium",'⚙️ Rate Card'!C19,'⚙️ Rate Card'!C18)))+M9*IF(OR(P9="Decommission",P9=""),'⚙️ Rate Card'!C29,IF(P9="EC2 (Lift & Shift)",'⚙️ Rate Card'!C25,IF(P9="AWS QuickSight",'⚙️ Rate Card'!C27,IF(P9="Power BI",'⚙️ Rate Card'!C28,IF(P9="Custom Reporting Solution",'⚙️ Rate Card'!C26,0)))))+IF(B9="",0,'⚙️ Rate Card'!C33+(D9/100)*'⚙️ Rate Card'!C34))*'⚙️ Rate Card'!C35)*(1-'📊 Dashboard'!C13/100)+(((D9/100)*'⚙️ Rate Card'!C7+F9*'⚙️ Rate Card'!C9+G9*'⚙️ Rate Card'!C10+H9*'⚙️ Rate Card'!C11+I9*'⚙️ Rate Card'!C12+J9*'⚙️ Rate Card'!C13+K9*'⚙️ Rate Card'!C14+(D9/100)*'⚙️ Rate Card'!C8+L9*IF(OR(O9="N/A",O9="None",O9=""),0,IF(O9="High",'⚙️ Rate Card'!C20,IF(O9="Medium",'⚙️ Rate Card'!C19,'⚙️ Rate Card'!C18)))+M9*IF(OR(P9="Decommission",P9=""),'⚙️ Rate Card'!C29,IF(P9="EC2 (Lift & Shift)",'⚙️ Rate Card'!C25,IF(P9="AWS QuickSight",'⚙️ Rate Card'!C27,IF(P9="Power BI",'⚙️ Rate Card'!C28,IF(P9="Custom Reporting Solution",'⚙️ Rate Card'!C26,0)))))+IF(B9="",0,'⚙️ Rate Card'!C33+(D9/100)*'⚙️ Rate Card'!C34))*'⚙️ Rate Card'!C36)*(1-'📊 Dashboard'!C10/100)) -> 0 | T9: =IF(B9="",0,S9*(1+'📊 Dashboard'!C14/100)) -> 0 | U9: =IF(B9="",0,((D9/100)*'⚙️ Rate Card'!C7+F9*'⚙️ Rate Card'!C9+G9*'⚙️ Rate Card'!C10+H9*'⚙️ Rate Card'!C11+I9*'⚙️ Rate Card'!C12+J9*'⚙️ Rate Card'!C13+K9*'⚙️ Rate Card'!C14+(D9/100)*'⚙️ Rate Card'!C8+L9*IF(OR(O9="N/A",O9="None",O9=""),0,IF(O9="High",'⚙️ Rate Card'!C20,IF(O9="Medium",'⚙️ Rate Card'!C19,'⚙️ Rate Card'!C18)))+M9*IF(OR(P9="Decommission",P9=""),'⚙️ Rate Card'!C29,IF(P9="EC2 (Lift & Shift)",'⚙️ Rate Card'!C25,IF(P9="AWS QuickSight",'⚙️ Rate Card'!C27,IF(P9="Power BI",'⚙️ Rate Card'!C28,IF(P9="Custom Reporting Solution",'⚙️ Rate Card'!C26,0)))))+IF(B9="",0,'⚙️ Rate Card'!C33+(D9/100)*'⚙️ Rate Card'!C34))*'⚙️ Rate Card'!C37) -> 0 | V9: =IF(B9="",0,(D9/100)*'⚙️ Rate Card'!C7+F9*'⚙️ Rate Card'!C9+G9*'⚙️ Rate Card'!C10+H9*'⚙️ Rate Card'!C11+I9*'⚙️ Rate Card'!C12+J9*'⚙️ Rate Card'!C13+K9*'⚙️ Rate Card'!C14+(D9/100)*'⚙️ Rate Card'!C8+(D9/100)*'⚙️ Rate Card'!C8) -> 0 | W9: =IF(B9="",0,L9*IF(OR(O9="N/A",O9="None",O9=""),0,IF(O9="High",'⚙️ Rate Card'!C20,IF(O9="Medium",'⚙️ Rate Card'!C19,'⚙️ Rate Card'!C18)))) -> 0 | X9: =IF(B9="",0,M9*IF(OR(P9="Decommission",P9=""),'⚙️ Rate Card'!C29,IF(P9="EC2 (Lift & Shift)",'⚙️ Rate Card'!C25,IF(P9="AWS QuickSight",'⚙️ Rate Card'!C27,IF(P9="Power BI",'⚙️ Rate Card'!C28,IF(P9="Custom Reporting Solution",'⚙️ Rate Card'!C26,0)))))) -> 0 | Y9: =IF(B9="",0,IF(B9="",0,'⚙️ Rate Card'!C33+(D9/100)*'⚙️ Rate Card'!C34)) -> 0 | Z9: =IF(B9="",0,((D9/100)*'⚙️ Rate Card'!C7+F9*'⚙️ Rate Card'!C9+G9*'⚙️ Rate Card'!C10+H9*'⚙️ Rate Card'!C11+I9*'⚙️ Rate Card'!C12+J9*'⚙️ Rate Card'!C13+K9*'⚙️ Rate Card'!C14+(D9/100)*'⚙️ Rate Card'!C8+L9*IF(OR(O9="N/A",O9="None",O9=""),0,IF(O9="High",'⚙️ Rate Card'!C20,IF(O9="Medium",'⚙️ Rate Card'!C19,'⚙️ Rate Card'!C18)))+M9*IF(OR(P9="Decommission",P9=""),'⚙️ Rate Card'!C29,IF(P9="EC2 (Lift & Shift)",'⚙️ Rate Card'!C25,IF(P9="AWS QuickSight",'⚙️ Rate Card'!C27,IF(P9="Power BI",'⚙️ Rate Card'!C28,IF(P9="Custom Reporting Solution",'⚙️ Rate Card'!C26,0)))))+IF(B9="",0,'⚙️ Rate Card'!C33+(D9/100)*'⚙️ Rate Card'!C34))*'⚙️ Rate Card'!C35) -> 0 | AA9: =IF(B9="",0,((D9/100)*'⚙️ Rate Card'!C7+F9*'⚙️ Rate Card'!C9+G9*'⚙️ Rate Card'!C10+H9*'⚙️ Rate Card'!C11+I9*'⚙️ Rate Card'!C12+J9*'⚙️ Rate Card'!C13+K9*'⚙️ Rate Card'!C14+(D9/100)*'⚙️ Rate Card'!C8+L9*IF(OR(O9="N/A",O9="None",O9=""),0,IF(O9="High",'⚙️ Rate Card'!C20,IF(O9="Medium",'⚙️ Rate Card'!C19,'⚙️ Rate Card'!C18)))+M9*IF(OR(P9="Decommission",P9=""),'⚙️ Rate Card'!C29,IF(P9="EC2 (Lift & Shift)",'⚙️ Rate Card'!C25,IF(P9="AWS QuickSight",'⚙️ Rate Card'!C27,IF(P9="Power BI",'⚙️ Rate Card'!C28,IF(P9="Custom Reporting Solution",'⚙️ Rate Card'!C26,0)))))+IF(B9="",0,'⚙️ Rate Card'!C33+(D9/100)*'⚙️ Rate Card'!C34))*'⚙️ Rate Card'!C36) -> 0 | AB9: ='✏️ SME Input'!T10 -> 0 | AC9: =IF(B9="",0,AB9*0.75) -> 0 | AD9: =IF(B9="",0,AB9*0.75) -> 0 | AE9: =IF(B9="",0,AB9*0.75) -> 0 | AF9: =IF(B9="",0,AB9*2.25) -> 0 | AG9: =IF(B9="",0,((D9/100)*'⚙️ Rate Card'!C7+F9*'⚙️ Rate Card'!C9+G9*'⚙️ Rate Card'!C10+H9*'⚙️ Rate Card'!C11+I9*'⚙️ Rate Card'!C12+J9*'⚙️ Rate Card'!C13+K9*'⚙️ Rate Card'!C14+(D9/100)*'⚙️ Rate Card'!C8)*0.4) -> 0 | AH9: =IF(B9="",0,((D9/100)*'⚙️ Rate Card'!C7+F9*'⚙️ Rate Card'!C9+G9*'⚙️ Rate Card'!C10+H9*'⚙️ Rate Card'!C11+I9*'⚙️ Rate Card'!C12+J9*'⚙️ Rate Card'!C13+K9*'⚙️ Rate Card'!C14+(D9/100)*'⚙️ Rate Card'!C8)*0.4) -> 0 | AI9: =IF(B9="",0,((D9/100)*'⚙️ Rate Card'!C7+F9*'⚙️ Rate Card'!C9+G9*'⚙️ Rate Card'!C10+H9*'⚙️ Rate Card'!C11+I9*'⚙️ Rate Card'!C12+J9*'⚙️ Rate Card'!C13+K9*'⚙️ Rate Card'!C14+(D9/100)*'⚙️ Rate Card'!C8)*0.2) -> 0 | AJ9: =IF(B9="",0,(L9*IF(OR(O9="N/A",O9="None",O9=""),0,IF(O9="High",'⚙️ Rate Card'!C20,IF(O9="Medium",'⚙️ Rate Card'!C19,'⚙️ Rate Card'!C18))))*0.5) -> 0 | AK9: =IF(B9="",0,(L9*IF(OR(O9="N/A",O9="None",O9=""),0,IF(O9="High",'⚙️ Rate Card'!C20,IF(O9="Medium",'⚙️ Rate Card'!C19,'⚙️ Rate Card'!C18))))*0.35) -> 0 | AL9: =IF(B9="",0,(L9*IF(OR(O9="N/A",O9="None",O9=""),0,IF(O9="High",'⚙️ Rate Card'!C20,IF(O9="Medium",'⚙️ Rate Card'!C19,'⚙️ Rate Card'!C18))))*0.15) -> 0 | AM9: =IF(B9="",0,AG9+AJ9+(M9*IF(OR(P9="Decommission",P9=""),'⚙️ Rate Card'!C29,IF(P9="EC2 (Lift & Shift)",'⚙️ Rate Card'!C25,IF(P9="AWS QuickSight",'⚙️ Rate Card'!C27,IF(P9="Power BI",'⚙️ Rate Card'!C28,IF(P9="Custom Reporting Solution",'⚙️ Rate Card'!C26,0))))))*0.4+(IF(B9="",0,'⚙️ Rate Card'!C33+(D9/100)*'⚙️ Rate Card'!C34))*0.4+AC9+(((D9/100)*'⚙️ Rate Card'!C7+F9*'⚙️ Rate Card'!C9+G9*'⚙️ Rate Card'!C10+H9*'⚙️ Rate Card'!C11+I9*'⚙️ Rate Card'!C12+J9*'⚙️ Rate Card'!C13+K9*'⚙️ Rate Card'!C14+(D9/100)*'⚙️ Rate Card'!C8+L9*IF(OR(O9="N/A",O9="None",O9=""),0,IF(O9="High",'⚙️ Rate Card'!C20,IF(O9="Medium",'⚙️ Rate Card'!C19,'⚙️ Rate Card'!C18)))+M9*IF(OR(P9="Decommission",P9=""),'⚙️ Rate Card'!C29,IF(P9="EC2 (Lift & Shift)",'⚙️ Rate Card'!C25,IF(P9="AWS QuickSight",'⚙️ Rate Card'!C27,IF(P9="Power BI",'⚙️ Rate Card'!C28,IF(P9="Custom Reporting Solution",'⚙️ Rate Card'!C26,0)))))+IF(B9="",0,'⚙️ Rate Card'!C33+(D9/100)*'⚙️ Rate Card'!C34)))*'⚙️ Rate Card'!C35*0.4+(((D9/100)*'⚙️ Rate Card'!C7+F9*'⚙️ Rate Card'!C9+G9*'⚙️ Rate Card'!C10+H9*'⚙️ Rate Card'!C11+I9*'⚙️ Rate Card'!C12+J9*'⚙️ Rate Card'!C13+K9*'⚙️ Rate Card'!C14+(D9/100)*'⚙️ Rate Card'!C8+L9*IF(OR(O9="N/A",O9="None",O9=""),0,IF(O9="High",'⚙️ Rate Card'!C20,IF(O9="Medium",'⚙️ Rate Card'!C19,'⚙️ Rate Card'!C18)))+M9*IF(OR(P9="Decommission",P9=""),'⚙️ Rate Card'!C29,IF(P9="EC2 (Lift & Shift)",'⚙️ Rate Card'!C25,IF(P9="AWS QuickSight",'⚙️ Rate Card'!C27,IF(P9="Power BI",'⚙️ Rate Card'!C28,IF(P9="Custom Reporting Solution",'⚙️ Rate Card'!C26,0)))))+IF(B9="",0,'⚙️ Rate Card'!C33+(D9/100)*'⚙️ Rate Card'!C34)))*'⚙️ Rate Card'!C36*0.4+(((D9/100)*'⚙️ Rate Card'!C7+F9*'⚙️ Rate Card'!C9+G9*'⚙️ Rate Card'!C10+H9*'⚙️ Rate Card'!C11+I9*'⚙️ Rate Card'!C12+J9*'⚙️ Rate Card'!C13+K9*'⚙️ Rate Card'!C14+(D9/100)*'⚙️ Rate Card'!C8+L9*IF(OR(O9="N/A",O9="None",O9=""),0,IF(O9="High",'⚙️ Rate Card'!C20,IF(O9="Medium",'⚙️ Rate Card'!C19,'⚙️ Rate Card'!C18)))+M9*IF(OR(P9="Decommission",P9=""),'⚙️ Rate Card'!C29,IF(P9="EC2 (Lift & Shift)",'⚙️ Rate Card'!C25,IF(P9="AWS QuickSight",'⚙️ Rate Card'!C27,IF(P9="Power BI",'⚙️ Rate Card'!C28,IF(P9="Custom Reporting Solution",'⚙️ Rate Card'!C26,0)))))+IF(B9="",0,'⚙️ Rate Card'!C33+(D9/100)*'⚙️ Rate Card'!C34)))*'⚙️ Rate Card'!C37*0.4) -> 0 | AN9: =IF(B9="",0,AH9+AK9+(M9*IF(OR(P9="Decommission",P9=""),'⚙️ Rate Card'!C29,IF(P9="EC2 (Lift & Shift)",'⚙️ Rate Card'!C25,IF(P9="AWS QuickSight",'⚙️ Rate Card'!C27,IF(P9="Power BI",'⚙️ Rate Card'!C28,IF(P9="Custom Reporting Solution",'⚙️ Rate Card'!C26,0))))))*0.4+(IF(B9="",0,'⚙️ Rate Card'!C33+(D9/100)*'⚙️ Rate Card'!C34))*0.4+AD9+(((D9/100)*'⚙️ Rate Card'!C7+F9*'⚙️ Rate Card'!C9+G9*'⚙️ Rate Card'!C10+H9*'⚙️ Rate Card'!C11+I9*'⚙️ Rate Card'!C12+J9*'⚙️ Rate Card'!C13+K9*'⚙️ Rate Card'!C14+(D9/100)*'⚙️ Rate Card'!C8+L9*IF(OR(O9="N/A",O9="None",O9=""),0,IF(O9="High",'⚙️ Rate Card'!C20,IF(O9="Medium",'⚙️ Rate Card'!C19,'⚙️ Rate Card'!C18)))+M9*IF(OR(P9="Decommission",P9=""),'⚙️ Rate Card'!C29,IF(P9="EC2 (Lift & Shift)",'⚙️ Rate Card'!C25,IF(P9="AWS QuickSight",'⚙️ Rate Card'!C27,IF(P9="Power BI",'⚙️ Rate Card'!C28,IF(P9="Custom Reporting Solution",'⚙️ Rate Card'!C26,0)))))+IF(B9="",0,'⚙️ Rate Card'!C33+(D9/100)*'⚙️ Rate Card'!C34)))*'⚙️ Rate Card'!C35*0.4+(((D9/100)*'⚙️ Rate Card'!C7+F9*'⚙️ Rate Card'!C9+G9*'⚙️ Rate Card'!C10+H9*'⚙️ Rate Card'!C11+I9*'⚙️ Rate Card'!C12+J9*'⚙️ Rate Card'!C13+K9*'⚙️ Rate Card'!C14+(D9/100)*'⚙️ Rate Card'!C8+L9*IF(OR(O9="N/A",O9="None",O9=""),0,IF(O9="High",'⚙️ Rate Card'!C20,IF(O9="Medium",'⚙️ Rate Card'!C19,'⚙️ Rate Card'!C18)))+M9*IF(OR(P9="Decommission",P9=""),'⚙️ Rate Card'!C29,IF(P9="EC2 (Lift & Shift)",'⚙️ Rate Card'!C25,IF(P9="AWS QuickSight",'⚙️ Rate Card'!C27,IF(P9="Power BI",'⚙️ Rate Card'!C28,IF(P9="Custom Reporting Solution",'⚙️ Rate Card'!C26,0)))))+IF(B9="",0,'⚙️ Rate Card'!C33+(D9/100)*'⚙️ Rate Card'!C34)))*'⚙️ Rate Card'!C36*0.4+(((D9/100)*'⚙️ Rate Card'!C7+F9*'⚙️ Rate Card'!C9+G9*'⚙️ Rate Card'!C10+H9*'⚙️ Rate Card'!C11+I9*'⚙️ Rate Card'!C12+J9*'⚙️ Rate Card'!C13+K9*'⚙️ Rate Card'!C14+(D9/100)*'⚙️ Rate Card'!C8+L9*IF(OR(O9="N/A",O9="None",O9=""),0,IF(O9="High",'⚙️ Rate Card'!C20,IF(O9="Medium",'⚙️ Rate Card'!C19,'⚙️ Rate Card'!C18)))+M9*IF(OR(P9="Decommission",P9=""),'⚙️ Rate Card'!C29,IF(P9="EC2 (Lift & Shift)",'⚙️ Rate Card'!C25,IF(P9="AWS QuickSight",'⚙️ Rate Card'!C27,IF(P9="Power BI",'⚙️ Rate Card'!C28,IF(P9="Custom Reporting Solution",'⚙️ Rate Card'!C26,0)))))+IF(B9="",0,'⚙️ Rate Card'!C33+(D9/100)*'⚙️ Rate Card'!C34)))*'⚙️ Rate Card'!C37*0.4) -> 0 | AO9: =IF(B9="",0,AI9+AL9+(M9*IF(OR(P9="Decommission",P9=""),'⚙️ Rate Card'!C29,IF(P9="EC2 (Lift & Shift)",'⚙️ Rate Card'!C25,IF(P9="AWS QuickSight",'⚙️ Rate Card'!C27,IF(P9="Power BI",'⚙️ Rate Card'!C28,IF(P9="Custom Reporting Solution",'⚙️ Rate Card'!C26,0))))))*0.2+(IF(B9="",0,'⚙️ Rate Card'!C33+(D9/100)*'⚙️ Rate Card'!C34))*0.2+AE9+(((D9/100)*'⚙️ Rate Card'!C7+F9*'⚙️ Rate Card'!C9+G9*'⚙️ Rate Card'!C10+H9*'⚙️ Rate Card'!C11+I9*'⚙️ Rate Card'!C12+J9*'⚙️ Rate Card'!C13+K9*'⚙️ Rate Card'!C14+(D9/100)*'⚙️ Rate Card'!C8+L9*IF(OR(O9="N/A",O9="None",O9=""),0,IF(O9="High",'⚙️ Rate Card'!C20,IF(O9="Medium",'⚙️ Rate Card'!C19,'⚙️ Rate Card'!C18)))+M9*IF(OR(P9="Decommission",P9=""),'⚙️ Rate Card'!C29,IF(P9="EC2 (Lift & Shift)",'⚙️ Rate Card'!C25,IF(P9="AWS QuickSight",'⚙️ Rate Card'!C27,IF(P9="Power BI",'⚙️ Rate Card'!C28,IF(P9="Custom Reporting Solution",'⚙️ Rate Card'!C26,0)))))+IF(B9="",0,'⚙️ Rate Card'!C33+(D9/100)*'⚙️ Rate Card'!C34)))*'⚙️ Rate Card'!C35*0.2+(((D9/100)*'⚙️ Rate Card'!C7+F9*'⚙️ Rate Card'!C9+G9*'⚙️ Rate Card'!C10+H9*'⚙️ Rate Card'!C11+I9*'⚙️ Rate Card'!C12+J9*'⚙️ Rate Card'!C13+K9*'⚙️ Rate Card'!C14+(D9/100)*'⚙️ Rate Card'!C8+L9*IF(OR(O9="N/A",O9="None",O9=""),0,IF(O9="High",'⚙️ Rate Card'!C20,IF(O9="Medium",'⚙️ Rate Card'!C19,'⚙️ Rate Card'!C18)))+M9*IF(OR(P9="Decommission",P9=""),'⚙️ Rate Card'!C29,IF(P9="EC2 (Lift & Shift)",'⚙️ Rate Card'!C25,IF(P9="AWS QuickSight",'⚙️ Rate Card'!C27,IF(P9="Power BI",'⚙️ Rate Card'!C28,IF(P9="Custom Reporting Solution",'⚙️ Rate Card'!C26,0)))))+IF(B9="",0,'⚙️ Rate Card'!C33+(D9/100)*'⚙️ Rate Card'!C34)))*'⚙️ Rate Card'!C36*0.2+(((D9/100)*'⚙️ Rate Card'!C7+F9*'⚙️ Rate Card'!C9+G9*'⚙️ Rate Card'!C10+H9*'⚙️ Rate Card'!C11+I9*'⚙️ Rate Card'!C12+J9*'⚙️ Rate Card'!C13+K9*'⚙️ Rate Card'!C14+(D9/100)*'⚙️ Rate Card'!C8+L9*IF(OR(O9="N/A",O9="None",O9=""),0,IF(O9="High",'⚙️ Rate Card'!C20,IF(O9="Medium",'⚙️ Rate Card'!C19,'⚙️ Rate Card'!C18)))+M9*IF(OR(P9="Decommission",P9=""),'⚙️ Rate Card'!C29,IF(P9="EC2 (Lift & Shift)",'⚙️ Rate Card'!C25,IF(P9="AWS QuickSight",'⚙️ Rate Card'!C27,IF(P9="Power BI",'⚙️ Rate Card'!C28,IF(P9="Custom Reporting Solution",'⚙️ Rate Card'!C26,0)))))+IF(B9="",0,'⚙️ Rate Card'!C33+(D9/100)*'⚙️ Rate Card'!C34)))*'⚙️ Rate Card'!C37*0.2) -> 0 | AP9: ='✏️ SME Input'!B10 -> 0 | AQ9: ='✏️ SME Input'!C10 -> 0 | AR9: ='✏️ SME Input'!D10 -> 0
B10: ='✏️ SME Input'!E11 -> 0 | C10: =IF(B10="","",IF(D10>1000,"T3 Complex",IF(D10>500,"T2 Moderate","T1 Simple"))) | D10: ='✏️ SME Input'!G11 -> 0 | E10: ='✏️ SME Input'!H11 -> 0 | F10: ='✏️ SME Input'!I11 -> 0 | G10: ='✏️ SME Input'!J11 -> 0 | H10: ='✏️ SME Input'!K11 -> 0 | I10: ='✏️ SME Input'!L11 -> 0 | J10: ='✏️ SME Input'!M11 -> 0 | K10: ='✏️ SME Input'!N11 -> 0 | ... P10: ='✏️ SME Input'!S11 -> 0 | Q10: ='✏️ SME Input'!F11 -> 0 | R10: =IF(B10="",0,((D10/100)*'⚙️ Rate Card'!C7+F10*'⚙️ Rate Card'!C9+G10*'⚙️ Rate Card'!C10+H10*'⚙️ Rate Card'!C11+I10*'⚙️ Rate Card'!C12+J10*'⚙️ Rate Card'!C13+K10*'⚙️ Rate Card'!C14+(D10/100)*'⚙️ Rate Card'!C8+L10*IF(OR(O10="N/A",O10="None",O10=""),0,IF(O10="High",'⚙️ Rate Card'!C20,IF(O10="Medium",'⚙️ Rate Card'!C19,'⚙️ Rate Card'!C18)))+M10*IF(OR(P10="Decommission",P10=""),'⚙️ Rate Card'!C29,IF(P10="EC2 (Lift & Shift)",'⚙️ Rate Card'!C25,IF(P10="AWS QuickSight",'⚙️ Rate Card'!C27,IF(P10="Power BI",'⚙️ Rate Card'!C28,IF(P10="Custom Reporting Solution",'⚙️ Rate Card'!C26,0)))))+IF(B10="",0,'⚙️ Rate Card'!C33+(D10/100)*'⚙️ Rate Card'!C34))*'⚙️ Rate Card'!C37+(D10/100)*'⚙️ Rate Card'!C7+F10*'⚙️ Rate Card'!C9+G10*'⚙️ Rate Card'!C10+H10*'⚙️ Rate Card'!C11+I10*'⚙️ Rate Card'!C12+J10*'⚙️ Rate Card'!C13+K10*'⚙️ Rate Card'!C14+(D10/100)*'⚙️ Rate Card'!C8+(D10/100)*'⚙️ Rate Card'!C8+L10*IF(OR(O10="N/A",O10="None",O10=""),0,IF(O10="High",'⚙️ Rate Card'!C20,IF(O10="Medium",'⚙️ Rate Card'!C19,'⚙️ Rate Card'!C18)))+M10*IF(OR(P10="Decommission",P10=""),'⚙️ Rate Card'!C29,IF(P10="EC2 (Lift & Shift)",'⚙️ Rate Card'!C25,IF(P10="AWS QuickSight",'⚙️ Rate Card'!C27,IF(P10="Power BI",'⚙️ Rate Card'!C28,IF(P10="Custom Reporting Solution",'⚙️ Rate Card'!C26,0)))))+IF(B10="",0,'⚙️ Rate Card'!C33+(D10/100)*'⚙️ Rate Card'!C34)+((D10/100)*'⚙️ Rate Card'!C7+F10*'⚙️ Rate Card'!C9+G10*'⚙️ Rate Card'!C10+H10*'⚙️ Rate Card'!C11+I10*'⚙️ Rate Card'!C12+J10*'⚙️ Rate Card'!C13+K10*'⚙️ Rate Card'!C14+(D10/100)*'⚙️ Rate Card'!C8+L10*IF(OR(O10="N/A",O10="None",O10=""),0,IF(O10="High",'⚙️ Rate Card'!C20,IF(O10="Medium",'⚙️ Rate Card'!C19,'⚙️ Rate Card'!C18)))+M10*IF(OR(P10="Decommission",P10=""),'⚙️ Rate Card'!C29,IF(P10="EC2 (Lift & Shift)",'⚙️ Rate Card'!C25,IF(P10="AWS QuickSight",'⚙️ Rate Card'!C27,IF(P10="Power BI",'⚙️ Rate Card'!C28,IF(P10="Custom Reporting Solution",'⚙️ Rate Card'!C26,0)))))+IF(B10="",0,'⚙️ Rate Card'!C33+(D10/100)*'⚙️ Rate Card'!C34))*'⚙️ Rate Card'!C35+((D10/100)*'⚙️ Rate Card'!C7+F10*'⚙️ Rate Card'!C9+G10*'⚙️ Rate Card'!C10+H10*'⚙️ Rate Card'!C11+I10*'⚙️ Rate Card'!C12+J10*'⚙️ Rate Card'!C13+K10*'⚙️ Rate Card'!C14+(D10/100)*'⚙️ Rate Card'!C8+L10*IF(OR(O10="N/A",O10="None",O10=""),0,IF(O10="High",'⚙️ Rate Card'!C20,IF(O10="Medium",'⚙️ Rate Card'!C19,'⚙️ Rate Card'!C18)))+M10*IF(OR(P10="Decommission",P10=""),'⚙️ Rate Card'!C29,IF(P10="EC2 (Lift & Shift)",'⚙️ Rate Card'!C25,IF(P10="AWS QuickSight",'⚙️ Rate Card'!C27,IF(P10="Power BI",'⚙️ Rate Card'!C28,IF(P10="Custom Reporting Solution",'⚙️ Rate Card'!C26,0)))))+IF(B10="",0,'⚙️ Rate Card'!C33+(D10/100)*'⚙️ Rate Card'!C34))*'⚙️ Rate Card'!C36) -> 0 | S10: =IF(B10="",0,(((D10/100)*'⚙️ Rate Card'!C7+F10*'⚙️ Rate Card'!C9+G10*'⚙️ Rate Card'!C10+H10*'⚙️ Rate Card'!C11+I10*'⚙️ Rate Card'!C12+J10*'⚙️ Rate Card'!C13+K10*'⚙️ Rate Card'!C14+(D10/100)*'⚙️ Rate Card'!C8+L10*IF(OR(O10="N/A",O10="None",O10=""),0,IF(O10="High",'⚙️ Rate Card'!C20,IF(O10="Medium",'⚙️ Rate Card'!C19,'⚙️ Rate Card'!C18)))+M10*IF(OR(P10="Decommission",P10=""),'⚙️ Rate Card'!C29,IF(P10="EC2 (Lift & Shift)",'⚙️ Rate Card'!C25,IF(P10="AWS QuickSight",'⚙️ Rate Card'!C27,IF(P10="Power BI",'⚙️ Rate Card'!C28,IF(P10="Custom Reporting Solution",'⚙️ Rate Card'!C26,0)))))+IF(B10="",0,'⚙️ Rate Card'!C33+(D10/100)*'⚙️ Rate Card'!C34))*'⚙️ Rate Card'!C37)*(1-'📊 Dashboard'!C10/100)+(((D10/100)*'⚙️ Rate Card'!C7+F10*'⚙️ Rate Card'!C9+G10*'⚙️ Rate Card'!C10+H10*'⚙️ Rate Card'!C11+I10*'⚙️ Rate Card'!C12+J10*'⚙️ Rate Card'!C13+K10*'⚙️ Rate Card'!C14+(D10/100)*'⚙️ Rate Card'!C8+(D10/100)*'⚙️ Rate Card'!C8))*(1-'📊 Dashboard'!C10/100)+(L10*IF(OR(O10="N/A",O10="None",O10=""),0,IF(O10="High",'⚙️ Rate Card'!C20,IF(O10="Medium",'⚙️ Rate Card'!C19,'⚙️ Rate Card'!C18))))*(1-'📊 Dashboard'!C11/100)+(M10*IF(OR(P10="Decommission",P10=""),'⚙️ Rate Card'!C29,IF(P10="EC2 (Lift & Shift)",'⚙️ Rate Card'!C25,IF(P10="AWS QuickSight",'⚙️ Rate Card'!C27,IF(P10="Power BI",'⚙️ Rate Card'!C28,IF(P10="Custom Reporting Solution",'⚙️ Rate Card'!C26,0))))))*(1-'📊 Dashboard'!C12/100)+(IF(B10="",0,'⚙️ Rate Card'!C33+(D10/100)*'⚙️ Rate Card'!C34))*(1-'📊 Dashboard'!C10/100)+(((D10/100)*'⚙️ Rate Card'!C7+F10*'⚙️ Rate Card'!C9+G10*'⚙️ Rate Card'!C10+H10*'⚙️ Rate Card'!C11+I10*'⚙️ Rate Card'!C12+J10*'⚙️ Rate Card'!C13+K10*'⚙️ Rate Card'!C14+(D10/100)*'⚙️ Rate Card'!C8+L10*IF(OR(O10="N/A",O10="None",O10=""),0,IF(O10="High",'⚙️ Rate Card'!C20,IF(O10="Medium",'⚙️ Rate Card'!C19,'⚙️ Rate Card'!C18)))+M10*IF(OR(P10="Decommission",P10=""),'⚙️ Rate Card'!C29,IF(P10="EC2 (Lift & Shift)",'⚙️ Rate Card'!C25,IF(P10="AWS QuickSight",'⚙️ Rate Card'!C27,IF(P10="Power BI",'⚙️ Rate Card'!C28,IF(P10="Custom Reporting Solution",'⚙️ Rate Card'!C26,0)))))+IF(B10="",0,'⚙️ Rate Card'!C33+(D10/100)*'⚙️ Rate Card'!C34))*'⚙️ Rate Card'!C35)*(1-'📊 Dashboard'!C13/100)+(((D10/100)*'⚙️ Rate Card'!C7+F10*'⚙️ Rate Card'!C9+G10*'⚙️ Rate Card'!C10+H10*'⚙️ Rate Card'!C11+I10*'⚙️ Rate Card'!C12+J10*'⚙️ Rate Card'!C13+K10*'⚙️ Rate Card'!C14+(D10/100)*'⚙️ Rate Card'!C8+L10*IF(OR(O10="N/A",O10="None",O10=""),0,IF(O10="High",'⚙️ Rate Card'!C20,IF(O10="Medium",'⚙️ Rate Card'!C19,'⚙️ Rate Card'!C18)))+M10*IF(OR(P10="Decommission",P10=""),'⚙️ Rate Card'!C29,IF(P10="EC2 (Lift & Shift)",'⚙️ Rate Card'!C25,IF(P10="AWS QuickSight",'⚙️ Rate Card'!C27,IF(P10="Power BI",'⚙️ Rate Card'!C28,IF(P10="Custom Reporting Solution",'⚙️ Rate Card'!C26,0)))))+IF(B10="",0,'⚙️ Rate Card'!C33+(D10/100)*'⚙️ Rate Card'!C34))*'⚙️ Rate Card'!C36)*(1-'📊 Dashboard'!C10/100)) -> 0 | T10: =IF(B10="",0,S10*(1+'📊 Dashboard'!C14/100)) -> 0 | U10: =IF(B10="",0,((D10/100)*'⚙️ Rate Card'!C7+F10*'⚙️ Rate Card'!C9+G10*'⚙️ Rate Card'!C10+H10*'⚙️ Rate Card'!C11+I10*'⚙️ Rate Card'!C12+J10*'⚙️ Rate Card'!C13+K10*'⚙️ Rate Card'!C14+(D10/100)*'⚙️ Rate Card'!C8+L10*IF(OR(O10="N/A",O10="None",O10=""),0,IF(O10="High",'⚙️ Rate Card'!C20,IF(O10="Medium",'⚙️ Rate Card'!C19,'⚙️ Rate Card'!C18)))+M10*IF(OR(P10="Decommission",P10=""),'⚙️ Rate Card'!C29,IF(P10="EC2 (Lift & Shift)",'⚙️ Rate Card'!C25,IF(P10="AWS QuickSight",'⚙️ Rate Card'!C27,IF(P10="Power BI",'⚙️ Rate Card'!C28,IF(P10="Custom Reporting Solution",'⚙️ Rate Card'!C26,0)))))+IF(B10="",0,'⚙️ Rate Card'!C33+(D10/100)*'⚙️ Rate Card'!C34))*'⚙️ Rate Card'!C37) -> 0 | V10: =IF(B10="",0,(D10/100)*'⚙️ Rate Card'!C7+F10*'⚙️ Rate Card'!C9+G10*'⚙️ Rate Card'!C10+H10*'⚙️ Rate Card'!C11+I10*'⚙️ Rate Card'!C12+J10*'⚙️ Rate Card'!C13+K10*'⚙️ Rate Card'!C14+(D10/100)*'⚙️ Rate Card'!C8+(D10/100)*'⚙️ Rate Card'!C8) -> 0 | W10: =IF(B10="",0,L10*IF(OR(O10="N/A",O10="None",O10=""),0,IF(O10="High",'⚙️ Rate Card'!C20,IF(O10="Medium",'⚙️ Rate Card'!C19,'⚙️ Rate Card'!C18)))) -> 0 | X10: =IF(B10="",0,M10*IF(OR(P10="Decommission",P10=""),'⚙️ Rate Card'!C29,IF(P10="EC2 (Lift & Shift)",'⚙️ Rate Card'!C25,IF(P10="AWS QuickSight",'⚙️ Rate Card'!C27,IF(P10="Power BI",'⚙️ Rate Card'!C28,IF(P10="Custom Reporting Solution",'⚙️ Rate Card'!C26,0)))))) -> 0 | Y10: =IF(B10="",0,IF(B10="",0,'⚙️ Rate Card'!C33+(D10/100)*'⚙️ Rate Card'!C34)) -> 0 | Z10: =IF(B10="",0,((D10/100)*'⚙️ Rate Card'!C7+F10*'⚙️ Rate Card'!C9+G10*'⚙️ Rate Card'!C10+H10*'⚙️ Rate Card'!C11+I10*'⚙️ Rate Card'!C12+J10*'⚙️ Rate Card'!C13+K10*'⚙️ Rate Card'!C14+(D10/100)*'⚙️ Rate Card'!C8+L10*IF(OR(O10="N/A",O10="None",O10=""),0,IF(O10="High",'⚙️ Rate Card'!C20,IF(O10="Medium",'⚙️ Rate Card'!C19,'⚙️ Rate Card'!C18)))+M10*IF(OR(P10="Decommission",P10=""),'⚙️ Rate Card'!C29,IF(P10="EC2 (Lift & Shift)",'⚙️ Rate Card'!C25,IF(P10="AWS QuickSight",'⚙️ Rate Card'!C27,IF(P10="Power BI",'⚙️ Rate Card'!C28,IF(P10="Custom Reporting Solution",'⚙️ Rate Card'!C26,0)))))+IF(B10="",0,'⚙️ Rate Card'!C33+(D10/100)*'⚙️ Rate Card'!C34))*'⚙️ Rate Card'!C35) -> 0 | AA10: =IF(B10="",0,((D10/100)*'⚙️ Rate Card'!C7+F10*'⚙️ Rate Card'!C9+G10*'⚙️ Rate Card'!C10+H10*'⚙️ Rate Card'!C11+I10*'⚙️ Rate Card'!C12+J10*'⚙️ Rate Card'!C13+K10*'⚙️ Rate Card'!C14+(D10/100)*'⚙️ Rate Card'!C8+L10*IF(OR(O10="N/A",O10="None",O10=""),0,IF(O10="High",'⚙️ Rate Card'!C20,IF(O10="Medium",'⚙️ Rate Card'!C19,'⚙️ Rate Card'!C18)))+M10*IF(OR(P10="Decommission",P10=""),'⚙️ Rate Card'!C29,IF(P10="EC2 (Lift & Shift)",'⚙️ Rate Card'!C25,IF(P10="AWS QuickSight",'⚙️ Rate Card'!C27,IF(P10="Power BI",'⚙️ Rate Card'!C28,IF(P10="Custom Reporting Solution",'⚙️ Rate Card'!C26,0)))))+IF(B10="",0,'⚙️ Rate Card'!C33+(D10/100)*'⚙️ Rate Card'!C34))*'⚙️ Rate Card'!C36) -> 0 | AB10: ='✏️ SME Input'!T11 -> 0 | AC10: =IF(B10="",0,AB10*0.75) -> 0 | AD10: =IF(B10="",0,AB10*0.75) -> 0 | AE10: =IF(B10="",0,AB10*0.75) -> 0 | AF10: =IF(B10="",0,AB10*2.25) -> 0 | AG10: =IF(B10="",0,((D10/100)*'⚙️ Rate Card'!C7+F10*'⚙️ Rate Card'!C9+G10*'⚙️ Rate Card'!C10+H10*'⚙️ Rate Card'!C11+I10*'⚙️ Rate Card'!C12+J10*'⚙️ Rate Card'!C13+K10*'⚙️ Rate Card'!C14+(D10/100)*'⚙️ Rate Card'!C8)*0.4) -> 0 | AH10: =IF(B10="",0,((D10/100)*'⚙️ Rate Card'!C7+F10*'⚙️ Rate Card'!C9+G10*'⚙️ Rate Card'!C10+H10*'⚙️ Rate Card'!C11+I10*'⚙️ Rate Card'!C12+J10*'⚙️ Rate Card'!C13+K10*'⚙️ Rate Card'!C14+(D10/100)*'⚙️ Rate Card'!C8)*0.4) -> 0 | AI10: =IF(B10="",0,((D10/100)*'⚙️ Rate Card'!C7+F10*'⚙️ Rate Card'!C9+G10*'⚙️ Rate Card'!C10+H10*'⚙️ Rate Card'!C11+I10*'⚙️ Rate Card'!C12+J10*'⚙️ Rate Card'!C13+K10*'⚙️ Rate Card'!C14+(D10/100)*'⚙️ Rate Card'!C8)*0.2) -> 0 | AJ10: =IF(B10="",0,(L10*IF(OR(O10="N/A",O10="None",O10=""),0,IF(O10="High",'⚙️ Rate Card'!C20,IF(O10="Medium",'⚙️ Rate Card'!C19,'⚙️ Rate Card'!C18))))*0.5) -> 0 | AK10: =IF(B10="",0,(L10*IF(OR(O10="N/A",O10="None",O10=""),0,IF(O10="High",'⚙️ Rate Card'!C20,IF(O10="Medium",'⚙️ Rate Card'!C19,'⚙️ Rate Card'!C18))))*0.35) -> 0 | AL10: =IF(B10="",0,(L10*IF(OR(O10="N/A",O10="None",O10=""),0,IF(O10="High",'⚙️ Rate Card'!C20,IF(O10="Medium",'⚙️ Rate Card'!C19,'⚙️ Rate Card'!C18))))*0.15) -> 0 | AM10: =IF(B10="",0,AG10+AJ10+(M10*IF(OR(P10="Decommission",P10=""),'⚙️ Rate Card'!C29,IF(P10="EC2 (Lift & Shift)",'⚙️ Rate Card'!C25,IF(P10="AWS QuickSight",'⚙️ Rate Card'!C27,IF(P10="Power BI",'⚙️ Rate Card'!C28,IF(P10="Custom Reporting Solution",'⚙️ Rate Card'!C26,0))))))*0.4+(IF(B10="",0,'⚙️ Rate Card'!C33+(D10/100)*'⚙️ Rate Card'!C34))*0.4+AC10+(((D10/100)*'⚙️ Rate Card'!C7+F10*'⚙️ Rate Card'!C9+G10*'⚙️ Rate Card'!C10+H10*'⚙️ Rate Card'!C11+I10*'⚙️ Rate Card'!C12+J10*'⚙️ Rate Card'!C13+K10*'⚙️ Rate Card'!C14+(D10/100)*'⚙️ Rate Card'!C8+L10*IF(OR(O10="N/A",O10="None",O10=""),0,IF(O10="High",'⚙️ Rate Card'!C20,IF(O10="Medium",'⚙️ Rate Card'!C19,'⚙️ Rate Card'!C18)))+M10*IF(OR(P10="Decommission",P10=""),'⚙️ Rate Card'!C29,IF(P10="EC2 (Lift & Shift)",'⚙️ Rate Card'!C25,IF(P10="AWS QuickSight",'⚙️ Rate Card'!C27,IF(P10="Power BI",'⚙️ Rate Card'!C28,IF(P10="Custom Reporting Solution",'⚙️ Rate Card'!C26,0)))))+IF(B10="",0,'⚙️ Rate Card'!C33+(D10/100)*'⚙️ Rate Card'!C34)))*'⚙️ Rate Card'!C35*0.4+(((D10/100)*'⚙️ Rate Card'!C7+F10*'⚙️ Rate Card'!C9+G10*'⚙️ Rate Card'!C10+H10*'⚙️ Rate Card'!C11+I10*'⚙️ Rate Card'!C12+J10*'⚙️ Rate Card'!C13+K10*'⚙️ Rate Card'!C14+(D10/100)*'⚙️ Rate Card'!C8+L10*IF(OR(O10="N/A",O10="None",O10=""),0,IF(O10="High",'⚙️ Rate Card'!C20,IF(O10="Medium",'⚙️ Rate Card'!C19,'⚙️ Rate Card'!C18)))+M10*IF(OR(P10="Decommission",P10=""),'⚙️ Rate Card'!C29,IF(P10="EC2 (Lift & Shift)",'⚙️ Rate Card'!C25,IF(P10="AWS QuickSight",'⚙️ Rate Card'!C27,IF(P10="Power BI",'⚙️ Rate Card'!C28,IF(P10="Custom Reporting Solution",'⚙️ Rate Card'!C26,0)))))+IF(B10="",0,'⚙️ Rate Card'!C33+(D10/100)*'⚙️ Rate Card'!C34)))*'⚙️ Rate Card'!C36*0.4+(((D10/100)*'⚙️ Rate Card'!C7+F10*'⚙️ Rate Card'!C9+G10*'⚙️ Rate Card'!C10+H10*'⚙️ Rate Card'!C11+I10*'⚙️ Rate Card'!C12+J10*'⚙️ Rate Card'!C13+K10*'⚙️ Rate Card'!C14+(D10/100)*'⚙️ Rate Card'!C8+L10*IF(OR(O10="N/A",O10="None",O10=""),0,IF(O10="High",'⚙️ Rate Card'!C20,IF(O10="Medium",'⚙️ Rate Card'!C19,'⚙️ Rate Card'!C18)))+M10*IF(OR(P10="Decommission",P10=""),'⚙️ Rate Card'!C29,IF(P10="EC2 (Lift & Shift)",'⚙️ Rate Card'!C25,IF(P10="AWS QuickSight",'⚙️ Rate Card'!C27,IF(P10="Power BI",'⚙️ Rate Card'!C28,IF(P10="Custom Reporting Solution",'⚙️ Rate Card'!C26,0)))))+IF(B10="",0,'⚙️ Rate Card'!C33+(D10/100)*'⚙️ Rate Card'!C34)))*'⚙️ Rate Card'!C37*0.4) -> 0 | AN10: =IF(B10="",0,AH10+AK10+(M10*IF(OR(P10="Decommission",P10=""),'⚙️ Rate Card'!C29,IF(P10="EC2 (Lift & Shift)",'⚙️ Rate Card'!C25,IF(P10="AWS QuickSight",'⚙️ Rate Card'!C27,IF(P10="Power BI",'⚙️ Rate Card'!C28,IF(P10="Custom Reporting Solution",'⚙️ Rate Card'!C26,0))))))*0.4+(IF(B10="",0,'⚙️ Rate Card'!C33+(D10/100)*'⚙️ Rate Card'!C34))*0.4+AD10+(((D10/100)*'⚙️ Rate Card'!C7+F10*'⚙️ Rate Card'!C9+G10*'⚙️ Rate Card'!C10+H10*'⚙️ Rate Card'!C11+I10*'⚙️ Rate Card'!C12+J10*'⚙️ Rate Card'!C13+K10*'⚙️ Rate Card'!C14+(D10/100)*'⚙️ Rate Card'!C8+L10*IF(OR(O10="N/A",O10="None",O10=""),0,IF(O10="High",'⚙️ Rate Card'!C20,IF(O10="Medium",'⚙️ Rate Card'!C19,'⚙️ Rate Card'!C18)))+M10*IF(OR(P10="Decommission",P10=""),'⚙️ Rate Card'!C29,IF(P10="EC2 (Lift & Shift)",'⚙️ Rate Card'!C25,IF(P10="AWS QuickSight",'⚙️ Rate Card'!C27,IF(P10="Power BI",'⚙️ Rate Card'!C28,IF(P10="Custom Reporting Solution",'⚙️ Rate Card'!C26,0)))))+IF(B10="",0,'⚙️ Rate Card'!C33+(D10/100)*'⚙️ Rate Card'!C34)))*'⚙️ Rate Card'!C35*0.4+(((D10/100)*'⚙️ Rate Card'!C7+F10*'⚙️ Rate Card'!C9+G10*'⚙️ Rate Card'!C10+H10*'⚙️ Rate Card'!C11+I10*'⚙️ Rate Card'!C12+J10*'⚙️ Rate Card'!C13+K10*'⚙️ Rate Card'!C14+(D10/100)*'⚙️ Rate Card'!C8+L10*IF(OR(O10="N/A",O10="None",O10=""),0,IF(O10="High",'⚙️ Rate Card'!C20,IF(O10="Medium",'⚙️ Rate Card'!C19,'⚙️ Rate Card'!C18)))+M10*IF(OR(P10="Decommission",P10=""),'⚙️ Rate Card'!C29,IF(P10="EC2 (Lift & Shift)",'⚙️ Rate Card'!C25,IF(P10="AWS QuickSight",'⚙️ Rate Card'!C27,IF(P10="Power BI",'⚙️ Rate Card'!C28,IF(P10="Custom Reporting Solution",'⚙️ Rate Card'!C26,0)))))+IF(B10="",0,'⚙️ Rate Card'!C33+(D10/100)*'⚙️ Rate Card'!C34)))*'⚙️ Rate Card'!C36*0.4+(((D10/100)*'⚙️ Rate Card'!C7+F10*'⚙️ Rate Card'!C9+G10*'⚙️ Rate Card'!C10+H10*'⚙️ Rate Card'!C11+I10*'⚙️ Rate Card'!C12+J10*'⚙️ Rate Card'!C13+K10*'⚙️ Rate Card'!C14+(D10/100)*'⚙️ Rate Card'!C8+L10*IF(OR(O10="N/A",O10="None",O10=""),0,IF(O10="High",'⚙️ Rate Card'!C20,IF(O10="Medium",'⚙️ Rate Card'!C19,'⚙️ Rate Card'!C18)))+M10*IF(OR(P10="Decommission",P10=""),'⚙️ Rate Card'!C29,IF(P10="EC2 (Lift & Shift)",'⚙️ Rate Card'!C25,IF(P10="AWS QuickSight",'⚙️ Rate Card'!C27,IF(P10="Power BI",'⚙️ Rate Card'!C28,IF(P10="Custom Reporting Solution",'⚙️ Rate Card'!C26,0)))))+IF(B10="",0,'⚙️ Rate Card'!C33+(D10/100)*'⚙️ Rate Card'!C34)))*'⚙️ Rate Card'!C37*0.4) -> 0 | AO10: =IF(B10="",0,AI10+AL10+(M10*IF(OR(P10="Decommission",P10=""),'⚙️ Rate Card'!C29,IF(P10="EC2 (Lift & Shift)",'⚙️ Rate Card'!C25,IF(P10="AWS QuickSight",'⚙️ Rate Card'!C27,IF(P10="Power BI",'⚙️ Rate Card'!C28,IF(P10="Custom Reporting Solution",'⚙️ Rate Card'!C26,0))))))*0.2+(IF(B10="",0,'⚙️ Rate Card'!C33+(D10/100)*'⚙️ Rate Card'!C34))*0.2+AE10+(((D10/100)*'⚙️ Rate Card'!C7+F10*'⚙️ Rate Card'!C9+G10*'⚙️ Rate Card'!C10+H10*'⚙️ Rate Card'!C11+I10*'⚙️ Rate Card'!C12+J10*'⚙️ Rate Card'!C13+K10*'⚙️ Rate Card'!C14+(D10/100)*'⚙️ Rate Card'!C8+L10*IF(OR(O10="N/A",O10="None",O10=""),0,IF(O10="High",'⚙️ Rate Card'!C20,IF(O10="Medium",'⚙️ Rate Card'!C19,'⚙️ Rate Card'!C18)))+M10*IF(OR(P10="Decommission",P10=""),'⚙️ Rate Card'!C29,IF(P10="EC2 (Lift & Shift)",'⚙️ Rate Card'!C25,IF(P10="AWS QuickSight",'⚙️ Rate Card'!C27,IF(P10="Power BI",'⚙️ Rate Card'!C28,IF(P10="Custom Reporting Solution",'⚙️ Rate Card'!C26,0)))))+IF(B10="",0,'⚙️ Rate Card'!C33+(D10/100)*'⚙️ Rate Card'!C34)))*'⚙️ Rate Card'!C35*0.2+(((D10/100)*'⚙️ Rate Card'!C7+F10*'⚙️ Rate Card'!C9+G10*'⚙️ Rate Card'!C10+H10*'⚙️ Rate Card'!C11+I10*'⚙️ Rate Card'!C12+J10*'⚙️ Rate Card'!C13+K10*'⚙️ Rate Card'!C14+(D10/100)*'⚙️ Rate Card'!C8+L10*IF(OR(O10="N/A",O10="None",O10=""),0,IF(O10="High",'⚙️ Rate Card'!C20,IF(O10="Medium",'⚙️ Rate Card'!C19,'⚙️ Rate Card'!C18)))+M10*IF(OR(P10="Decommission",P10=""),'⚙️ Rate Card'!C29,IF(P10="EC2 (Lift & Shift)",'⚙️ Rate Card'!C25,IF(P10="AWS QuickSight",'⚙️ Rate Card'!C27,IF(P10="Power BI",'⚙️ Rate Card'!C28,IF(P10="Custom Reporting Solution",'⚙️ Rate Card'!C26,0)))))+IF(B10="",0,'⚙️ Rate Card'!C33+(D10/100)*'⚙️ Rate Card'!C34)))*'⚙️ Rate Card'!C36*0.2+(((D10/100)*'⚙️ Rate Card'!C7+F10*'⚙️ Rate Card'!C9+G10*'⚙️ Rate Card'!C10+H10*'⚙️ Rate Card'!C11+I10*'⚙️ Rate Card'!C12+J10*'⚙️ Rate Card'!C13+K10*'⚙️ Rate Card'!C14+(D10/100)*'⚙️ Rate Card'!C8+L10*IF(OR(O10="N/A",O10="None",O10=""),0,IF(O10="High",'⚙️ Rate Card'!C20,IF(O10="Medium",'⚙️ Rate Card'!C19,'⚙️ Rate Card'!C18)))+M10*IF(OR(P10="Decommission",P10=""),'⚙️ Rate Card'!C29,IF(P10="EC2 (Lift & Shift)",'⚙️ Rate Card'!C25,IF(P10="AWS QuickSight",'⚙️ Rate Card'!C27,IF(P10="Power BI",'⚙️ Rate Card'!C28,IF(P10="Custom Reporting Solution",'⚙️ Rate Card'!C26,0)))))+IF(B10="",0,'⚙️ Rate Card'!C33+(D10/100)*'⚙️ Rate Card'!C34)))*'⚙️ Rate Card'!C37*0.2) -> 0 | AP10: ='✏️ SME Input'!B11 -> 0 | AQ10: ='✏️ SME Input'!C11 -> 0 | AR10: ='✏️ SME Input'!D11 -> 0
B11: ='✏️ SME Input'!E12 -> 0 | C11: =IF(B11="","",IF(D11>1000,"T3 Complex",IF(D11>500,"T2 Moderate","T1 Simple"))) | D11: ='✏️ SME Input'!G12 -> 0 | E11: ='✏️ SME Input'!H12 -> 0 | F11: ='✏️ SME Input'!I12 -> 0 | G11: ='✏️ SME Input'!J12 -> 0 | H11: ='✏️ SME Input'!K12 -> 0 | I11: ='✏️ SME Input'!L12 -> 0 | J11: ='✏️ SME Input'!M12 -> 0 | K11: ='✏️ SME Input'!N12 -> 0 | ... P11: ='✏️ SME Input'!S12 -> 0 | Q11: ='✏️ SME Input'!F12 -> 0 | R11: =IF(B11="",0,((D11/100)*'⚙️ Rate Card'!C7+F11*'⚙️ Rate Card'!C9+G11*'⚙️ Rate Card'!C10+H11*'⚙️ Rate Card'!C11+I11*'⚙️ Rate Card'!C12+J11*'⚙️ Rate Card'!C13+K11*'⚙️ Rate Card'!C14+(D11/100)*'⚙️ Rate Card'!C8+L11*IF(OR(O11="N/A",O11="None",O11=""),0,IF(O11="High",'⚙️ Rate Card'!C20,IF(O11="Medium",'⚙️ Rate Card'!C19,'⚙️ Rate Card'!C18)))+M11*IF(OR(P11="Decommission",P11=""),'⚙️ Rate Card'!C29,IF(P11="EC2 (Lift & Shift)",'⚙️ Rate Card'!C25,IF(P11="AWS QuickSight",'⚙️ Rate Card'!C27,IF(P11="Power BI",'⚙️ Rate Card'!C28,IF(P11="Custom Reporting Solution",'⚙️ Rate Card'!C26,0)))))+IF(B11="",0,'⚙️ Rate Card'!C33+(D11/100)*'⚙️ Rate Card'!C34))*'⚙️ Rate Card'!C37+(D11/100)*'⚙️ Rate Card'!C7+F11*'⚙️ Rate Card'!C9+G11*'⚙️ Rate Card'!C10+H11*'⚙️ Rate Card'!C11+I11*'⚙️ Rate Card'!C12+J11*'⚙️ Rate Card'!C13+K11*'⚙️ Rate Card'!C14+(D11/100)*'⚙️ Rate Card'!C8+(D11/100)*'⚙️ Rate Card'!C8+L11*IF(OR(O11="N/A",O11="None",O11=""),0,IF(O11="High",'⚙️ Rate Card'!C20,IF(O11="Medium",'⚙️ Rate Card'!C19,'⚙️ Rate Card'!C18)))+M11*IF(OR(P11="Decommission",P11=""),'⚙️ Rate Card'!C29,IF(P11="EC2 (Lift & Shift)",'⚙️ Rate Card'!C25,IF(P11="AWS QuickSight",'⚙️ Rate Card'!C27,IF(P11="Power BI",'⚙️ Rate Card'!C28,IF(P11="Custom Reporting Solution",'⚙️ Rate Card'!C26,0)))))+IF(B11="",0,'⚙️ Rate Card'!C33+(D11/100)*'⚙️ Rate Card'!C34)+((D11/100)*'⚙️ Rate Card'!C7+F11*'⚙️ Rate Card'!C9+G11*'⚙️ Rate Card'!C10+H11*'⚙️ Rate Card'!C11+I11*'⚙️ Rate Card'!C12+J11*'⚙️ Rate Card'!C13+K11*'⚙️ Rate Card'!C14+(D11/100)*'⚙️ Rate Card'!C8+L11*IF(OR(O11="N/A",O11="None",O11=""),0,IF(O11="High",'⚙️ Rate Card'!C20,IF(O11="Medium",'⚙️ Rate Card'!C19,'⚙️ Rate Card'!C18)))+M11*IF(OR(P11="Decommission",P11=""),'⚙️ Rate Card'!C29,IF(P11="EC2 (Lift & Shift)",'⚙️ Rate Card'!C25,IF(P11="AWS QuickSight",'⚙️ Rate Card'!C27,IF(P11="Power BI",'⚙️ Rate Card'!C28,IF(P11="Custom Reporting Solution",'⚙️ Rate Card'!C26,0)))))+IF(B11="",0,'⚙️ Rate Card'!C33+(D11/100)*'⚙️ Rate Card'!C34))*'⚙️ Rate Card'!C35+((D11/100)*'⚙️ Rate Card'!C7+F11*'⚙️ Rate Card'!C9+G11*'⚙️ Rate Card'!C10+H11*'⚙️ Rate Card'!C11+I11*'⚙️ Rate Card'!C12+J11*'⚙️ Rate Card'!C13+K11*'⚙️ Rate Card'!C14+(D11/100)*'⚙️ Rate Card'!C8+L11*IF(OR(O11="N/A",O11="None",O11=""),0,IF(O11="High",'⚙️ Rate Card'!C20,IF(O11="Medium",'⚙️ Rate Card'!C19,'⚙️ Rate Card'!C18)))+M11*IF(OR(P11="Decommission",P11=""),'⚙️ Rate Card'!C29,IF(P11="EC2 (Lift & Shift)",'⚙️ Rate Card'!C25,IF(P11="AWS QuickSight",'⚙️ Rate Card'!C27,IF(P11="Power BI",'⚙️ Rate Card'!C28,IF(P11="Custom Reporting Solution",'⚙️ Rate Card'!C26,0)))))+IF(B11="",0,'⚙️ Rate Card'!C33+(D11/100)*'⚙️ Rate Card'!C34))*'⚙️ Rate Card'!C36) -> 0 | S11: =IF(B11="",0,(((D11/100)*'⚙️ Rate Card'!C7+F11*'⚙️ Rate Card'!C9+G11*'⚙️ Rate Card'!C10+H11*'⚙️ Rate Card'!C11+I11*'⚙️ Rate Card'!C12+J11*'⚙️ Rate Card'!C13+K11*'⚙️ Rate Card'!C14+(D11/100)*'⚙️ Rate Card'!C8+L11*IF(OR(O11="N/A",O11="None",O11=""),0,IF(O11="High",'⚙️ Rate Card'!C20,IF(O11="Medium",'⚙️ Rate Card'!C19,'⚙️ Rate Card'!C18)))+M11*IF(OR(P11="Decommission",P11=""),'⚙️ Rate Card'!C29,IF(P11="EC2 (Lift & Shift)",'⚙️ Rate Card'!C25,IF(P11="AWS QuickSight",'⚙️ Rate Card'!C27,IF(P11="Power BI",'⚙️ Rate Card'!C28,IF(P11="Custom Reporting Solution",'⚙️ Rate Card'!C26,0)))))+IF(B11="",0,'⚙️ Rate Card'!C33+(D11/100)*'⚙️ Rate Card'!C34))*'⚙️ Rate Card'!C37)*(1-'📊 Dashboard'!C10/100)+(((D11/100)*'⚙️ Rate Card'!C7+F11*'⚙️ Rate Card'!C9+G11*'⚙️ Rate Card'!C10+H11*'⚙️ Rate Card'!C11+I11*'⚙️ Rate Card'!C12+J11*'⚙️ Rate Card'!C13+K11*'⚙️ Rate Card'!C14+(D11/100)*'⚙️ Rate Card'!C8+(D11/100)*'⚙️ Rate Card'!C8))*(1-'📊 Dashboard'!C10/100)+(L11*IF(OR(O11="N/A",O11="None",O11=""),0,IF(O11="High",'⚙️ Rate Card'!C20,IF(O11="Medium",'⚙️ Rate Card'!C19,'⚙️ Rate Card'!C18))))*(1-'📊 Dashboard'!C11/100)+(M11*IF(OR(P11="Decommission",P11=""),'⚙️ Rate Card'!C29,IF(P11="EC2 (Lift & Shift)",'⚙️ Rate Card'!C25,IF(P11="AWS QuickSight",'⚙️ Rate Card'!C27,IF(P11="Power BI",'⚙️ Rate Card'!C28,IF(P11="Custom Reporting Solution",'⚙️ Rate Card'!C26,0))))))*(1-'📊 Dashboard'!C12/100)+(IF(B11="",0,'⚙️ Rate Card'!C33+(D11/100)*'⚙️ Rate Card'!C34))*(1-'📊 Dashboard'!C10/100)+(((D11/100)*'⚙️ Rate Card'!C7+F11*'⚙️ Rate Card'!C9+G11*'⚙️ Rate Card'!C10+H11*'⚙️ Rate Card'!C11+I11*'⚙️ Rate Card'!C12+J11*'⚙️ Rate Card'!C13+K11*'⚙️ Rate Card'!C14+(D11/100)*'⚙️ Rate Card'!C8+L11*IF(OR(O11="N/A",O11="None",O11=""),0,IF(O11="High",'⚙️ Rate Card'!C20,IF(O11="Medium",'⚙️ Rate Card'!C19,'⚙️ Rate Card'!C18)))+M11*IF(OR(P11="Decommission",P11=""),'⚙️ Rate Card'!C29,IF(P11="EC2 (Lift & Shift)",'⚙️ Rate Card'!C25,IF(P11="AWS QuickSight",'⚙️ Rate Card'!C27,IF(P11="Power BI",'⚙️ Rate Card'!C28,IF(P11="Custom Reporting Solution",'⚙️ Rate Card'!C26,0)))))+IF(B11="",0,'⚙️ Rate Card'!C33+(D11/100)*'⚙️ Rate Card'!C34))*'⚙️ Rate Card'!C35)*(1-'📊 Dashboard'!C13/100)+(((D11/100)*'⚙️ Rate Card'!C7+F11*'⚙️ Rate Card'!C9+G11*'⚙️ Rate Card'!C10+H11*'⚙️ Rate Card'!C11+I11*'⚙️ Rate Card'!C12+J11*'⚙️ Rate Card'!C13+K11*'⚙️ Rate Card'!C14+(D11/100)*'⚙️ Rate Card'!C8+L11*IF(OR(O11="N/A",O11="None",O11=""),0,IF(O11="High",'⚙️ Rate Card'!C20,IF(O11="Medium",'⚙️ Rate Card'!C19,'⚙️ Rate Card'!C18)))+M11*IF(OR(P11="Decommission",P11=""),'⚙️ Rate Card'!C29,IF(P11="EC2 (Lift & Shift)",'⚙️ Rate Card'!C25,IF(P11="AWS QuickSight",'⚙️ Rate Card'!C27,IF(P11="Power BI",'⚙️ Rate Card'!C28,IF(P11="Custom Reporting Solution",'⚙️ Rate Card'!C26,0)))))+IF(B11="",0,'⚙️ Rate Card'!C33+(D11/100)*'⚙️ Rate Card'!C34))*'⚙️ Rate Card'!C36)*(1-'📊 Dashboard'!C10/100)) -> 0 | T11: =IF(B11="",0,S11*(1+'📊 Dashboard'!C14/100)) -> 0 | U11: =IF(B11="",0,((D11/100)*'⚙️ Rate Card'!C7+F11*'⚙️ Rate Card'!C9+G11*'⚙️ Rate Card'!C10+H11*'⚙️ Rate Card'!C11+I11*'⚙️ Rate Card'!C12+J11*'⚙️ Rate Card'!C13+K11*'⚙️ Rate Card'!C14+(D11/100)*'⚙️ Rate Card'!C8+L11*IF(OR(O11="N/A",O11="None",O11=""),0,IF(O11="High",'⚙️ Rate Card'!C20,IF(O11="Medium",'⚙️ Rate Card'!C19,'⚙️ Rate Card'!C18)))+M11*IF(OR(P11="Decommission",P11=""),'⚙️ Rate Card'!C29,IF(P11="EC2 (Lift & Shift)",'⚙️ Rate Card'!C25,IF(P11="AWS QuickSight",'⚙️ Rate Card'!C27,IF(P11="Power BI",'⚙️ Rate Card'!C28,IF(P11="Custom Reporting Solution",'⚙️ Rate Card'!C26,0)))))+IF(B11="",0,'⚙️ Rate Card'!C33+(D11/100)*'⚙️ Rate Card'!C34))*'⚙️ Rate Card'!C37) -> 0 | V11: =IF(B11="",0,(D11/100)*'⚙️ Rate Card'!C7+F11*'⚙️ Rate Card'!C9+G11*'⚙️ Rate Card'!C10+H11*'⚙️ Rate Card'!C11+I11*'⚙️ Rate Card'!C12+J11*'⚙️ Rate Card'!C13+K11*'⚙️ Rate Card'!C14+(D11/100)*'⚙️ Rate Card'!C8+(D11/100)*'⚙️ Rate Card'!C8) -> 0 | W11: =IF(B11="",0,L11*IF(OR(O11="N/A",O11="None",O11=""),0,IF(O11="High",'⚙️ Rate Card'!C20,IF(O11="Medium",'⚙️ Rate Card'!C19,'⚙️ Rate Card'!C18)))) -> 0 | X11: =IF(B11="",0,M11*IF(OR(P11="Decommission",P11=""),'⚙️ Rate Card'!C29,IF(P11="EC2 (Lift & Shift)",'⚙️ Rate Card'!C25,IF(P11="AWS QuickSight",'⚙️ Rate Card'!C27,IF(P11="Power BI",'⚙️ Rate Card'!C28,IF(P11="Custom Reporting Solution",'⚙️ Rate Card'!C26,0)))))) -> 0 | Y11: =IF(B11="",0,IF(B11="",0,'⚙️ Rate Card'!C33+(D11/100)*'⚙️ Rate Card'!C34)) -> 0 | Z11: =IF(B11="",0,((D11/100)*'⚙️ Rate Card'!C7+F11*'⚙️ Rate Card'!C9+G11*'⚙️ Rate Card'!C10+H11*'⚙️ Rate Card'!C11+I11*'⚙️ Rate Card'!C12+J11*'⚙️ Rate Card'!C13+K11*'⚙️ Rate Card'!C14+(D11/100)*'⚙️ Rate Card'!C8+L11*IF(OR(O11="N/A",O11="None",O11=""),0,IF(O11="High",'⚙️ Rate Card'!C20,IF(O11="Medium",'⚙️ Rate Card'!C19,'⚙️ Rate Card'!C18)))+M11*IF(OR(P11="Decommission",P11=""),'⚙️ Rate Card'!C29,IF(P11="EC2 (Lift & Shift)",'⚙️ Rate Card'!C25,IF(P11="AWS QuickSight",'⚙️ Rate Card'!C27,IF(P11="Power BI",'⚙️ Rate Card'!C28,IF(P11="Custom Reporting Solution",'⚙️ Rate Card'!C26,0)))))+IF(B11="",0,'⚙️ Rate Card'!C33+(D11/100)*'⚙️ Rate Card'!C34))*'⚙️ Rate Card'!C35) -> 0 | AA11: =IF(B11="",0,((D11/100)*'⚙️ Rate Card'!C7+F11*'⚙️ Rate Card'!C9+G11*'⚙️ Rate Card'!C10+H11*'⚙️ Rate Card'!C11+I11*'⚙️ Rate Card'!C12+J11*'⚙️ Rate Card'!C13+K11*'⚙️ Rate Card'!C14+(D11/100)*'⚙️ Rate Card'!C8+L11*IF(OR(O11="N/A",O11="None",O11=""),0,IF(O11="High",'⚙️ Rate Card'!C20,IF(O11="Medium",'⚙️ Rate Card'!C19,'⚙️ Rate Card'!C18)))+M11*IF(OR(P11="Decommission",P11=""),'⚙️ Rate Card'!C29,IF(P11="EC2 (Lift & Shift)",'⚙️ Rate Card'!C25,IF(P11="AWS QuickSight",'⚙️ Rate Card'!C27,IF(P11="Power BI",'⚙️ Rate Card'!C28,IF(P11="Custom Reporting Solution",'⚙️ Rate Card'!C26,0)))))+IF(B11="",0,'⚙️ Rate Card'!C33+(D11/100)*'⚙️ Rate Card'!C34))*'⚙️ Rate Card'!C36) -> 0 | AB11: ='✏️ SME Input'!T12 -> 0 | AC11: =IF(B11="",0,AB11*0.75) -> 0 | AD11: =IF(B11="",0,AB11*0.75) -> 0 | AE11: =IF(B11="",0,AB11*0.75) -> 0 | AF11: =IF(B11="",0,AB11*2.25) -> 0 | AG11: =IF(B11="",0,((D11/100)*'⚙️ Rate Card'!C7+F11*'⚙️ Rate Card'!C9+G11*'⚙️ Rate Card'!C10+H11*'⚙️ Rate Card'!C11+I11*'⚙️ Rate Card'!C12+J11*'⚙️ Rate Card'!C13+K11*'⚙️ Rate Card'!C14+(D11/100)*'⚙️ Rate Card'!C8)*0.4) -> 0 | AH11: =IF(B11="",0,((D11/100)*'⚙️ Rate Card'!C7+F11*'⚙️ Rate Card'!C9+G11*'⚙️ Rate Card'!C10+H11*'⚙️ Rate Card'!C11+I11*'⚙️ Rate Card'!C12+J11*'⚙️ Rate Card'!C13+K11*'⚙️ Rate Card'!C14+(D11/100)*'⚙️ Rate Card'!C8)*0.4) -> 0 | AI11: =IF(B11="",0,((D11/100)*'⚙️ Rate Card'!C7+F11*'⚙️ Rate Card'!C9+G11*'⚙️ Rate Card'!C10+H11*'⚙️ Rate Card'!C11+I11*'⚙️ Rate Card'!C12+J11*'⚙️ Rate Card'!C13+K11*'⚙️ Rate Card'!C14+(D11/100)*'⚙️ Rate Card'!C8)*0.2) -> 0 | AJ11: =IF(B11="",0,(L11*IF(OR(O11="N/A",O11="None",O11=""),0,IF(O11="High",'⚙️ Rate Card'!C20,IF(O11="Medium",'⚙️ Rate Card'!C19,'⚙️ Rate Card'!C18))))*0.5) -> 0 | AK11: =IF(B11="",0,(L11*IF(OR(O11="N/A",O11="None",O11=""),0,IF(O11="High",'⚙️ Rate Card'!C20,IF(O11="Medium",'⚙️ Rate Card'!C19,'⚙️ Rate Card'!C18))))*0.35) -> 0 | AL11: =IF(B11="",0,(L11*IF(OR(O11="N/A",O11="None",O11=""),0,IF(O11="High",'⚙️ Rate Card'!C20,IF(O11="Medium",'⚙️ Rate Card'!C19,'⚙️ Rate Card'!C18))))*0.15) -> 0 | AM11: =IF(B11="",0,AG11+AJ11+(M11*IF(OR(P11="Decommission",P11=""),'⚙️ Rate Card'!C29,IF(P11="EC2 (Lift & Shift)",'⚙️ Rate Card'!C25,IF(P11="AWS QuickSight",'⚙️ Rate Card'!C27,IF(P11="Power BI",'⚙️ Rate Card'!C28,IF(P11="Custom Reporting Solution",'⚙️ Rate Card'!C26,0))))))*0.4+(IF(B11="",0,'⚙️ Rate Card'!C33+(D11/100)*'⚙️ Rate Card'!C34))*0.4+AC11+(((D11/100)*'⚙️ Rate Card'!C7+F11*'⚙️ Rate Card'!C9+G11*'⚙️ Rate Card'!C10+H11*'⚙️ Rate Card'!C11+I11*'⚙️ Rate Card'!C12+J11*'⚙️ Rate Card'!C13+K11*'⚙️ Rate Card'!C14+(D11/100)*'⚙️ Rate Card'!C8+L11*IF(OR(O11="N/A",O11="None",O11=""),0,IF(O11="High",'⚙️ Rate Card'!C20,IF(O11="Medium",'⚙️ Rate Card'!C19,'⚙️ Rate Card'!C18)))+M11*IF(OR(P11="Decommission",P11=""),'⚙️ Rate Card'!C29,IF(P11="EC2 (Lift & Shift)",'⚙️ Rate Card'!C25,IF(P11="AWS QuickSight",'⚙️ Rate Card'!C27,IF(P11="Power BI",'⚙️ Rate Card'!C28,IF(P11="Custom Reporting Solution",'⚙️ Rate Card'!C26,0)))))+IF(B11="",0,'⚙️ Rate Card'!C33+(D11/100)*'⚙️ Rate Card'!C34)))*'⚙️ Rate Card'!C35*0.4+(((D11/100)*'⚙️ Rate Card'!C7+F11*'⚙️ Rate Card'!C9+G11*'⚙️ Rate Card'!C10+H11*'⚙️ Rate Card'!C11+I11*'⚙️ Rate Card'!C12+J11*'⚙️ Rate Card'!C13+K11*'⚙️ Rate Card'!C14+(D11/100)*'⚙️ Rate Card'!C8+L11*IF(OR(O11="N/A",O11="None",O11=""),0,IF(O11="High",'⚙️ Rate Card'!C20,IF(O11="Medium",'⚙️ Rate Card'!C19,'⚙️ Rate Card'!C18)))+M11*IF(OR(P11="Decommission",P11=""),'⚙️ Rate Card'!C29,IF(P11="EC2 (Lift & Shift)",'⚙️ Rate Card'!C25,IF(P11="AWS QuickSight",'⚙️ Rate Card'!C27,IF(P11="Power BI",'⚙️ Rate Card'!C28,IF(P11="Custom Reporting Solution",'⚙️ Rate Card'!C26,0)))))+IF(B11="",0,'⚙️ Rate Card'!C33+(D11/100)*'⚙️ Rate Card'!C34)))*'⚙️ Rate Card'!C36*0.4+(((D11/100)*'⚙️ Rate Card'!C7+F11*'⚙️ Rate Card'!C9+G11*'⚙️ Rate Card'!C10+H11*'⚙️ Rate Card'!C11+I11*'⚙️ Rate Card'!C12+J11*'⚙️ Rate Card'!C13+K11*'⚙️ Rate Card'!C14+(D11/100)*'⚙️ Rate Card'!C8+L11*IF(OR(O11="N/A",O11="None",O11=""),0,IF(O11="High",'⚙️ Rate Card'!C20,IF(O11="Medium",'⚙️ Rate Card'!C19,'⚙️ Rate Card'!C18)))+M11*IF(OR(P11="Decommission",P11=""),'⚙️ Rate Card'!C29,IF(P11="EC2 (Lift & Shift)",'⚙️ Rate Card'!C25,IF(P11="AWS QuickSight",'⚙️ Rate Card'!C27,IF(P11="Power BI",'⚙️ Rate Card'!C28,IF(P11="Custom Reporting Solution",'⚙️ Rate Card'!C26,0)))))+IF(B11="",0,'⚙️ Rate Card'!C33+(D11/100)*'⚙️ Rate Card'!C34)))*'⚙️ Rate Card'!C37*0.4) -> 0 | AN11: =IF(B11="",0,AH11+AK11+(M11*IF(OR(P11="Decommission",P11=""),'⚙️ Rate Card'!C29,IF(P11="EC2 (Lift & Shift)",'⚙️ Rate Card'!C25,IF(P11="AWS QuickSight",'⚙️ Rate Card'!C27,IF(P11="Power BI",'⚙️ Rate Card'!C28,IF(P11="Custom Reporting Solution",'⚙️ Rate Card'!C26,0))))))*0.4+(IF(B11="",0,'⚙️ Rate Card'!C33+(D11/100)*'⚙️ Rate Card'!C34))*0.4+AD11+(((D11/100)*'⚙️ Rate Card'!C7+F11*'⚙️ Rate Card'!C9+G11*'⚙️ Rate Card'!C10+H11*'⚙️ Rate Card'!C11+I11*'⚙️ Rate Card'!C12+J11*'⚙️ Rate Card'!C13+K11*'⚙️ Rate Card'!C14+(D11/100)*'⚙️ Rate Card'!C8+L11*IF(OR(O11="N/A",O11="None",O11=""),0,IF(O11="High",'⚙️ Rate Card'!C20,IF(O11="Medium",'⚙️ Rate Card'!C19,'⚙️ Rate Card'!C18)))+M11*IF(OR(P11="Decommission",P11=""),'⚙️ Rate Card'!C29,IF(P11="EC2 (Lift & Shift)",'⚙️ Rate Card'!C25,IF(P11="AWS QuickSight",'⚙️ Rate Card'!C27,IF(P11="Power BI",'⚙️ Rate Card'!C28,IF(P11="Custom Reporting Solution",'⚙️ Rate Card'!C26,0)))))+IF(B11="",0,'⚙️ Rate Card'!C33+(D11/100)*'⚙️ Rate Card'!C34)))*'⚙️ Rate Card'!C35*0.4+(((D11/100)*'⚙️ Rate Card'!C7+F11*'⚙️ Rate Card'!C9+G11*'⚙️ Rate Card'!C10+H11*'⚙️ Rate Card'!C11+I11*'⚙️ Rate Card'!C12+J11*'⚙️ Rate Card'!C13+K11*'⚙️ Rate Card'!C14+(D11/100)*'⚙️ Rate Card'!C8+L11*IF(OR(O11="N/A",O11="None",O11=""),0,IF(O11="High",'⚙️ Rate Card'!C20,IF(O11="Medium",'⚙️ Rate Card'!C19,'⚙️ Rate Card'!C18)))+M11*IF(OR(P11="Decommission",P11=""),'⚙️ Rate Card'!C29,IF(P11="EC2 (Lift & Shift)",'⚙️ Rate Card'!C25,IF(P11="AWS QuickSight",'⚙️ Rate Card'!C27,IF(P11="Power BI",'⚙️ Rate Card'!C28,IF(P11="Custom Reporting Solution",'⚙️ Rate Card'!C26,0)))))+IF(B11="",0,'⚙️ Rate Card'!C33+(D11/100)*'⚙️ Rate Card'!C34)))*'⚙️ Rate Card'!C36*0.4+(((D11/100)*'⚙️ Rate Card'!C7+F11*'⚙️ Rate Card'!C9+G11*'⚙️ Rate Card'!C10+H11*'⚙️ Rate Card'!C11+I11*'⚙️ Rate Card'!C12+J11*'⚙️ Rate Card'!C13+K11*'⚙️ Rate Card'!C14+(D11/100)*'⚙️ Rate Card'!C8+L11*IF(OR(O11="N/A",O11="None",O11=""),0,IF(O11="High",'⚙️ Rate Card'!C20,IF(O11="Medium",'⚙️ Rate Card'!C19,'⚙️ Rate Card'!C18)))+M11*IF(OR(P11="Decommission",P11=""),'⚙️ Rate Card'!C29,IF(P11="EC2 (Lift & Shift)",'⚙️ Rate Card'!C25,IF(P11="AWS QuickSight",'⚙️ Rate Card'!C27,IF(P11="Power BI",'⚙️ Rate Card'!C28,IF(P11="Custom Reporting Solution",'⚙️ Rate Card'!C26,0)))))+IF(B11="",0,'⚙️ Rate Card'!C33+(D11/100)*'⚙️ Rate Card'!C34)))*'⚙️ Rate Card'!C37*0.4) -> 0 | AO11: =IF(B11="",0,AI11+AL11+(M11*IF(OR(P11="Decommission",P11=""),'⚙️ Rate Card'!C29,IF(P11="EC2 (Lift & Shift)",'⚙️ Rate Card'!C25,IF(P11="AWS QuickSight",'⚙️ Rate Card'!C27,IF(P11="Power BI",'⚙️ Rate Card'!C28,IF(P11="Custom Reporting Solution",'⚙️ Rate Card'!C26,0))))))*0.2+(IF(B11="",0,'⚙️ Rate Card'!C33+(D11/100)*'⚙️ Rate Card'!C34))*0.2+AE11+(((D11/100)*'⚙️ Rate Card'!C7+F11*'⚙️ Rate Card'!C9+G11*'⚙️ Rate Card'!C10+H11*'⚙️ Rate Card'!C11+I11*'⚙️ Rate Card'!C12+J11*'⚙️ Rate Card'!C13+K11*'⚙️ Rate Card'!C14+(D11/100)*'⚙️ Rate Card'!C8+L11*IF(OR(O11="N/A",O11="None",O11=""),0,IF(O11="High",'⚙️ Rate Card'!C20,IF(O11="Medium",'⚙️ Rate Card'!C19,'⚙️ Rate Card'!C18)))+M11*IF(OR(P11="Decommission",P11=""),'⚙️ Rate Card'!C29,IF(P11="EC2 (Lift & Shift)",'⚙️ Rate Card'!C25,IF(P11="AWS QuickSight",'⚙️ Rate Card'!C27,IF(P11="Power BI",'⚙️ Rate Card'!C28,IF(P11="Custom Reporting Solution",'⚙️ Rate Card'!C26,0)))))+IF(B11="",0,'⚙️ Rate Card'!C33+(D11/100)*'⚙️ Rate Card'!C34)))*'⚙️ Rate Card'!C35*0.2+(((D11/100)*'⚙️ Rate Card'!C7+F11*'⚙️ Rate Card'!C9+G11*'⚙️ Rate Card'!C10+H11*'⚙️ Rate Card'!C11+I11*'⚙️ Rate Card'!C12+J11*'⚙️ Rate Card'!C13+K11*'⚙️ Rate Card'!C14+(D11/100)*'⚙️ Rate Card'!C8+L11*IF(OR(O11="N/A",O11="None",O11=""),0,IF(O11="High",'⚙️ Rate Card'!C20,IF(O11="Medium",'⚙️ Rate Card'!C19,'⚙️ Rate Card'!C18)))+M11*IF(OR(P11="Decommission",P11=""),'⚙️ Rate Card'!C29,IF(P11="EC2 (Lift & Shift)",'⚙️ Rate Card'!C25,IF(P11="AWS QuickSight",'⚙️ Rate Card'!C27,IF(P11="Power BI",'⚙️ Rate Card'!C28,IF(P11="Custom Reporting Solution",'⚙️ Rate Card'!C26,0)))))+IF(B11="",0,'⚙️ Rate Card'!C33+(D11/100)*'⚙️ Rate Card'!C34)))*'⚙️ Rate Card'!C36*0.2+(((D11/100)*'⚙️ Rate Card'!C7+F11*'⚙️ Rate Card'!C9+G11*'⚙️ Rate Card'!C10+H11*'⚙️ Rate Card'!C11+I11*'⚙️ Rate Card'!C12+J11*'⚙️ Rate Card'!C13+K11*'⚙️ Rate Card'!C14+(D11/100)*'⚙️ Rate Card'!C8+L11*IF(OR(O11="N/A",O11="None",O11=""),0,IF(O11="High",'⚙️ Rate Card'!C20,IF(O11="Medium",'⚙️ Rate Card'!C19,'⚙️ Rate Card'!C18)))+M11*IF(OR(P11="Decommission",P11=""),'⚙️ Rate Card'!C29,IF(P11="EC2 (Lift & Shift)",'⚙️ Rate Card'!C25,IF(P11="AWS QuickSight",'⚙️ Rate Card'!C27,IF(P11="Power BI",'⚙️ Rate Card'!C28,IF(P11="Custom Reporting Solution",'⚙️ Rate Card'!C26,0)))))+IF(B11="",0,'⚙️ Rate Card'!C33+(D11/100)*'⚙️ Rate Card'!C34)))*'⚙️ Rate Card'!C37*0.2) -> 0 | AP11: ='✏️ SME Input'!B12 -> 0 | AQ11: ='✏️ SME Input'!C12 -> 0 | AR11: ='✏️ SME Input'!D12 -> 0
B12: ='✏️ SME Input'!E13 -> 0 | C12: =IF(B12="","",IF(D12>1000,"T3 Complex",IF(D12>500,"T2 Moderate","T1 Simple"))) | D12: ='✏️ SME Input'!G13 -> 0 | E12: ='✏️ SME Input'!H13 -> 0 | F12: ='✏️ SME Input'!I13 -> 0 | G12: ='✏️ SME Input'!J13 -> 0 | H12: ='✏️ SME Input'!K13 -> 0 | I12: ='✏️ SME Input'!L13 -> 0 | J12: ='✏️ SME Input'!M13 -> 0 | K12: ='✏️ SME Input'!N13 -> 0 | ... P12: ='✏️ SME Input'!S13 -> 0 | Q12: ='✏️ SME Input'!F13 -> 0 | R12: =IF(B12="",0,((D12/100)*'⚙️ Rate Card'!C7+F12*'⚙️ Rate Card'!C9+G12*'⚙️ Rate Card'!C10+H12*'⚙️ Rate Card'!C11+I12*'⚙️ Rate Card'!C12+J12*'⚙️ Rate Card'!C13+K12*'⚙️ Rate Card'!C14+(D12/100)*'⚙️ Rate Card'!C8+L12*IF(OR(O12="N/A",O12="None",O12=""),0,IF(O12="High",'⚙️ Rate Card'!C20,IF(O12="Medium",'⚙️ Rate Card'!C19,'⚙️ Rate Card'!C18)))+M12*IF(OR(P12="Decommission",P12=""),'⚙️ Rate Card'!C29,IF(P12="EC2 (Lift & Shift)",'⚙️ Rate Card'!C25,IF(P12="AWS QuickSight",'⚙️ Rate Card'!C27,IF(P12="Power BI",'⚙️ Rate Card'!C28,IF(P12="Custom Reporting Solution",'⚙️ Rate Card'!C26,0)))))+IF(B12="",0,'⚙️ Rate Card'!C33+(D12/100)*'⚙️ Rate Card'!C34))*'⚙️ Rate Card'!C37+(D12/100)*'⚙️ Rate Card'!C7+F12*'⚙️ Rate Card'!C9+G12*'⚙️ Rate Card'!C10+H12*'⚙️ Rate Card'!C11+I12*'⚙️ Rate Card'!C12+J12*'⚙️ Rate Card'!C13+K12*'⚙️ Rate Card'!C14+(D12/100)*'⚙️ Rate Card'!C8+(D12/100)*'⚙️ Rate Card'!C8+L12*IF(OR(O12="N/A",O12="None",O12=""),0,IF(O12="High",'⚙️ Rate Card'!C20,IF(O12="Medium",'⚙️ Rate Card'!C19,'⚙️ Rate Card'!C18)))+M12*IF(OR(P12="Decommission",P12=""),'⚙️ Rate Card'!C29,IF(P12="EC2 (Lift & Shift)",'⚙️ Rate Card'!C25,IF(P12="AWS QuickSight",'⚙️ Rate Card'!C27,IF(P12="Power BI",'⚙️ Rate Card'!C28,IF(P12="Custom Reporting Solution",'⚙️ Rate Card'!C26,0)))))+IF(B12="",0,'⚙️ Rate Card'!C33+(D12/100)*'⚙️ Rate Card'!C34)+((D12/100)*'⚙️ Rate Card'!C7+F12*'⚙️ Rate Card'!C9+G12*'⚙️ Rate Card'!C10+H12*'⚙️ Rate Card'!C11+I12*'⚙️ Rate Card'!C12+J12*'⚙️ Rate Card'!C13+K12*'⚙️ Rate Card'!C14+(D12/100)*'⚙️ Rate Card'!C8+L12*IF(OR(O12="N/A",O12="None",O12=""),0,IF(O12="High",'⚙️ Rate Card'!C20,IF(O12="Medium",'⚙️ Rate Card'!C19,'⚙️ Rate Card'!C18)))+M12*IF(OR(P12="Decommission",P12=""),'⚙️ Rate Card'!C29,IF(P12="EC2 (Lift & Shift)",'⚙️ Rate Card'!C25,IF(P12="AWS QuickSight",'⚙️ Rate Card'!C27,IF(P12="Power BI",'⚙️ Rate Card'!C28,IF(P12="Custom Reporting Solution",'⚙️ Rate Card'!C26,0)))))+IF(B12="",0,'⚙️ Rate Card'!C33+(D12/100)*'⚙️ Rate Card'!C34))*'⚙️ Rate Card'!C35+((D12/100)*'⚙️ Rate Card'!C7+F12*'⚙️ Rate Card'!C9+G12*'⚙️ Rate Card'!C10+H12*'⚙️ Rate Card'!C11+I12*'⚙️ Rate Card'!C12+J12*'⚙️ Rate Card'!C13+K12*'⚙️ Rate Card'!C14+(D12/100)*'⚙️ Rate Card'!C8+L12*IF(OR(O12="N/A",O12="None",O12=""),0,IF(O12="High",'⚙️ Rate Card'!C20,IF(O12="Medium",'⚙️ Rate Card'!C19,'⚙️ Rate Card'!C18)))+M12*IF(OR(P12="Decommission",P12=""),'⚙️ Rate Card'!C29,IF(P12="EC2 (Lift & Shift)",'⚙️ Rate Card'!C25,IF(P12="AWS QuickSight",'⚙️ Rate Card'!C27,IF(P12="Power BI",'⚙️ Rate Card'!C28,IF(P12="Custom Reporting Solution",'⚙️ Rate Card'!C26,0)))))+IF(B12="",0,'⚙️ Rate Card'!C33+(D12/100)*'⚙️ Rate Card'!C34))*'⚙️ Rate Card'!C36) -> 0 | S12: =IF(B12="",0,(((D12/100)*'⚙️ Rate Card'!C7+F12*'⚙️ Rate Card'!C9+G12*'⚙️ Rate Card'!C10+H12*'⚙️ Rate Card'!C11+I12*'⚙️ Rate Card'!C12+J12*'⚙️ Rate Card'!C13+K12*'⚙️ Rate Card'!C14+(D12/100)*'⚙️ Rate Card'!C8+L12*IF(OR(O12="N/A",O12="None",O12=""),0,IF(O12="High",'⚙️ Rate Card'!C20,IF(O12="Medium",'⚙️ Rate Card'!C19,'⚙️ Rate Card'!C18)))+M12*IF(OR(P12="Decommission",P12=""),'⚙️ Rate Card'!C29,IF(P12="EC2 (Lift & Shift)",'⚙️ Rate Card'!C25,IF(P12="AWS QuickSight",'⚙️ Rate Card'!C27,IF(P12="Power BI",'⚙️ Rate Card'!C28,IF(P12="Custom Reporting Solution",'⚙️ Rate Card'!C26,0)))))+IF(B12="",0,'⚙️ Rate Card'!C33+(D12/100)*'⚙️ Rate Card'!C34))*'⚙️ Rate Card'!C37)*(1-'📊 Dashboard'!C10/100)+(((D12/100)*'⚙️ Rate Card'!C7+F12*'⚙️ Rate Card'!C9+G12*'⚙️ Rate Card'!C10+H12*'⚙️ Rate Card'!C11+I12*'⚙️ Rate Card'!C12+J12*'⚙️ Rate Card'!C13+K12*'⚙️ Rate Card'!C14+(D12/100)*'⚙️ Rate Card'!C8+(D12/100)*'⚙️ Rate Card'!C8))*(1-'📊 Dashboard'!C10/100)+(L12*IF(OR(O12="N/A",O12="None",O12=""),0,IF(O12="High",'⚙️ Rate Card'!C20,IF(O12="Medium",'⚙️ Rate Card'!C19,'⚙️ Rate Card'!C18))))*(1-'📊 Dashboard'!C11/100)+(M12*IF(OR(P12="Decommission",P12=""),'⚙️ Rate Card'!C29,IF(P12="EC2 (Lift & Shift)",'⚙️ Rate Card'!C25,IF(P12="AWS QuickSight",'⚙️ Rate Card'!C27,IF(P12="Power BI",'⚙️ Rate Card'!C28,IF(P12="Custom Reporting Solution",'⚙️ Rate Card'!C26,0))))))*(1-'📊 Dashboard'!C12/100)+(IF(B12="",0,'⚙️ Rate Card'!C33+(D12/100)*'⚙️ Rate Card'!C34))*(1-'📊 Dashboard'!C10/100)+(((D12/100)*'⚙️ Rate Card'!C7+F12*'⚙️ Rate Card'!C9+G12*'⚙️ Rate Card'!C10+H12*'⚙️ Rate Card'!C11+I12*'⚙️ Rate Card'!C12+J12*'⚙️ Rate Card'!C13+K12*'⚙️ Rate Card'!C14+(D12/100)*'⚙️ Rate Card'!C8+L12*IF(OR(O12="N/A",O12="None",O12=""),0,IF(O12="High",'⚙️ Rate Card'!C20,IF(O12="Medium",'⚙️ Rate Card'!C19,'⚙️ Rate Card'!C18)))+M12*IF(OR(P12="Decommission",P12=""),'⚙️ Rate Card'!C29,IF(P12="EC2 (Lift & Shift)",'⚙️ Rate Card'!C25,IF(P12="AWS QuickSight",'⚙️ Rate Card'!C27,IF(P12="Power BI",'⚙️ Rate Card'!C28,IF(P12="Custom Reporting Solution",'⚙️ Rate Card'!C26,0)))))+IF(B12="",0,'⚙️ Rate Card'!C33+(D12/100)*'⚙️ Rate Card'!C34))*'⚙️ Rate Card'!C35)*(1-'📊 Dashboard'!C13/100)+(((D12/100)*'⚙️ Rate Card'!C7+F12*'⚙️ Rate Card'!C9+G12*'⚙️ Rate Card'!C10+H12*'⚙️ Rate Card'!C11+I12*'⚙️ Rate Card'!C12+J12*'⚙️ Rate Card'!C13+K12*'⚙️ Rate Card'!C14+(D12/100)*'⚙️ Rate Card'!C8+L12*IF(OR(O12="N/A",O12="None",O12=""),0,IF(O12="High",'⚙️ Rate Card'!C20,IF(O12="Medium",'⚙️ Rate Card'!C19,'⚙️ Rate Card'!C18)))+M12*IF(OR(P12="Decommission",P12=""),'⚙️ Rate Card'!C29,IF(P12="EC2 (Lift & Shift)",'⚙️ Rate Card'!C25,IF(P12="AWS QuickSight",'⚙️ Rate Card'!C27,IF(P12="Power BI",'⚙️ Rate Card'!C28,IF(P12="Custom Reporting Solution",'⚙️ Rate Card'!C26,0)))))+IF(B12="",0,'⚙️ Rate Card'!C33+(D12/100)*'⚙️ Rate Card'!C34))*'⚙️ Rate Card'!C36)*(1-'📊 Dashboard'!C10/100)) -> 0 | T12: =IF(B12="",0,S12*(1+'📊 Dashboard'!C14/100)) -> 0 | U12: =IF(B12="",0,((D12/100)*'⚙️ Rate Card'!C7+F12*'⚙️ Rate Card'!C9+G12*'⚙️ Rate Card'!C10+H12*'⚙️ Rate Card'!C11+I12*'⚙️ Rate Card'!C12+J12*'⚙️ Rate Card'!C13+K12*'⚙️ Rate Card'!C14+(D12/100)*'⚙️ Rate Card'!C8+L12*IF(OR(O12="N/A",O12="None",O12=""),0,IF(O12="High",'⚙️ Rate Card'!C20,IF(O12="Medium",'⚙️ Rate Card'!C19,'⚙️ Rate Card'!C18)))+M12*IF(OR(P12="Decommission",P12=""),'⚙️ Rate Card'!C29,IF(P12="EC2 (Lift & Shift)",'⚙️ Rate Card'!C25,IF(P12="AWS QuickSight",'⚙️ Rate Card'!C27,IF(P12="Power BI",'⚙️ Rate Card'!C28,IF(P12="Custom Reporting Solution",'⚙️ Rate Card'!C26,0)))))+IF(B12="",0,'⚙️ Rate Card'!C33+(D12/100)*'⚙️ Rate Card'!C34))*'⚙️ Rate Card'!C37) -> 0 | V12: =IF(B12="",0,(D12/100)*'⚙️ Rate Card'!C7+F12*'⚙️ Rate Card'!C9+G12*'⚙️ Rate Card'!C10+H12*'⚙️ Rate Card'!C11+I12*'⚙️ Rate Card'!C12+J12*'⚙️ Rate Card'!C13+K12*'⚙️ Rate Card'!C14+(D12/100)*'⚙️ Rate Card'!C8+(D12/100)*'⚙️ Rate Card'!C8) -> 0 | W12: =IF(B12="",0,L12*IF(OR(O12="N/A",O12="None",O12=""),0,IF(O12="High",'⚙️ Rate Card'!C20,IF(O12="Medium",'⚙️ Rate Card'!C19,'⚙️ Rate Card'!C18)))) -> 0 | X12: =IF(B12="",0,M12*IF(OR(P12="Decommission",P12=""),'⚙️ Rate Card'!C29,IF(P12="EC2 (Lift & Shift)",'⚙️ Rate Card'!C25,IF(P12="AWS QuickSight",'⚙️ Rate Card'!C27,IF(P12="Power BI",'⚙️ Rate Card'!C28,IF(P12="Custom Reporting Solution",'⚙️ Rate Card'!C26,0)))))) -> 0 | Y12: =IF(B12="",0,IF(B12="",0,'⚙️ Rate Card'!C33+(D12/100)*'⚙️ Rate Card'!C34)) -> 0 | Z12: =IF(B12="",0,((D12/100)*'⚙️ Rate Card'!C7+F12*'⚙️ Rate Card'!C9+G12*'⚙️ Rate Card'!C10+H12*'⚙️ Rate Card'!C11+I12*'⚙️ Rate Card'!C12+J12*'⚙️ Rate Card'!C13+K12*'⚙️ Rate Card'!C14+(D12/100)*'⚙️ Rate Card'!C8+L12*IF(OR(O12="N/A",O12="None",O12=""),0,IF(O12="High",'⚙️ Rate Card'!C20,IF(O12="Medium",'⚙️ Rate Card'!C19,'⚙️ Rate Card'!C18)))+M12*IF(OR(P12="Decommission",P12=""),'⚙️ Rate Card'!C29,IF(P12="EC2 (Lift & Shift)",'⚙️ Rate Card'!C25,IF(P12="AWS QuickSight",'⚙️ Rate Card'!C27,IF(P12="Power BI",'⚙️ Rate Card'!C28,IF(P12="Custom Reporting Solution",'⚙️ Rate Card'!C26,0)))))+IF(B12="",0,'⚙️ Rate Card'!C33+(D12/100)*'⚙️ Rate Card'!C34))*'⚙️ Rate Card'!C35) -> 0 | AA12: =IF(B12="",0,((D12/100)*'⚙️ Rate Card'!C7+F12*'⚙️ Rate Card'!C9+G12*'⚙️ Rate Card'!C10+H12*'⚙️ Rate Card'!C11+I12*'⚙️ Rate Card'!C12+J12*'⚙️ Rate Card'!C13+K12*'⚙️ Rate Card'!C14+(D12/100)*'⚙️ Rate Card'!C8+L12*IF(OR(O12="N/A",O12="None",O12=""),0,IF(O12="High",'⚙️ Rate Card'!C20,IF(O12="Medium",'⚙️ Rate Card'!C19,'⚙️ Rate Card'!C18)))+M12*IF(OR(P12="Decommission",P12=""),'⚙️ Rate Card'!C29,IF(P12="EC2 (Lift & Shift)",'⚙️ Rate Card'!C25,IF(P12="AWS QuickSight",'⚙️ Rate Card'!C27,IF(P12="Power BI",'⚙️ Rate Card'!C28,IF(P12="Custom Reporting Solution",'⚙️ Rate Card'!C26,0)))))+IF(B12="",0,'⚙️ Rate Card'!C33+(D12/100)*'⚙️ Rate Card'!C34))*'⚙️ Rate Card'!C36) -> 0 | AB12: ='✏️ SME Input'!T13 -> 0 | AC12: =IF(B12="",0,AB12*0.75) -> 0 | AD12: =IF(B12="",0,AB12*0.75) -> 0 | AE12: =IF(B12="",0,AB12*0.75) -> 0 | AF12: =IF(B12="",0,AB12*2.25) -> 0 | AG12: =IF(B12="",0,((D12/100)*'⚙️ Rate Card'!C7+F12*'⚙️ Rate Card'!C9+G12*'⚙️ Rate Card'!C10+H12*'⚙️ Rate Card'!C11+I12*'⚙️ Rate Card'!C12+J12*'⚙️ Rate Card'!C13+K12*'⚙️ Rate Card'!C14+(D12/100)*'⚙️ Rate Card'!C8)*0.4) -> 0 | AH12: =IF(B12="",0,((D12/100)*'⚙️ Rate Card'!C7+F12*'⚙️ Rate Card'!C9+G12*'⚙️ Rate Card'!C10+H12*'⚙️ Rate Card'!C11+I12*'⚙️ Rate Card'!C12+J12*'⚙️ Rate Card'!C13+K12*'⚙️ Rate Card'!C14+(D12/100)*'⚙️ Rate Card'!C8)*0.4) -> 0 | AI12: =IF(B12="",0,((D12/100)*'⚙️ Rate Card'!C7+F12*'⚙️ Rate Card'!C9+G12*'⚙️ Rate Card'!C10+H12*'⚙️ Rate Card'!C11+I12*'⚙️ Rate Card'!C12+J12*'⚙️ Rate Card'!C13+K12*'⚙️ Rate Card'!C14+(D12/100)*'⚙️ Rate Card'!C8)*0.2) -> 0 | AJ12: =IF(B12="",0,(L12*IF(OR(O12="N/A",O12="None",O12=""),0,IF(O12="High",'⚙️ Rate Card'!C20,IF(O12="Medium",'⚙️ Rate Card'!C19,'⚙️ Rate Card'!C18))))*0.5) -> 0 | AK12: =IF(B12="",0,(L12*IF(OR(O12="N/A",O12="None",O12=""),0,IF(O12="High",'⚙️ Rate Card'!C20,IF(O12="Medium",'⚙️ Rate Card'!C19,'⚙️ Rate Card'!C18))))*0.35) -> 0 | AL12: =IF(B12="",0,(L12*IF(OR(O12="N/A",O12="None",O12=""),0,IF(O12="High",'⚙️ Rate Card'!C20,IF(O12="Medium",'⚙️ Rate Card'!C19,'⚙️ Rate Card'!C18))))*0.15) -> 0 | AM12: =IF(B12="",0,AG12+AJ12+(M12*IF(OR(P12="Decommission",P12=""),'⚙️ Rate Card'!C29,IF(P12="EC2 (Lift & Shift)",'⚙️ Rate Card'!C25,IF(P12="AWS QuickSight",'⚙️ Rate Card'!C27,IF(P12="Power BI",'⚙️ Rate Card'!C28,IF(P12="Custom Reporting Solution",'⚙️ Rate Card'!C26,0))))))*0.4+(IF(B12="",0,'⚙️ Rate Card'!C33+(D12/100)*'⚙️ Rate Card'!C34))*0.4+AC12+(((D12/100)*'⚙️ Rate Card'!C7+F12*'⚙️ Rate Card'!C9+G12*'⚙️ Rate Card'!C10+H12*'⚙️ Rate Card'!C11+I12*'⚙️ Rate Card'!C12+J12*'⚙️ Rate Card'!C13+K12*'⚙️ Rate Card'!C14+(D12/100)*'⚙️ Rate Card'!C8+L12*IF(OR(O12="N/A",O12="None",O12=""),0,IF(O12="High",'⚙️ Rate Card'!C20,IF(O12="Medium",'⚙️ Rate Card'!C19,'⚙️ Rate Card'!C18)))+M12*IF(OR(P12="Decommission",P12=""),'⚙️ Rate Card'!C29,IF(P12="EC2 (Lift & Shift)",'⚙️ Rate Card'!C25,IF(P12="AWS QuickSight",'⚙️ Rate Card'!C27,IF(P12="Power BI",'⚙️ Rate Card'!C28,IF(P12="Custom Reporting Solution",'⚙️ Rate Card'!C26,0)))))+IF(B12="",0,'⚙️ Rate Card'!C33+(D12/100)*'⚙️ Rate Card'!C34)))*'⚙️ Rate Card'!C35*0.4+(((D12/100)*'⚙️ Rate Card'!C7+F12*'⚙️ Rate Card'!C9+G12*'⚙️ Rate Card'!C10+H12*'⚙️ Rate Card'!C11+I12*'⚙️ Rate Card'!C12+J12*'⚙️ Rate Card'!C13+K12*'⚙️ Rate Card'!C14+(D12/100)*'⚙️ Rate Card'!C8+L12*IF(OR(O12="N/A",O12="None",O12=""),0,IF(O12="High",'⚙️ Rate Card'!C20,IF(O12="Medium",'⚙️ Rate Card'!C19,'⚙️ Rate Card'!C18)))+M12*IF(OR(P12="Decommission",P12=""),'⚙️ Rate Card'!C29,IF(P12="EC2 (Lift & Shift)",'⚙️ Rate Card'!C25,IF(P12="AWS QuickSight",'⚙️ Rate Card'!C27,IF(P12="Power BI",'⚙️ Rate Card'!C28,IF(P12="Custom Reporting Solution",'⚙️ Rate Card'!C26,0)))))+IF(B12="",0,'⚙️ Rate Card'!C33+(D12/100)*'⚙️ Rate Card'!C34)))*'⚙️ Rate Card'!C36*0.4+(((D12/100)*'⚙️ Rate Card'!C7+F12*'⚙️ Rate Card'!C9+G12*'⚙️ Rate Card'!C10+H12*'⚙️ Rate Card'!C11+I12*'⚙️ Rate Card'!C12+J12*'⚙️ Rate Card'!C13+K12*'⚙️ Rate Card'!C14+(D12/100)*'⚙️ Rate Card'!C8+L12*IF(OR(O12="N/A",O12="None",O12=""),0,IF(O12="High",'⚙️ Rate Card'!C20,IF(O12="Medium",'⚙️ Rate Card'!C19,'⚙️ Rate Card'!C18)))+M12*IF(OR(P12="Decommission",P12=""),'⚙️ Rate Card'!C29,IF(P12="EC2 (Lift & Shift)",'⚙️ Rate Card'!C25,IF(P12="AWS QuickSight",'⚙️ Rate Card'!C27,IF(P12="Power BI",'⚙️ Rate Card'!C28,IF(P12="Custom Reporting Solution",'⚙️ Rate Card'!C26,0)))))+IF(B12="",0,'⚙️ Rate Card'!C33+(D12/100)*'⚙️ Rate Card'!C34)))*'⚙️ Rate Card'!C37*0.4) -> 0 | AN12: =IF(B12="",0,AH12+AK12+(M12*IF(OR(P12="Decommission",P12=""),'⚙️ Rate Card'!C29,IF(P12="EC2 (Lift & Shift)",'⚙️ Rate Card'!C25,IF(P12="AWS QuickSight",'⚙️ Rate Card'!C27,IF(P12="Power BI",'⚙️ Rate Card'!C28,IF(P12="Custom Reporting Solution",'⚙️ Rate Card'!C26,0))))))*0.4+(IF(B12="",0,'⚙️ Rate Card'!C33+(D12/100)*'⚙️ Rate Card'!C34))*0.4+AD12+(((D12/100)*'⚙️ Rate Card'!C7+F12*'⚙️ Rate Card'!C9+G12*'⚙️ Rate Card'!C10+H12*'⚙️ Rate Card'!C11+I12*'⚙️ Rate Card'!C12+J12*'⚙️ Rate Card'!C13+K12*'⚙️ Rate Card'!C14+(D12/100)*'⚙️ Rate Card'!C8+L12*IF(OR(O12="N/A",O12="None",O12=""),0,IF(O12="High",'⚙️ Rate Card'!C20,IF(O12="Medium",'⚙️ Rate Card'!C19,'⚙️ Rate Card'!C18)))+M12*IF(OR(P12="Decommission",P12=""),'⚙️ Rate Card'!C29,IF(P12="EC2 (Lift & Shift)",'⚙️ Rate Card'!C25,IF(P12="AWS QuickSight",'⚙️ Rate Card'!C27,IF(P12="Power BI",'⚙️ Rate Card'!C28,IF(P12="Custom Reporting Solution",'⚙️ Rate Card'!C26,0)))))+IF(B12="",0,'⚙️ Rate Card'!C33+(D12/100)*'⚙️ Rate Card'!C34)))*'⚙️ Rate Card'!C35*0.4+(((D12/100)*'⚙️ Rate Card'!C7+F12*'⚙️ Rate Card'!C9+G12*'⚙️ Rate Card'!C10+H12*'⚙️ Rate Card'!C11+I12*'⚙️ Rate Card'!C12+J12*'⚙️ Rate Card'!C13+K12*'⚙️ Rate Card'!C14+(D12/100)*'⚙️ Rate Card'!C8+L12*IF(OR(O12="N/A",O12="None",O12=""),0,IF(O12="High",'⚙️ Rate Card'!C20,IF(O12="Medium",'⚙️ Rate Card'!C19,'⚙️ Rate Card'!C18)))+M12*IF(OR(P12="Decommission",P12=""),'⚙️ Rate Card'!C29,IF(P12="EC2 (Lift & Shift)",'⚙️ Rate Card'!C25,IF(P12="AWS QuickSight",'⚙️ Rate Card'!C27,IF(P12="Power BI",'⚙️ Rate Card'!C28,IF(P12="Custom Reporting Solution",'⚙️ Rate Card'!C26,0)))))+IF(B12="",0,'⚙️ Rate Card'!C33+(D12/100)*'⚙️ Rate Card'!C34)))*'⚙️ Rate Card'!C36*0.4+(((D12/100)*'⚙️ Rate Card'!C7+F12*'⚙️ Rate Card'!C9+G12*'⚙️ Rate Card'!C10+H12*'⚙️ Rate Card'!C11+I12*'⚙️ Rate Card'!C12+J12*'⚙️ Rate Card'!C13+K12*'⚙️ Rate Card'!C14+(D12/100)*'⚙️ Rate Card'!C8+L12*IF(OR(O12="N/A",O12="None",O12=""),0,IF(O12="High",'⚙️ Rate Card'!C20,IF(O12="Medium",'⚙️ Rate Card'!C19,'⚙️ Rate Card'!C18)))+M12*IF(OR(P12="Decommission",P12=""),'⚙️ Rate Card'!C29,IF(P12="EC2 (Lift & Shift)",'⚙️ Rate Card'!C25,IF(P12="AWS QuickSight",'⚙️ Rate Card'!C27,IF(P12="Power BI",'⚙️ Rate Card'!C28,IF(P12="Custom Reporting Solution",'⚙️ Rate Card'!C26,0)))))+IF(B12="",0,'⚙️ Rate Card'!C33+(D12/100)*'⚙️ Rate Card'!C34)))*'⚙️ Rate Card'!C37*0.4) -> 0 | AO12: =IF(B12="",0,AI12+AL12+(M12*IF(OR(P12="Decommission",P12=""),'⚙️ Rate Card'!C29,IF(P12="EC2 (Lift & Shift)",'⚙️ Rate Card'!C25,IF(P12="AWS QuickSight",'⚙️ Rate Card'!C27,IF(P12="Power BI",'⚙️ Rate Card'!C28,IF(P12="Custom Reporting Solution",'⚙️ Rate Card'!C26,0))))))*0.2+(IF(B12="",0,'⚙️ Rate Card'!C33+(D12/100)*'⚙️ Rate Card'!C34))*0.2+AE12+(((D12/100)*'⚙️ Rate Card'!C7+F12*'⚙️ Rate Card'!C9+G12*'⚙️ Rate Card'!C10+H12*'⚙️ Rate Card'!C11+I12*'⚙️ Rate Card'!C12+J12*'⚙️ Rate Card'!C13+K12*'⚙️ Rate Card'!C14+(D12/100)*'⚙️ Rate Card'!C8+L12*IF(OR(O12="N/A",O12="None",O12=""),0,IF(O12="High",'⚙️ Rate Card'!C20,IF(O12="Medium",'⚙️ Rate Card'!C19,'⚙️ Rate Card'!C18)))+M12*IF(OR(P12="Decommission",P12=""),'⚙️ Rate Card'!C29,IF(P12="EC2 (Lift & Shift)",'⚙️ Rate Card'!C25,IF(P12="AWS QuickSight",'⚙️ Rate Card'!C27,IF(P12="Power BI",'⚙️ Rate Card'!C28,IF(P12="Custom Reporting Solution",'⚙️ Rate Card'!C26,0)))))+IF(B12="",0,'⚙️ Rate Card'!C33+(D12/100)*'⚙️ Rate Card'!C34)))*'⚙️ Rate Card'!C35*0.2+(((D12/100)*'⚙️ Rate Card'!C7+F12*'⚙️ Rate Card'!C9+G12*'⚙️ Rate Card'!C10+H12*'⚙️ Rate Card'!C11+I12*'⚙️ Rate Card'!C12+J12*'⚙️ Rate Card'!C13+K12*'⚙️ Rate Card'!C14+(D12/100)*'⚙️ Rate Card'!C8+L12*IF(OR(O12="N/A",O12="None",O12=""),0,IF(O12="High",'⚙️ Rate Card'!C20,IF(O12="Medium",'⚙️ Rate Card'!C19,'⚙️ Rate Card'!C18)))+M12*IF(OR(P12="Decommission",P12=""),'⚙️ Rate Card'!C29,IF(P12="EC2 (Lift & Shift)",'⚙️ Rate Card'!C25,IF(P12="AWS QuickSight",'⚙️ Rate Card'!C27,IF(P12="Power BI",'⚙️ Rate Card'!C28,IF(P12="Custom Reporting Solution",'⚙️ Rate Card'!C26,0)))))+IF(B12="",0,'⚙️ Rate Card'!C33+(D12/100)*'⚙️ Rate Card'!C34)))*'⚙️ Rate Card'!C36*0.2+(((D12/100)*'⚙️ Rate Card'!C7+F12*'⚙️ Rate Card'!C9+G12*'⚙️ Rate Card'!C10+H12*'⚙️ Rate Card'!C11+I12*'⚙️ Rate Card'!C12+J12*'⚙️ Rate Card'!C13+K12*'⚙️ Rate Card'!C14+(D12/100)*'⚙️ Rate Card'!C8+L12*IF(OR(O12="N/A",O12="None",O12=""),0,IF(O12="High",'⚙️ Rate Card'!C20,IF(O12="Medium",'⚙️ Rate Card'!C19,'⚙️ Rate Card'!C18)))+M12*IF(OR(P12="Decommission",P12=""),'⚙️ Rate Card'!C29,IF(P12="EC2 (Lift & Shift)",'⚙️ Rate Card'!C25,IF(P12="AWS QuickSight",'⚙️ Rate Card'!C27,IF(P12="Power BI",'⚙️ Rate Card'!C28,IF(P12="Custom Reporting Solution",'⚙️ Rate Card'!C26,0)))))+IF(B12="",0,'⚙️ Rate Card'!C33+(D12/100)*'⚙️ Rate Card'!C34)))*'⚙️ Rate Card'!C37*0.2) -> 0 | AP12: ='✏️ SME Input'!B13 -> 0 | AQ12: ='✏️ SME Input'!C13 -> 0 | AR12: ='✏️ SME Input'!D13 -> 0
B13: ='✏️ SME Input'!E14 -> 0 | C13: =IF(B13="","",IF(D13>1000,"T3 Complex",IF(D13>500,"T2 Moderate","T1 Simple"))) | D13: ='✏️ SME Input'!G14 -> 0 | E13: ='✏️ SME Input'!H14 -> 0 | F13: ='✏️ SME Input'!I14 -> 0 | G13: ='✏️ SME Input'!J14 -> 0 | H13: ='✏️ SME Input'!K14 -> 0 | I13: ='✏️ SME Input'!L14 -> 0 | J13: ='✏️ SME Input'!M14 -> 0 | K13: ='✏️ SME Input'!N14 -> 0 | ... P13: ='✏️ SME Input'!S14 -> 0 | Q13: ='✏️ SME Input'!F14 -> 0 | R13: =IF(B13="",0,((D13/100)*'⚙️ Rate Card'!C7+F13*'⚙️ Rate Card'!C9+G13*'⚙️ Rate Card'!C10+H13*'⚙️ Rate Card'!C11+I13*'⚙️ Rate Card'!C12+J13*'⚙️ Rate Card'!C13+K13*'⚙️ Rate Card'!C14+(D13/100)*'⚙️ Rate Card'!C8+L13*IF(OR(O13="N/A",O13="None",O13=""),0,IF(O13="High",'⚙️ Rate Card'!C20,IF(O13="Medium",'⚙️ Rate Card'!C19,'⚙️ Rate Card'!C18)))+M13*IF(OR(P13="Decommission",P13=""),'⚙️ Rate Card'!C29,IF(P13="EC2 (Lift & Shift)",'⚙️ Rate Card'!C25,IF(P13="AWS QuickSight",'⚙️ Rate Card'!C27,IF(P13="Power BI",'⚙️ Rate Card'!C28,IF(P13="Custom Reporting Solution",'⚙️ Rate Card'!C26,0)))))+IF(B13="",0,'⚙️ Rate Card'!C33+(D13/100)*'⚙️ Rate Card'!C34))*'⚙️ Rate Card'!C37+(D13/100)*'⚙️ Rate Card'!C7+F13*'⚙️ Rate Card'!C9+G13*'⚙️ Rate Card'!C10+H13*'⚙️ Rate Card'!C11+I13*'⚙️ Rate Card'!C12+J13*'⚙️ Rate Card'!C13+K13*'⚙️ Rate Card'!C14+(D13/100)*'⚙️ Rate Card'!C8+(D13/100)*'⚙️ Rate Card'!C8+L13*IF(OR(O13="N/A",O13="None",O13=""),0,IF(O13="High",'⚙️ Rate Card'!C20,IF(O13="Medium",'⚙️ Rate Card'!C19,'⚙️ Rate Card'!C18)))+M13*IF(OR(P13="Decommission",P13=""),'⚙️ Rate Card'!C29,IF(P13="EC2 (Lift & Shift)",'⚙️ Rate Card'!C25,IF(P13="AWS QuickSight",'⚙️ Rate Card'!C27,IF(P13="Power BI",'⚙️ Rate Card'!C28,IF(P13="Custom Reporting Solution",'⚙️ Rate Card'!C26,0)))))+IF(B13="",0,'⚙️ Rate Card'!C33+(D13/100)*'⚙️ Rate Card'!C34)+((D13/100)*'⚙️ Rate Card'!C7+F13*'⚙️ Rate Card'!C9+G13*'⚙️ Rate Card'!C10+H13*'⚙️ Rate Card'!C11+I13*'⚙️ Rate Card'!C12+J13*'⚙️ Rate Card'!C13+K13*'⚙️ Rate Card'!C14+(D13/100)*'⚙️ Rate Card'!C8+L13*IF(OR(O13="N/A",O13="None",O13=""),0,IF(O13="High",'⚙️ Rate Card'!C20,IF(O13="Medium",'⚙️ Rate Card'!C19,'⚙️ Rate Card'!C18)))+M13*IF(OR(P13="Decommission",P13=""),'⚙️ Rate Card'!C29,IF(P13="EC2 (Lift & Shift)",'⚙️ Rate Card'!C25,IF(P13="AWS QuickSight",'⚙️ Rate Card'!C27,IF(P13="Power BI",'⚙️ Rate Card'!C28,IF(P13="Custom Reporting Solution",'⚙️ Rate Card'!C26,0)))))+IF(B13="",0,'⚙️ Rate Card'!C33+(D13/100)*'⚙️ Rate Card'!C34))*'⚙️ Rate Card'!C35+((D13/100)*'⚙️ Rate Card'!C7+F13*'⚙️ Rate Card'!C9+G13*'⚙️ Rate Card'!C10+H13*'⚙️ Rate Card'!C11+I13*'⚙️ Rate Card'!C12+J13*'⚙️ Rate Card'!C13+K13*'⚙️ Rate Card'!C14+(D13/100)*'⚙️ Rate Card'!C8+L13*IF(OR(O13="N/A",O13="None",O13=""),0,IF(O13="High",'⚙️ Rate Card'!C20,IF(O13="Medium",'⚙️ Rate Card'!C19,'⚙️ Rate Card'!C18)))+M13*IF(OR(P13="Decommission",P13=""),'⚙️ Rate Card'!C29,IF(P13="EC2 (Lift & Shift)",'⚙️ Rate Card'!C25,IF(P13="AWS QuickSight",'⚙️ Rate Card'!C27,IF(P13="Power BI",'⚙️ Rate Card'!C28,IF(P13="Custom Reporting Solution",'⚙️ Rate Card'!C26,0)))))+IF(B13="",0,'⚙️ Rate Card'!C33+(D13/100)*'⚙️ Rate Card'!C34))*'⚙️ Rate Card'!C36) -> 0 | S13: =IF(B13="",0,(((D13/100)*'⚙️ Rate Card'!C7+F13*'⚙️ Rate Card'!C9+G13*'⚙️ Rate Card'!C10+H13*'⚙️ Rate Card'!C11+I13*'⚙️ Rate Card'!C12+J13*'⚙️ Rate Card'!C13+K13*'⚙️ Rate Card'!C14+(D13/100)*'⚙️ Rate Card'!C8+L13*IF(OR(O13="N/A",O13="None",O13=""),0,IF(O13="High",'⚙️ Rate Card'!C20,IF(O13="Medium",'⚙️ Rate Card'!C19,'⚙️ Rate Card'!C18)))+M13*IF(OR(P13="Decommission",P13=""),'⚙️ Rate Card'!C29,IF(P13="EC2 (Lift & Shift)",'⚙️ Rate Card'!C25,IF(P13="AWS QuickSight",'⚙️ Rate Card'!C27,IF(P13="Power BI",'⚙️ Rate Card'!C28,IF(P13="Custom Reporting Solution",'⚙️ Rate Card'!C26,0)))))+IF(B13="",0,'⚙️ Rate Card'!C33+(D13/100)*'⚙️ Rate Card'!C34))*'⚙️ Rate Card'!C37)*(1-'📊 Dashboard'!C10/100)+(((D13/100)*'⚙️ Rate Card'!C7+F13*'⚙️ Rate Card'!C9+G13*'⚙️ Rate Card'!C10+H13*'⚙️ Rate Card'!C11+I13*'⚙️ Rate Card'!C12+J13*'⚙️ Rate Card'!C13+K13*'⚙️ Rate Card'!C14+(D13/100)*'⚙️ Rate Card'!C8+(D13/100)*'⚙️ Rate Card'!C8))*(1-'📊 Dashboard'!C10/100)+(L13*IF(OR(O13="N/A",O13="None",O13=""),0,IF(O13="High",'⚙️ Rate Card'!C20,IF(O13="Medium",'⚙️ Rate Card'!C19,'⚙️ Rate Card'!C18))))*(1-'📊 Dashboard'!C11/100)+(M13*IF(OR(P13="Decommission",P13=""),'⚙️ Rate Card'!C29,IF(P13="EC2 (Lift & Shift)",'⚙️ Rate Card'!C25,IF(P13="AWS QuickSight",'⚙️ Rate Card'!C27,IF(P13="Power BI",'⚙️ Rate Card'!C28,IF(P13="Custom Reporting Solution",'⚙️ Rate Card'!C26,0))))))*(1-'📊 Dashboard'!C12/100)+(IF(B13="",0,'⚙️ Rate Card'!C33+(D13/100)*'⚙️ Rate Card'!C34))*(1-'📊 Dashboard'!C10/100)+(((D13/100)*'⚙️ Rate Card'!C7+F13*'⚙️ Rate Card'!C9+G13*'⚙️ Rate Card'!C10+H13*'⚙️ Rate Card'!C11+I13*'⚙️ Rate Card'!C12+J13*'⚙️ Rate Card'!C13+K13*'⚙️ Rate Card'!C14+(D13/100)*'⚙️ Rate Card'!C8+L13*IF(OR(O13="N/A",O13="None",O13=""),0,IF(O13="High",'⚙️ Rate Card'!C20,IF(O13="Medium",'⚙️ Rate Card'!C19,'⚙️ Rate Card'!C18)))+M13*IF(OR(P13="Decommission",P13=""),'⚙️ Rate Card'!C29,IF(P13="EC2 (Lift & Shift)",'⚙️ Rate Card'!C25,IF(P13="AWS QuickSight",'⚙️ Rate Card'!C27,IF(P13="Power BI",'⚙️ Rate Card'!C28,IF(P13="Custom Reporting Solution",'⚙️ Rate Card'!C26,0)))))+IF(B13="",0,'⚙️ Rate Card'!C33+(D13/100)*'⚙️ Rate Card'!C34))*'⚙️ Rate Card'!C35)*(1-'📊 Dashboard'!C13/100)+(((D13/100)*'⚙️ Rate Card'!C7+F13*'⚙️ Rate Card'!C9+G13*'⚙️ Rate Card'!C10+H13*'⚙️ Rate Card'!C11+I13*'⚙️ Rate Card'!C12+J13*'⚙️ Rate Card'!C13+K13*'⚙️ Rate Card'!C14+(D13/100)*'⚙️ Rate Card'!C8+L13*IF(OR(O13="N/A",O13="None",O13=""),0,IF(O13="High",'⚙️ Rate Card'!C20,IF(O13="Medium",'⚙️ Rate Card'!C19,'⚙️ Rate Card'!C18)))+M13*IF(OR(P13="Decommission",P13=""),'⚙️ Rate Card'!C29,IF(P13="EC2 (Lift & Shift)",'⚙️ Rate Card'!C25,IF(P13="AWS QuickSight",'⚙️ Rate Card'!C27,IF(P13="Power BI",'⚙️ Rate Card'!C28,IF(P13="Custom Reporting Solution",'⚙️ Rate Card'!C26,0)))))+IF(B13="",0,'⚙️ Rate Card'!C33+(D13/100)*'⚙️ Rate Card'!C34))*'⚙️ Rate Card'!C36)*(1-'📊 Dashboard'!C10/100)) -> 0 | T13: =IF(B13="",0,S13*(1+'📊 Dashboard'!C14/100)) -> 0 | U13: =IF(B13="",0,((D13/100)*'⚙️ Rate Card'!C7+F13*'⚙️ Rate Card'!C9+G13*'⚙️ Rate Card'!C10+H13*'⚙️ Rate Card'!C11+I13*'⚙️ Rate Card'!C12+J13*'⚙️ Rate Card'!C13+K13*'⚙️ Rate Card'!C14+(D13/100)*'⚙️ Rate Card'!C8+L13*IF(OR(O13="N/A",O13="None",O13=""),0,IF(O13="High",'⚙️ Rate Card'!C20,IF(O13="Medium",'⚙️ Rate Card'!C19,'⚙️ Rate Card'!C18)))+M13*IF(OR(P13="Decommission",P13=""),'⚙️ Rate Card'!C29,IF(P13="EC2 (Lift & Shift)",'⚙️ Rate Card'!C25,IF(P13="AWS QuickSight",'⚙️ Rate Card'!C27,IF(P13="Power BI",'⚙️ Rate Card'!C28,IF(P13="Custom Reporting Solution",'⚙️ Rate Card'!C26,0)))))+IF(B13="",0,'⚙️ Rate Card'!C33+(D13/100)*'⚙️ Rate Card'!C34))*'⚙️ Rate Card'!C37) -> 0 | V13: =IF(B13="",0,(D13/100)*'⚙️ Rate Card'!C7+F13*'⚙️ Rate Card'!C9+G13*'⚙️ Rate Card'!C10+H13*'⚙️ Rate Card'!C11+I13*'⚙️ Rate Card'!C12+J13*'⚙️ Rate Card'!C13+K13*'⚙️ Rate Card'!C14+(D13/100)*'⚙️ Rate Card'!C8+(D13/100)*'⚙️ Rate Card'!C8) -> 0 | W13: =IF(B13="",0,L13*IF(OR(O13="N/A",O13="None",O13=""),0,IF(O13="High",'⚙️ Rate Card'!C20,IF(O13="Medium",'⚙️ Rate Card'!C19,'⚙️ Rate Card'!C18)))) -> 0 | X13: =IF(B13="",0,M13*IF(OR(P13="Decommission",P13=""),'⚙️ Rate Card'!C29,IF(P13="EC2 (Lift & Shift)",'⚙️ Rate Card'!C25,IF(P13="AWS QuickSight",'⚙️ Rate Card'!C27,IF(P13="Power BI",'⚙️ Rate Card'!C28,IF(P13="Custom Reporting Solution",'⚙️ Rate Card'!C26,0)))))) -> 0 | Y13: =IF(B13="",0,IF(B13="",0,'⚙️ Rate Card'!C33+(D13/100)*'⚙️ Rate Card'!C34)) -> 0 | Z13: =IF(B13="",0,((D13/100)*'⚙️ Rate Card'!C7+F13*'⚙️ Rate Card'!C9+G13*'⚙️ Rate Card'!C10+H13*'⚙️ Rate Card'!C11+I13*'⚙️ Rate Card'!C12+J13*'⚙️ Rate Card'!C13+K13*'⚙️ Rate Card'!C14+(D13/100)*'⚙️ Rate Card'!C8+L13*IF(OR(O13="N/A",O13="None",O13=""),0,IF(O13="High",'⚙️ Rate Card'!C20,IF(O13="Medium",'⚙️ Rate Card'!C19,'⚙️ Rate Card'!C18)))+M13*IF(OR(P13="Decommission",P13=""),'⚙️ Rate Card'!C29,IF(P13="EC2 (Lift & Shift)",'⚙️ Rate Card'!C25,IF(P13="AWS QuickSight",'⚙️ Rate Card'!C27,IF(P13="Power BI",'⚙️ Rate Card'!C28,IF(P13="Custom Reporting Solution",'⚙️ Rate Card'!C26,0)))))+IF(B13="",0,'⚙️ Rate Card'!C33+(D13/100)*'⚙️ Rate Card'!C34))*'⚙️ Rate Card'!C35) -> 0 | AA13: =IF(B13="",0,((D13/100)*'⚙️ Rate Card'!C7+F13*'⚙️ Rate Card'!C9+G13*'⚙️ Rate Card'!C10+H13*'⚙️ Rate Card'!C11+I13*'⚙️ Rate Card'!C12+J13*'⚙️ Rate Card'!C13+K13*'⚙️ Rate Card'!C14+(D13/100)*'⚙️ Rate Card'!C8+L13*IF(OR(O13="N/A",O13="None",O13=""),0,IF(O13="High",'⚙️ Rate Card'!C20,IF(O13="Medium",'⚙️ Rate Card'!C19,'⚙️ Rate Card'!C18)))+M13*IF(OR(P13="Decommission",P13=""),'⚙️ Rate Card'!C29,IF(P13="EC2 (Lift & Shift)",'⚙️ Rate Card'!C25,IF(P13="AWS QuickSight",'⚙️ Rate Card'!C27,IF(P13="Power BI",'⚙️ Rate Card'!C28,IF(P13="Custom Reporting Solution",'⚙️ Rate Card'!C26,0)))))+IF(B13="",0,'⚙️ Rate Card'!C33+(D13/100)*'⚙️ Rate Card'!C34))*'⚙️ Rate Card'!C36) -> 0 | AB13: ='✏️ SME Input'!T14 -> 0 | AC13: =IF(B13="",0,AB13*0.75) -> 0 | AD13: =IF(B13="",0,AB13*0.75) -> 0 | AE13: =IF(B13="",0,AB13*0.75) -> 0 | AF13: =IF(B13="",0,AB13*2.25) -> 0 | AG13: =IF(B13="",0,((D13/100)*'⚙️ Rate Card'!C7+F13*'⚙️ Rate Card'!C9+G13*'⚙️ Rate Card'!C10+H13*'⚙️ Rate Card'!C11+I13*'⚙️ Rate Card'!C12+J13*'⚙️ Rate Card'!C13+K13*'⚙️ Rate Card'!C14+(D13/100)*'⚙️ Rate Card'!C8)*0.4) -> 0 | AH13: =IF(B13="",0,((D13/100)*'⚙️ Rate Card'!C7+F13*'⚙️ Rate Card'!C9+G13*'⚙️ Rate Card'!C10+H13*'⚙️ Rate Card'!C11+I13*'⚙️ Rate Card'!C12+J13*'⚙️ Rate Card'!C13+K13*'⚙️ Rate Card'!C14+(D13/100)*'⚙️ Rate Card'!C8)*0.4) -> 0 | AI13: =IF(B13="",0,((D13/100)*'⚙️ Rate Card'!C7+F13*'⚙️ Rate Card'!C9+G13*'⚙️ Rate Card'!C10+H13*'⚙️ Rate Card'!C11+I13*'⚙️ Rate Card'!C12+J13*'⚙️ Rate Card'!C13+K13*'⚙️ Rate Card'!C14+(D13/100)*'⚙️ Rate Card'!C8)*0.2) -> 0 | AJ13: =IF(B13="",0,(L13*IF(OR(O13="N/A",O13="None",O13=""),0,IF(O13="High",'⚙️ Rate Card'!C20,IF(O13="Medium",'⚙️ Rate Card'!C19,'⚙️ Rate Card'!C18))))*0.5) -> 0 | AK13: =IF(B13="",0,(L13*IF(OR(O13="N/A",O13="None",O13=""),0,IF(O13="High",'⚙️ Rate Card'!C20,IF(O13="Medium",'⚙️ Rate Card'!C19,'⚙️ Rate Card'!C18))))*0.35) -> 0 | AL13: =IF(B13="",0,(L13*IF(OR(O13="N/A",O13="None",O13=""),0,IF(O13="High",'⚙️ Rate Card'!C20,IF(O13="Medium",'⚙️ Rate Card'!C19,'⚙️ Rate Card'!C18))))*0.15) -> 0 | AM13: =IF(B13="",0,AG13+AJ13+(M13*IF(OR(P13="Decommission",P13=""),'⚙️ Rate Card'!C29,IF(P13="EC2 (Lift & Shift)",'⚙️ Rate Card'!C25,IF(P13="AWS QuickSight",'⚙️ Rate Card'!C27,IF(P13="Power BI",'⚙️ Rate Card'!C28,IF(P13="Custom Reporting Solution",'⚙️ Rate Card'!C26,0))))))*0.4+(IF(B13="",0,'⚙️ Rate Card'!C33+(D13/100)*'⚙️ Rate Card'!C34))*0.4+AC13+(((D13/100)*'⚙️ Rate Card'!C7+F13*'⚙️ Rate Card'!C9+G13*'⚙️ Rate Card'!C10+H13*'⚙️ Rate Card'!C11+I13*'⚙️ Rate Card'!C12+J13*'⚙️ Rate Card'!C13+K13*'⚙️ Rate Card'!C14+(D13/100)*'⚙️ Rate Card'!C8+L13*IF(OR(O13="N/A",O13="None",O13=""),0,IF(O13="High",'⚙️ Rate Card'!C20,IF(O13="Medium",'⚙️ Rate Card'!C19,'⚙️ Rate Card'!C18)))+M13*IF(OR(P13="Decommission",P13=""),'⚙️ Rate Card'!C29,IF(P13="EC2 (Lift & Shift)",'⚙️ Rate Card'!C25,IF(P13="AWS QuickSight",'⚙️ Rate Card'!C27,IF(P13="Power BI",'⚙️ Rate Card'!C28,IF(P13="Custom Reporting Solution",'⚙️ Rate Card'!C26,0)))))+IF(B13="",0,'⚙️ Rate Card'!C33+(D13/100)*'⚙️ Rate Card'!C34)))*'⚙️ Rate Card'!C35*0.4+(((D13/100)*'⚙️ Rate Card'!C7+F13*'⚙️ Rate Card'!C9+G13*'⚙️ Rate Card'!C10+H13*'⚙️ Rate Card'!C11+I13*'⚙️ Rate Card'!C12+J13*'⚙️ Rate Card'!C13+K13*'⚙️ Rate Card'!C14+(D13/100)*'⚙️ Rate Card'!C8+L13*IF(OR(O13="N/A",O13="None",O13=""),0,IF(O13="High",'⚙️ Rate Card'!C20,IF(O13="Medium",'⚙️ Rate Card'!C19,'⚙️ Rate Card'!C18)))+M13*IF(OR(P13="Decommission",P13=""),'⚙️ Rate Card'!C29,IF(P13="EC2 (Lift & Shift)",'⚙️ Rate Card'!C25,IF(P13="AWS QuickSight",'⚙️ Rate Card'!C27,IF(P13="Power BI",'⚙️ Rate Card'!C28,IF(P13="Custom Reporting Solution",'⚙️ Rate Card'!C26,0)))))+IF(B13="",0,'⚙️ Rate Card'!C33+(D13/100)*'⚙️ Rate Card'!C34)))*'⚙️ Rate Card'!C36*0.4+(((D13/100)*'⚙️ Rate Card'!C7+F13*'⚙️ Rate Card'!C9+G13*'⚙️ Rate Card'!C10+H13*'⚙️ Rate Card'!C11+I13*'⚙️ Rate Card'!C12+J13*'⚙️ Rate Card'!C13+K13*'⚙️ Rate Card'!C14+(D13/100)*'⚙️ Rate Card'!C8+L13*IF(OR(O13="N/A",O13="None",O13=""),0,IF(O13="High",'⚙️ Rate Card'!C20,IF(O13="Medium",'⚙️ Rate Card'!C19,'⚙️ Rate Card'!C18)))+M13*IF(OR(P13="Decommission",P13=""),'⚙️ Rate Card'!C29,IF(P13="EC2 (Lift & Shift)",'⚙️ Rate Card'!C25,IF(P13="AWS QuickSight",'⚙️ Rate Card'!C27,IF(P13="Power BI",'⚙️ Rate Card'!C28,IF(P13="Custom Reporting Solution",'⚙️ Rate Card'!C26,0)))))+IF(B13="",0,'⚙️ Rate Card'!C33+(D13/100)*'⚙️ Rate Card'!C34)))*'⚙️ Rate Card'!C37*0.4) -> 0 | AN13: =IF(B13="",0,AH13+AK13+(M13*IF(OR(P13="Decommission",P13=""),'⚙️ Rate Card'!C29,IF(P13="EC2 (Lift & Shift)",'⚙️ Rate Card'!C25,IF(P13="AWS QuickSight",'⚙️ Rate Card'!C27,IF(P13="Power BI",'⚙️ Rate Card'!C28,IF(P13="Custom Reporting Solution",'⚙️ Rate Card'!C26,0))))))*0.4+(IF(B13="",0,'⚙️ Rate Card'!C33+(D13/100)*'⚙️ Rate Card'!C34))*0.4+AD13+(((D13/100)*'⚙️ Rate Card'!C7+F13*'⚙️ Rate Card'!C9+G13*'⚙️ Rate Card'!C10+H13*'⚙️ Rate Card'!C11+I13*'⚙️ Rate Card'!C12+J13*'⚙️ Rate Card'!C13+K13*'⚙️ Rate Card'!C14+(D13/100)*'⚙️ Rate Card'!C8+L13*IF(OR(O13="N/A",O13="None",O13=""),0,IF(O13="High",'⚙️ Rate Card'!C20,IF(O13="Medium",'⚙️ Rate Card'!C19,'⚙️ Rate Card'!C18)))+M13*IF(OR(P13="Decommission",P13=""),'⚙️ Rate Card'!C29,IF(P13="EC2 (Lift & Shift)",'⚙️ Rate Card'!C25,IF(P13="AWS QuickSight",'⚙️ Rate Card'!C27,IF(P13="Power BI",'⚙️ Rate Card'!C28,IF(P13="Custom Reporting Solution",'⚙️ Rate Card'!C26,0)))))+IF(B13="",0,'⚙️ Rate Card'!C33+(D13/100)*'⚙️ Rate Card'!C34)))*'⚙️ Rate Card'!C35*0.4+(((D13/100)*'⚙️ Rate Card'!C7+F13*'⚙️ Rate Card'!C9+G13*'⚙️ Rate Card'!C10+H13*'⚙️ Rate Card'!C11+I13*'⚙️ Rate Card'!C12+J13*'⚙️ Rate Card'!C13+K13*'⚙️ Rate Card'!C14+(D13/100)*'⚙️ Rate Card'!C8+L13*IF(OR(O13="N/A",O13="None",O13=""),0,IF(O13="High",'⚙️ Rate Card'!C20,IF(O13="Medium",'⚙️ Rate Card'!C19,'⚙️ Rate Card'!C18)))+M13*IF(OR(P13="Decommission",P13=""),'⚙️ Rate Card'!C29,IF(P13="EC2 (Lift & Shift)",'⚙️ Rate Card'!C25,IF(P13="AWS QuickSight",'⚙️ Rate Card'!C27,IF(P13="Power BI",'⚙️ Rate Card'!C28,IF(P13="Custom Reporting Solution",'⚙️ Rate Card'!C26,0)))))+IF(B13="",0,'⚙️ Rate Card'!C33+(D13/100)*'⚙️ Rate Card'!C34)))*'⚙️ Rate Card'!C36*0.4+(((D13/100)*'⚙️ Rate Card'!C7+F13*'⚙️ Rate Card'!C9+G13*'⚙️ Rate Card'!C10+H13*'⚙️ Rate Card'!C11+I13*'⚙️ Rate Card'!C12+J13*'⚙️ Rate Card'!C13+K13*'⚙️ Rate Card'!C14+(D13/100)*'⚙️ Rate Card'!C8+L13*IF(OR(O13="N/A",O13="None",O13=""),0,IF(O13="High",'⚙️ Rate Card'!C20,IF(O13="Medium",'⚙️ Rate Card'!C19,'⚙️ Rate Card'!C18)))+M13*IF(OR(P13="Decommission",P13=""),'⚙️ Rate Card'!C29,IF(P13="EC2 (Lift & Shift)",'⚙️ Rate Card'!C25,IF(P13="AWS QuickSight",'⚙️ Rate Card'!C27,IF(P13="Power BI",'⚙️ Rate Card'!C28,IF(P13="Custom Reporting Solution",'⚙️ Rate Card'!C26,0)))))+IF(B13="",0,'⚙️ Rate Card'!C33+(D13/100)*'⚙️ Rate Card'!C34)))*'⚙️ Rate Card'!C37*0.4) -> 0 | AO13: =IF(B13="",0,AI13+AL13+(M13*IF(OR(P13="Decommission",P13=""),'⚙️ Rate Card'!C29,IF(P13="EC2 (Lift & Shift)",'⚙️ Rate Card'!C25,IF(P13="AWS QuickSight",'⚙️ Rate Card'!C27,IF(P13="Power BI",'⚙️ Rate Card'!C28,IF(P13="Custom Reporting Solution",'⚙️ Rate Card'!C26,0))))))*0.2+(IF(B13="",0,'⚙️ Rate Card'!C33+(D13/100)*'⚙️ Rate Card'!C34))*0.2+AE13+(((D13/100)*'⚙️ Rate Card'!C7+F13*'⚙️ Rate Card'!C9+G13*'⚙️ Rate Card'!C10+H13*'⚙️ Rate Card'!C11+I13*'⚙️ Rate Card'!C12+J13*'⚙️ Rate Card'!C13+K13*'⚙️ Rate Card'!C14+(D13/100)*'⚙️ Rate Card'!C8+L13*IF(OR(O13="N/A",O13="None",O13=""),0,IF(O13="High",'⚙️ Rate Card'!C20,IF(O13="Medium",'⚙️ Rate Card'!C19,'⚙️ Rate Card'!C18)))+M13*IF(OR(P13="Decommission",P13=""),'⚙️ Rate Card'!C29,IF(P13="EC2 (Lift & Shift)",'⚙️ Rate Card'!C25,IF(P13="AWS QuickSight",'⚙️ Rate Card'!C27,IF(P13="Power BI",'⚙️ Rate Card'!C28,IF(P13="Custom Reporting Solution",'⚙️ Rate Card'!C26,0)))))+IF(B13="",0,'⚙️ Rate Card'!C33+(D13/100)*'⚙️ Rate Card'!C34)))*'⚙️ Rate Card'!C35*0.2+(((D13/100)*'⚙️ Rate Card'!C7+F13*'⚙️ Rate Card'!C9+G13*'⚙️ Rate Card'!C10+H13*'⚙️ Rate Card'!C11+I13*'⚙️ Rate Card'!C12+J13*'⚙️ Rate Card'!C13+K13*'⚙️ Rate Card'!C14+(D13/100)*'⚙️ Rate Card'!C8+L13*IF(OR(O13="N/A",O13="None",O13=""),0,IF(O13="High",'⚙️ Rate Card'!C20,IF(O13="Medium",'⚙️ Rate Card'!C19,'⚙️ Rate Card'!C18)))+M13*IF(OR(P13="Decommission",P13=""),'⚙️ Rate Card'!C29,IF(P13="EC2 (Lift & Shift)",'⚙️ Rate Card'!C25,IF(P13="AWS QuickSight",'⚙️ Rate Card'!C27,IF(P13="Power BI",'⚙️ Rate Card'!C28,IF(P13="Custom Reporting Solution",'⚙️ Rate Card'!C26,0)))))+IF(B13="",0,'⚙️ Rate Card'!C33+(D13/100)*'⚙️ Rate Card'!C34)))*'⚙️ Rate Card'!C36*0.2+(((D13/100)*'⚙️ Rate Card'!C7+F13*'⚙️ Rate Card'!C9+G13*'⚙️ Rate Card'!C10+H13*'⚙️ Rate Card'!C11+I13*'⚙️ Rate Card'!C12+J13*'⚙️ Rate Card'!C13+K13*'⚙️ Rate Card'!C14+(D13/100)*'⚙️ Rate Card'!C8+L13*IF(OR(O13="N/A",O13="None",O13=""),0,IF(O13="High",'⚙️ Rate Card'!C20,IF(O13="Medium",'⚙️ Rate Card'!C19,'⚙️ Rate Card'!C18)))+M13*IF(OR(P13="Decommission",P13=""),'⚙️ Rate Card'!C29,IF(P13="EC2 (Lift & Shift)",'⚙️ Rate Card'!C25,IF(P13="AWS QuickSight",'⚙️ Rate Card'!C27,IF(P13="Power BI",'⚙️ Rate Card'!C28,IF(P13="Custom Reporting Solution",'⚙️ Rate Card'!C26,0)))))+IF(B13="",0,'⚙️ Rate Card'!C33+(D13/100)*'⚙️ Rate Card'!C34)))*'⚙️ Rate Card'!C37*0.2) -> 0 | AP13: ='✏️ SME Input'!B14 -> 0 | AQ13: ='✏️ SME Input'!C14 -> 0 | AR13: ='✏️ SME Input'!D14 -> 0
B14: ='✏️ SME Input'!E15 -> 0 | C14: =IF(B14="","",IF(D14>1000,"T3 Complex",IF(D14>500,"T2 Moderate","T1 Simple"))) | D14: ='✏️ SME Input'!G15 -> 0 | E14: ='✏️ SME Input'!H15 -> 0 | F14: ='✏️ SME Input'!I15 -> 0 | G14: ='✏️ SME Input'!J15 -> 0 | H14: ='✏️ SME Input'!K15 -> 0 | I14: ='✏️ SME Input'!L15 -> 0 | J14: ='✏️ SME Input'!M15 -> 0 | K14: ='✏️ SME Input'!N15 -> 0 | ... P14: ='✏️ SME Input'!S15 -> 0 | Q14: ='✏️ SME Input'!F15 -> 0 | R14: =IF(B14="",0,((D14/100)*'⚙️ Rate Card'!C7+F14*'⚙️ Rate Card'!C9+G14*'⚙️ Rate Card'!C10+H14*'⚙️ Rate Card'!C11+I14*'⚙️ Rate Card'!C12+J14*'⚙️ Rate Card'!C13+K14*'⚙️ Rate Card'!C14+(D14/100)*'⚙️ Rate Card'!C8+L14*IF(OR(O14="N/A",O14="None",O14=""),0,IF(O14="High",'⚙️ Rate Card'!C20,IF(O14="Medium",'⚙️ Rate Card'!C19,'⚙️ Rate Card'!C18)))+M14*IF(OR(P14="Decommission",P14=""),'⚙️ Rate Card'!C29,IF(P14="EC2 (Lift & Shift)",'⚙️ Rate Card'!C25,IF(P14="AWS QuickSight",'⚙️ Rate Card'!C27,IF(P14="Power BI",'⚙️ Rate Card'!C28,IF(P14="Custom Reporting Solution",'⚙️ Rate Card'!C26,0)))))+IF(B14="",0,'⚙️ Rate Card'!C33+(D14/100)*'⚙️ Rate Card'!C34))*'⚙️ Rate Card'!C37+(D14/100)*'⚙️ Rate Card'!C7+F14*'⚙️ Rate Card'!C9+G14*'⚙️ Rate Card'!C10+H14*'⚙️ Rate Card'!C11+I14*'⚙️ Rate Card'!C12+J14*'⚙️ Rate Card'!C13+K14*'⚙️ Rate Card'!C14+(D14/100)*'⚙️ Rate Card'!C8+(D14/100)*'⚙️ Rate Card'!C8+L14*IF(OR(O14="N/A",O14="None",O14=""),0,IF(O14="High",'⚙️ Rate Card'!C20,IF(O14="Medium",'⚙️ Rate Card'!C19,'⚙️ Rate Card'!C18)))+M14*IF(OR(P14="Decommission",P14=""),'⚙️ Rate Card'!C29,IF(P14="EC2 (Lift & Shift)",'⚙️ Rate Card'!C25,IF(P14="AWS QuickSight",'⚙️ Rate Card'!C27,IF(P14="Power BI",'⚙️ Rate Card'!C28,IF(P14="Custom Reporting Solution",'⚙️ Rate Card'!C26,0)))))+IF(B14="",0,'⚙️ Rate Card'!C33+(D14/100)*'⚙️ Rate Card'!C34)+((D14/100)*'⚙️ Rate Card'!C7+F14*'⚙️ Rate Card'!C9+G14*'⚙️ Rate Card'!C10+H14*'⚙️ Rate Card'!C11+I14*'⚙️ Rate Card'!C12+J14*'⚙️ Rate Card'!C13+K14*'⚙️ Rate Card'!C14+(D14/100)*'⚙️ Rate Card'!C8+L14*IF(OR(O14="N/A",O14="None",O14=""),0,IF(O14="High",'⚙️ Rate Card'!C20,IF(O14="Medium",'⚙️ Rate Card'!C19,'⚙️ Rate Card'!C18)))+M14*IF(OR(P14="Decommission",P14=""),'⚙️ Rate Card'!C29,IF(P14="EC2 (Lift & Shift)",'⚙️ Rate Card'!C25,IF(P14="AWS QuickSight",'⚙️ Rate Card'!C27,IF(P14="Power BI",'⚙️ Rate Card'!C28,IF(P14="Custom Reporting Solution",'⚙️ Rate Card'!C26,0)))))+IF(B14="",0,'⚙️ Rate Card'!C33+(D14/100)*'⚙️ Rate Card'!C34))*'⚙️ Rate Card'!C35+((D14/100)*'⚙️ Rate Card'!C7+F14*'⚙️ Rate Card'!C9+G14*'⚙️ Rate Card'!C10+H14*'⚙️ Rate Card'!C11+I14*'⚙️ Rate Card'!C12+J14*'⚙️ Rate Card'!C13+K14*'⚙️ Rate Card'!C14+(D14/100)*'⚙️ Rate Card'!C8+L14*IF(OR(O14="N/A",O14="None",O14=""),0,IF(O14="High",'⚙️ Rate Card'!C20,IF(O14="Medium",'⚙️ Rate Card'!C19,'⚙️ Rate Card'!C18)))+M14*IF(OR(P14="Decommission",P14=""),'⚙️ Rate Card'!C29,IF(P14="EC2 (Lift & Shift)",'⚙️ Rate Card'!C25,IF(P14="AWS QuickSight",'⚙️ Rate Card'!C27,IF(P14="Power BI",'⚙️ Rate Card'!C28,IF(P14="Custom Reporting Solution",'⚙️ Rate Card'!C26,0)))))+IF(B14="",0,'⚙️ Rate Card'!C33+(D14/100)*'⚙️ Rate Card'!C34))*'⚙️ Rate Card'!C36) -> 0 | S14: =IF(B14="",0,(((D14/100)*'⚙️ Rate Card'!C7+F14*'⚙️ Rate Card'!C9+G14*'⚙️ Rate Card'!C10+H14*'⚙️ Rate Card'!C11+I14*'⚙️ Rate Card'!C12+J14*'⚙️ Rate Card'!C13+K14*'⚙️ Rate Card'!C14+(D14/100)*'⚙️ Rate Card'!C8+L14*IF(OR(O14="N/A",O14="None",O14=""),0,IF(O14="High",'⚙️ Rate Card'!C20,IF(O14="Medium",'⚙️ Rate Card'!C19,'⚙️ Rate Card'!C18)))+M14*IF(OR(P14="Decommission",P14=""),'⚙️ Rate Card'!C29,IF(P14="EC2 (Lift & Shift)",'⚙️ Rate Card'!C25,IF(P14="AWS QuickSight",'⚙️ Rate Card'!C27,IF(P14="Power BI",'⚙️ Rate Card'!C28,IF(P14="Custom Reporting Solution",'⚙️ Rate Card'!C26,0)))))+IF(B14="",0,'⚙️ Rate Card'!C33+(D14/100)*'⚙️ Rate Card'!C34))*'⚙️ Rate Card'!C37)*(1-'📊 Dashboard'!C10/100)+(((D14/100)*'⚙️ Rate Card'!C7+F14*'⚙️ Rate Card'!C9+G14*'⚙️ Rate Card'!C10+H14*'⚙️ Rate Card'!C11+I14*'⚙️ Rate Card'!C12+J14*'⚙️ Rate Card'!C13+K14*'⚙️ Rate Card'!C14+(D14/100)*'⚙️ Rate Card'!C8+(D14/100)*'⚙️ Rate Card'!C8))*(1-'📊 Dashboard'!C10/100)+(L14*IF(OR(O14="N/A",O14="None",O14=""),0,IF(O14="High",'⚙️ Rate Card'!C20,IF(O14="Medium",'⚙️ Rate Card'!C19,'⚙️ Rate Card'!C18))))*(1-'📊 Dashboard'!C11/100)+(M14*IF(OR(P14="Decommission",P14=""),'⚙️ Rate Card'!C29,IF(P14="EC2 (Lift & Shift)",'⚙️ Rate Card'!C25,IF(P14="AWS QuickSight",'⚙️ Rate Card'!C27,IF(P14="Power BI",'⚙️ Rate Card'!C28,IF(P14="Custom Reporting Solution",'⚙️ Rate Card'!C26,0))))))*(1-'📊 Dashboard'!C12/100)+(IF(B14="",0,'⚙️ Rate Card'!C33+(D14/100)*'⚙️ Rate Card'!C34))*(1-'📊 Dashboard'!C10/100)+(((D14/100)*'⚙️ Rate Card'!C7+F14*'⚙️ Rate Card'!C9+G14*'⚙️ Rate Card'!C10+H14*'⚙️ Rate Card'!C11+I14*'⚙️ Rate Card'!C12+J14*'⚙️ Rate Card'!C13+K14*'⚙️ Rate Card'!C14+(D14/100)*'⚙️ Rate Card'!C8+L14*IF(OR(O14="N/A",O14="None",O14=""),0,IF(O14="High",'⚙️ Rate Card'!C20,IF(O14="Medium",'⚙️ Rate Card'!C19,'⚙️ Rate Card'!C18)))+M14*IF(OR(P14="Decommission",P14=""),'⚙️ Rate Card'!C29,IF(P14="EC2 (Lift & Shift)",'⚙️ Rate Card'!C25,IF(P14="AWS QuickSight",'⚙️ Rate Card'!C27,IF(P14="Power BI",'⚙️ Rate Card'!C28,IF(P14="Custom Reporting Solution",'⚙️ Rate Card'!C26,0)))))+IF(B14="",0,'⚙️ Rate Card'!C33+(D14/100)*'⚙️ Rate Card'!C34))*'⚙️ Rate Card'!C35)*(1-'📊 Dashboard'!C13/100)+(((D14/100)*'⚙️ Rate Card'!C7+F14*'⚙️ Rate Card'!C9+G14*'⚙️ Rate Card'!C10+H14*'⚙️ Rate Card'!C11+I14*'⚙️ Rate Card'!C12+J14*'⚙️ Rate Card'!C13+K14*'⚙️ Rate Card'!C14+(D14/100)*'⚙️ Rate Card'!C8+L14*IF(OR(O14="N/A",O14="None",O14=""),0,IF(O14="High",'⚙️ Rate Card'!C20,IF(O14="Medium",'⚙️ Rate Card'!C19,'⚙️ Rate Card'!C18)))+M14*IF(OR(P14="Decommission",P14=""),'⚙️ Rate Card'!C29,IF(P14="EC2 (Lift & Shift)",'⚙️ Rate Card'!C25,IF(P14="AWS QuickSight",'⚙️ Rate Card'!C27,IF(P14="Power BI",'⚙️ Rate Card'!C28,IF(P14="Custom Reporting Solution",'⚙️ Rate Card'!C26,0)))))+IF(B14="",0,'⚙️ Rate Card'!C33+(D14/100)*'⚙️ Rate Card'!C34))*'⚙️ Rate Card'!C36)*(1-'📊 Dashboard'!C10/100)) -> 0 | T14: =IF(B14="",0,S14*(1+'📊 Dashboard'!C14/100)) -> 0 | U14: =IF(B14="",0,((D14/100)*'⚙️ Rate Card'!C7+F14*'⚙️ Rate Card'!C9+G14*'⚙️ Rate Card'!C10+H14*'⚙️ Rate Card'!C11+I14*'⚙️ Rate Card'!C12+J14*'⚙️ Rate Card'!C13+K14*'⚙️ Rate Card'!C14+(D14/100)*'⚙️ Rate Card'!C8+L14*IF(OR(O14="N/A",O14="None",O14=""),0,IF(O14="High",'⚙️ Rate Card'!C20,IF(O14="Medium",'⚙️ Rate Card'!C19,'⚙️ Rate Card'!C18)))+M14*IF(OR(P14="Decommission",P14=""),'⚙️ Rate Card'!C29,IF(P14="EC2 (Lift & Shift)",'⚙️ Rate Card'!C25,IF(P14="AWS QuickSight",'⚙️ Rate Card'!C27,IF(P14="Power BI",'⚙️ Rate Card'!C28,IF(P14="Custom Reporting Solution",'⚙️ Rate Card'!C26,0)))))+IF(B14="",0,'⚙️ Rate Card'!C33+(D14/100)*'⚙️ Rate Card'!C34))*'⚙️ Rate Card'!C37) -> 0 | V14: =IF(B14="",0,(D14/100)*'⚙️ Rate Card'!C7+F14*'⚙️ Rate Card'!C9+G14*'⚙️ Rate Card'!C10+H14*'⚙️ Rate Card'!C11+I14*'⚙️ Rate Card'!C12+J14*'⚙️ Rate Card'!C13+K14*'⚙️ Rate Card'!C14+(D14/100)*'⚙️ Rate Card'!C8+(D14/100)*'⚙️ Rate Card'!C8) -> 0 | W14: =IF(B14="",0,L14*IF(OR(O14="N/A",O14="None",O14=""),0,IF(O14="High",'⚙️ Rate Card'!C20,IF(O14="Medium",'⚙️ Rate Card'!C19,'⚙️ Rate Card'!C18)))) -> 0 | X14: =IF(B14="",0,M14*IF(OR(P14="Decommission",P14=""),'⚙️ Rate Card'!C29,IF(P14="EC2 (Lift & Shift)",'⚙️ Rate Card'!C25,IF(P14="AWS QuickSight",'⚙️ Rate Card'!C27,IF(P14="Power BI",'⚙️ Rate Card'!C28,IF(P14="Custom Reporting Solution",'⚙️ Rate Card'!C26,0)))))) -> 0 | Y14: =IF(B14="",0,IF(B14="",0,'⚙️ Rate Card'!C33+(D14/100)*'⚙️ Rate Card'!C34)) -> 0 | Z14: =IF(B14="",0,((D14/100)*'⚙️ Rate Card'!C7+F14*'⚙️ Rate Card'!C9+G14*'⚙️ Rate Card'!C10+H14*'⚙️ Rate Card'!C11+I14*'⚙️ Rate Card'!C12+J14*'⚙️ Rate Card'!C13+K14*'⚙️ Rate Card'!C14+(D14/100)*'⚙️ Rate Card'!C8+L14*IF(OR(O14="N/A",O14="None",O14=""),0,IF(O14="High",'⚙️ Rate Card'!C20,IF(O14="Medium",'⚙️ Rate Card'!C19,'⚙️ Rate Card'!C18)))+M14*IF(OR(P14="Decommission",P14=""),'⚙️ Rate Card'!C29,IF(P14="EC2 (Lift & Shift)",'⚙️ Rate Card'!C25,IF(P14="AWS QuickSight",'⚙️ Rate Card'!C27,IF(P14="Power BI",'⚙️ Rate Card'!C28,IF(P14="Custom Reporting Solution",'⚙️ Rate Card'!C26,0)))))+IF(B14="",0,'⚙️ Rate Card'!C33+(D14/100)*'⚙️ Rate Card'!C34))*'⚙️ Rate Card'!C35) -> 0 | AA14: =IF(B14="",0,((D14/100)*'⚙️ Rate Card'!C7+F14*'⚙️ Rate Card'!C9+G14*'⚙️ Rate Card'!C10+H14*'⚙️ Rate Card'!C11+I14*'⚙️ Rate Card'!C12+J14*'⚙️ Rate Card'!C13+K14*'⚙️ Rate Card'!C14+(D14/100)*'⚙️ Rate Card'!C8+L14*IF(OR(O14="N/A",O14="None",O14=""),0,IF(O14="High",'⚙️ Rate Card'!C20,IF(O14="Medium",'⚙️ Rate Card'!C19,'⚙️ Rate Card'!C18)))+M14*IF(OR(P14="Decommission",P14=""),'⚙️ Rate Card'!C29,IF(P14="EC2 (Lift & Shift)",'⚙️ Rate Card'!C25,IF(P14="AWS QuickSight",'⚙️ Rate Card'!C27,IF(P14="Power BI",'⚙️ Rate Card'!C28,IF(P14="Custom Reporting Solution",'⚙️ Rate Card'!C26,0)))))+IF(B14="",0,'⚙️ Rate Card'!C33+(D14/100)*'⚙️ Rate Card'!C34))*'⚙️ Rate Card'!C36) -> 0 | AB14: ='✏️ SME Input'!T15 -> 0 | AC14: =IF(B14="",0,AB14*0.75) -> 0 | AD14: =IF(B14="",0,AB14*0.75) -> 0 | AE14: =IF(B14="",0,AB14*0.75) -> 0 | AF14: =IF(B14="",0,AB14*2.25) -> 0 | AG14: =IF(B14="",0,((D14/100)*'⚙️ Rate Card'!C7+F14*'⚙️ Rate Card'!C9+G14*'⚙️ Rate Card'!C10+H14*'⚙️ Rate Card'!C11+I14*'⚙️ Rate Card'!C12+J14*'⚙️ Rate Card'!C13+K14*'⚙️ Rate Card'!C14+(D14/100)*'⚙️ Rate Card'!C8)*0.4) -> 0 | AH14: =IF(B14="",0,((D14/100)*'⚙️ Rate Card'!C7+F14*'⚙️ Rate Card'!C9+G14*'⚙️ Rate Card'!C10+H14*'⚙️ Rate Card'!C11+I14*'⚙️ Rate Card'!C12+J14*'⚙️ Rate Card'!C13+K14*'⚙️ Rate Card'!C14+(D14/100)*'⚙️ Rate Card'!C8)*0.4) -> 0 | AI14: =IF(B14="",0,((D14/100)*'⚙️ Rate Card'!C7+F14*'⚙️ Rate Card'!C9+G14*'⚙️ Rate Card'!C10+H14*'⚙️ Rate Card'!C11+I14*'⚙️ Rate Card'!C12+J14*'⚙️ Rate Card'!C13+K14*'⚙️ Rate Card'!C14+(D14/100)*'⚙️ Rate Card'!C8)*0.2) -> 0 | AJ14: =IF(B14="",0,(L14*IF(OR(O14="N/A",O14="None",O14=""),0,IF(O14="High",'⚙️ Rate Card'!C20,IF(O14="Medium",'⚙️ Rate Card'!C19,'⚙️ Rate Card'!C18))))*0.5) -> 0 | AK14: =IF(B14="",0,(L14*IF(OR(O14="N/A",O14="None",O14=""),0,IF(O14="High",'⚙️ Rate Card'!C20,IF(O14="Medium",'⚙️ Rate Card'!C19,'⚙️ Rate Card'!C18))))*0.35) -> 0 | AL14: =IF(B14="",0,(L14*IF(OR(O14="N/A",O14="None",O14=""),0,IF(O14="High",'⚙️ Rate Card'!C20,IF(O14="Medium",'⚙️ Rate Card'!C19,'⚙️ Rate Card'!C18))))*0.15) -> 0 | AM14: =IF(B14="",0,AG14+AJ14+(M14*IF(OR(P14="Decommission",P14=""),'⚙️ Rate Card'!C29,IF(P14="EC2 (Lift & Shift)",'⚙️ Rate Card'!C25,IF(P14="AWS QuickSight",'⚙️ Rate Card'!C27,IF(P14="Power BI",'⚙️ Rate Card'!C28,IF(P14="Custom Reporting Solution",'⚙️ Rate Card'!C26,0))))))*0.4+(IF(B14="",0,'⚙️ Rate Card'!C33+(D14/100)*'⚙️ Rate Card'!C34))*0.4+AC14+(((D14/100)*'⚙️ Rate Card'!C7+F14*'⚙️ Rate Card'!C9+G14*'⚙️ Rate Card'!C10+H14*'⚙️ Rate Card'!C11+I14*'⚙️ Rate Card'!C12+J14*'⚙️ Rate Card'!C13+K14*'⚙️ Rate Card'!C14+(D14/100)*'⚙️ Rate Card'!C8+L14*IF(OR(O14="N/A",O14="None",O14=""),0,IF(O14="High",'⚙️ Rate Card'!C20,IF(O14="Medium",'⚙️ Rate Card'!C19,'⚙️ Rate Card'!C18)))+M14*IF(OR(P14="Decommission",P14=""),'⚙️ Rate Card'!C29,IF(P14="EC2 (Lift & Shift)",'⚙️ Rate Card'!C25,IF(P14="AWS QuickSight",'⚙️ Rate Card'!C27,IF(P14="Power BI",'⚙️ Rate Card'!C28,IF(P14="Custom Reporting Solution",'⚙️ Rate Card'!C26,0)))))+IF(B14="",0,'⚙️ Rate Card'!C33+(D14/100)*'⚙️ Rate Card'!C34)))*'⚙️ Rate Card'!C35*0.4+(((D14/100)*'⚙️ Rate Card'!C7+F14*'⚙️ Rate Card'!C9+G14*'⚙️ Rate Card'!C10+H14*'⚙️ Rate Card'!C11+I14*'⚙️ Rate Card'!C12+J14*'⚙️ Rate Card'!C13+K14*'⚙️ Rate Card'!C14+(D14/100)*'⚙️ Rate Card'!C8+L14*IF(OR(O14="N/A",O14="None",O14=""),0,IF(O14="High",'⚙️ Rate Card'!C20,IF(O14="Medium",'⚙️ Rate Card'!C19,'⚙️ Rate Card'!C18)))+M14*IF(OR(P14="Decommission",P14=""),'⚙️ Rate Card'!C29,IF(P14="EC2 (Lift & Shift)",'⚙️ Rate Card'!C25,IF(P14="AWS QuickSight",'⚙️ Rate Card'!C27,IF(P14="Power BI",'⚙️ Rate Card'!C28,IF(P14="Custom Reporting Solution",'⚙️ Rate Card'!C26,0)))))+IF(B14="",0,'⚙️ Rate Card'!C33+(D14/100)*'⚙️ Rate Card'!C34)))*'⚙️ Rate Card'!C36*0.4+(((D14/100)*'⚙️ Rate Card'!C7+F14*'⚙️ Rate Card'!C9+G14*'⚙️ Rate Card'!C10+H14*'⚙️ Rate Card'!C11+I14*'⚙️ Rate Card'!C12+J14*'⚙️ Rate Card'!C13+K14*'⚙️ Rate Card'!C14+(D14/100)*'⚙️ Rate Card'!C8+L14*IF(OR(O14="N/A",O14="None",O14=""),0,IF(O14="High",'⚙️ Rate Card'!C20,IF(O14="Medium",'⚙️ Rate Card'!C19,'⚙️ Rate Card'!C18)))+M14*IF(OR(P14="Decommission",P14=""),'⚙️ Rate Card'!C29,IF(P14="EC2 (Lift & Shift)",'⚙️ Rate Card'!C25,IF(P14="AWS QuickSight",'⚙️ Rate Card'!C27,IF(P14="Power BI",'⚙️ Rate Card'!C28,IF(P14="Custom Reporting Solution",'⚙️ Rate Card'!C26,0)))))+IF(B14="",0,'⚙️ Rate Card'!C33+(D14/100)*'⚙️ Rate Card'!C34)))*'⚙️ Rate Card'!C37*0.4) -> 0 | AN14: =IF(B14="",0,AH14+AK14+(M14*IF(OR(P14="Decommission",P14=""),'⚙️ Rate Card'!C29,IF(P14="EC2 (Lift & Shift)",'⚙️ Rate Card'!C25,IF(P14="AWS QuickSight",'⚙️ Rate Card'!C27,IF(P14="Power BI",'⚙️ Rate Card'!C28,IF(P14="Custom Reporting Solution",'⚙️ Rate Card'!C26,0))))))*0.4+(IF(B14="",0,'⚙️ Rate Card'!C33+(D14/100)*'⚙️ Rate Card'!C34))*0.4+AD14+(((D14/100)*'⚙️ Rate Card'!C7+F14*'⚙️ Rate Card'!C9+G14*'⚙️ Rate Card'!C10+H14*'⚙️ Rate Card'!C11+I14*'⚙️ Rate Card'!C12+J14*'⚙️ Rate Card'!C13+K14*'⚙️ Rate Card'!C14+(D14/100)*'⚙️ Rate Card'!C8+L14*IF(OR(O14="N/A",O14="None",O14=""),0,IF(O14="High",'⚙️ Rate Card'!C20,IF(O14="Medium",'⚙️ Rate Card'!C19,'⚙️ Rate Card'!C18)))+M14*IF(OR(P14="Decommission",P14=""),'⚙️ Rate Card'!C29,IF(P14="EC2 (Lift & Shift)",'⚙️ Rate Card'!C25,IF(P14="AWS QuickSight",'⚙️ Rate Card'!C27,IF(P14="Power BI",'⚙️ Rate Card'!C28,IF(P14="Custom Reporting Solution",'⚙️ Rate Card'!C26,0)))))+IF(B14="",0,'⚙️ Rate Card'!C33+(D14/100)*'⚙️ Rate Card'!C34)))*'⚙️ Rate Card'!C35*0.4+(((D14/100)*'⚙️ Rate Card'!C7+F14*'⚙️ Rate Card'!C9+G14*'⚙️ Rate Card'!C10+H14*'⚙️ Rate Card'!C11+I14*'⚙️ Rate Card'!C12+J14*'⚙️ Rate Card'!C13+K14*'⚙️ Rate Card'!C14+(D14/100)*'⚙️ Rate Card'!C8+L14*IF(OR(O14="N/A",O14="None",O14=""),0,IF(O14="High",'⚙️ Rate Card'!C20,IF(O14="Medium",'⚙️ Rate Card'!C19,'⚙️ Rate Card'!C18)))+M14*IF(OR(P14="Decommission",P14=""),'⚙️ Rate Card'!C29,IF(P14="EC2 (Lift & Shift)",'⚙️ Rate Card'!C25,IF(P14="AWS QuickSight",'⚙️ Rate Card'!C27,IF(P14="Power BI",'⚙️ Rate Card'!C28,IF(P14="Custom Reporting Solution",'⚙️ Rate Card'!C26,0)))))+IF(B14="",0,'⚙️ Rate Card'!C33+(D14/100)*'⚙️ Rate Card'!C34)))*'⚙️ Rate Card'!C36*0.4+(((D14/100)*'⚙️ Rate Card'!C7+F14*'⚙️ Rate Card'!C9+G14*'⚙️ Rate Card'!C10+H14*'⚙️ Rate Card'!C11+I14*'⚙️ Rate Card'!C12+J14*'⚙️ Rate Card'!C13+K14*'⚙️ Rate Card'!C14+(D14/100)*'⚙️ Rate Card'!C8+L14*IF(OR(O14="N/A",O14="None",O14=""),0,IF(O14="High",'⚙️ Rate Card'!C20,IF(O14="Medium",'⚙️ Rate Card'!C19,'⚙️ Rate Card'!C18)))+M14*IF(OR(P14="Decommission",P14=""),'⚙️ Rate Card'!C29,IF(P14="EC2 (Lift & Shift)",'⚙️ Rate Card'!C25,IF(P14="AWS QuickSight",'⚙️ Rate Card'!C27,IF(P14="Power BI",'⚙️ Rate Card'!C28,IF(P14="Custom Reporting Solution",'⚙️ Rate Card'!C26,0)))))+IF(B14="",0,'⚙️ Rate Card'!C33+(D14/100)*'⚙️ Rate Card'!C34)))*'⚙️ Rate Card'!C37*0.4) -> 0 | AO14: =IF(B14="",0,AI14+AL14+(M14*IF(OR(P14="Decommission",P14=""),'⚙️ Rate Card'!C29,IF(P14="EC2 (Lift & Shift)",'⚙️ Rate Card'!C25,IF(P14="AWS QuickSight",'⚙️ Rate Card'!C27,IF(P14="Power BI",'⚙️ Rate Card'!C28,IF(P14="Custom Reporting Solution",'⚙️ Rate Card'!C26,0))))))*0.2+(IF(B14="",0,'⚙️ Rate Card'!C33+(D14/100)*'⚙️ Rate Card'!C34))*0.2+AE14+(((D14/100)*'⚙️ Rate Card'!C7+F14*'⚙️ Rate Card'!C9+G14*'⚙️ Rate Card'!C10+H14*'⚙️ Rate Card'!C11+I14*'⚙️ Rate Card'!C12+J14*'⚙️ Rate Card'!C13+K14*'⚙️ Rate Card'!C14+(D14/100)*'⚙️ Rate Card'!C8+L14*IF(OR(O14="N/A",O14="None",O14=""),0,IF(O14="High",'⚙️ Rate Card'!C20,IF(O14="Medium",'⚙️ Rate Card'!C19,'⚙️ Rate Card'!C18)))+M14*IF(OR(P14="Decommission",P14=""),'⚙️ Rate Card'!C29,IF(P14="EC2 (Lift & Shift)",'⚙️ Rate Card'!C25,IF(P14="AWS QuickSight",'⚙️ Rate Card'!C27,IF(P14="Power BI",'⚙️ Rate Card'!C28,IF(P14="Custom Reporting Solution",'⚙️ Rate Card'!C26,0)))))+IF(B14="",0,'⚙️ Rate Card'!C33+(D14/100)*'⚙️ Rate Card'!C34)))*'⚙️ Rate Card'!C35*0.2+(((D14/100)*'⚙️ Rate Card'!C7+F14*'⚙️ Rate Card'!C9+G14*'⚙️ Rate Card'!C10+H14*'⚙️ Rate Card'!C11+I14*'⚙️ Rate Card'!C12+J14*'⚙️ Rate Card'!C13+K14*'⚙️ Rate Card'!C14+(D14/100)*'⚙️ Rate Card'!C8+L14*IF(OR(O14="N/A",O14="None",O14=""),0,IF(O14="High",'⚙️ Rate Card'!C20,IF(O14="Medium",'⚙️ Rate Card'!C19,'⚙️ Rate Card'!C18)))+M14*IF(OR(P14="Decommission",P14=""),'⚙️ Rate Card'!C29,IF(P14="EC2 (Lift & Shift)",'⚙️ Rate Card'!C25,IF(P14="AWS QuickSight",'⚙️ Rate Card'!C27,IF(P14="Power BI",'⚙️ Rate Card'!C28,IF(P14="Custom Reporting Solution",'⚙️ Rate Card'!C26,0)))))+IF(B14="",0,'⚙️ Rate Card'!C33+(D14/100)*'⚙️ Rate Card'!C34)))*'⚙️ Rate Card'!C36*0.2+(((D14/100)*'⚙️ Rate Card'!C7+F14*'⚙️ Rate Card'!C9+G14*'⚙️ Rate Card'!C10+H14*'⚙️ Rate Card'!C11+I14*'⚙️ Rate Card'!C12+J14*'⚙️ Rate Card'!C13+K14*'⚙️ Rate Card'!C14+(D14/100)*'⚙️ Rate Card'!C8+L14*IF(OR(O14="N/A",O14="None",O14=""),0,IF(O14="High",'⚙️ Rate Card'!C20,IF(O14="Medium",'⚙️ Rate Card'!C19,'⚙️ Rate Card'!C18)))+M14*IF(OR(P14="Decommission",P14=""),'⚙️ Rate Card'!C29,IF(P14="EC2 (Lift & Shift)",'⚙️ Rate Card'!C25,IF(P14="AWS QuickSight",'⚙️ Rate Card'!C27,IF(P14="Power BI",'⚙️ Rate Card'!C28,IF(P14="Custom Reporting Solution",'⚙️ Rate Card'!C26,0)))))+IF(B14="",0,'⚙️ Rate Card'!C33+(D14/100)*'⚙️ Rate Card'!C34)))*'⚙️ Rate Card'!C37*0.2) -> 0 | AP14: ='✏️ SME Input'!B15 -> 0 | AQ14: ='✏️ SME Input'!C15 -> 0 | AR14: ='✏️ SME Input'!D15 -> 0
B15: ='✏️ SME Input'!E16 -> 0 | C15: =IF(B15="","",IF(D15>1000,"T3 Complex",IF(D15>500,"T2 Moderate","T1 Simple"))) | D15: ='✏️ SME Input'!G16 -> 0 | E15: ='✏️ SME Input'!H16 -> 0 | F15: ='✏️ SME Input'!I16 -> 0 | G15: ='✏️ SME Input'!J16 -> 0 | H15: ='✏️ SME Input'!K16 -> 0 | I15: ='✏️ SME Input'!L16 -> 0 | J15: ='✏️ SME Input'!M16 -> 0 | K15: ='✏️ SME Input'!N16 -> 0 | ... P15: ='✏️ SME Input'!S16 -> 0 | Q15: ='✏️ SME Input'!F16 -> 0 | R15: =IF(B15="",0,((D15/100)*'⚙️ Rate Card'!C7+F15*'⚙️ Rate Card'!C9+G15*'⚙️ Rate Card'!C10+H15*'⚙️ Rate Card'!C11+I15*'⚙️ Rate Card'!C12+J15*'⚙️ Rate Card'!C13+K15*'⚙️ Rate Card'!C14+(D15/100)*'⚙️ Rate Card'!C8+L15*IF(OR(O15="N/A",O15="None",O15=""),0,IF(O15="High",'⚙️ Rate Card'!C20,IF(O15="Medium",'⚙️ Rate Card'!C19,'⚙️ Rate Card'!C18)))+M15*IF(OR(P15="Decommission",P15=""),'⚙️ Rate Card'!C29,IF(P15="EC2 (Lift & Shift)",'⚙️ Rate Card'!C25,IF(P15="AWS QuickSight",'⚙️ Rate Card'!C27,IF(P15="Power BI",'⚙️ Rate Card'!C28,IF(P15="Custom Reporting Solution",'⚙️ Rate Card'!C26,0)))))+IF(B15="",0,'⚙️ Rate Card'!C33+(D15/100)*'⚙️ Rate Card'!C34))*'⚙️ Rate Card'!C37+(D15/100)*'⚙️ Rate Card'!C7+F15*'⚙️ Rate Card'!C9+G15*'⚙️ Rate Card'!C10+H15*'⚙️ Rate Card'!C11+I15*'⚙️ Rate Card'!C12+J15*'⚙️ Rate Card'!C13+K15*'⚙️ Rate Card'!C14+(D15/100)*'⚙️ Rate Card'!C8+(D15/100)*'⚙️ Rate Card'!C8+L15*IF(OR(O15="N/A",O15="None",O15=""),0,IF(O15="High",'⚙️ Rate Card'!C20,IF(O15="Medium",'⚙️ Rate Card'!C19,'⚙️ Rate Card'!C18)))+M15*IF(OR(P15="Decommission",P15=""),'⚙️ Rate Card'!C29,IF(P15="EC2 (Lift & Shift)",'⚙️ Rate Card'!C25,IF(P15="AWS QuickSight",'⚙️ Rate Card'!C27,IF(P15="Power BI",'⚙️ Rate Card'!C28,IF(P15="Custom Reporting Solution",'⚙️ Rate Card'!C26,0)))))+IF(B15="",0,'⚙️ Rate Card'!C33+(D15/100)*'⚙️ Rate Card'!C34)+((D15/100)*'⚙️ Rate Card'!C7+F15*'⚙️ Rate Card'!C9+G15*'⚙️ Rate Card'!C10+H15*'⚙️ Rate Card'!C11+I15*'⚙️ Rate Card'!C12+J15*'⚙️ Rate Card'!C13+K15*'⚙️ Rate Card'!C14+(D15/100)*'⚙️ Rate Card'!C8+L15*IF(OR(O15="N/A",O15="None",O15=""),0,IF(O15="High",'⚙️ Rate Card'!C20,IF(O15="Medium",'⚙️ Rate Card'!C19,'⚙️ Rate Card'!C18)))+M15*IF(OR(P15="Decommission",P15=""),'⚙️ Rate Card'!C29,IF(P15="EC2 (Lift & Shift)",'⚙️ Rate Card'!C25,IF(P15="AWS QuickSight",'⚙️ Rate Card'!C27,IF(P15="Power BI",'⚙️ Rate Card'!C28,IF(P15="Custom Reporting Solution",'⚙️ Rate Card'!C26,0)))))+IF(B15="",0,'⚙️ Rate Card'!C33+(D15/100)*'⚙️ Rate Card'!C34))*'⚙️ Rate Card'!C35+((D15/100)*'⚙️ Rate Card'!C7+F15*'⚙️ Rate Card'!C9+G15*'⚙️ Rate Card'!C10+H15*'⚙️ Rate Card'!C11+I15*'⚙️ Rate Card'!C12+J15*'⚙️ Rate Card'!C13+K15*'⚙️ Rate Card'!C14+(D15/100)*'⚙️ Rate Card'!C8+L15*IF(OR(O15="N/A",O15="None",O15=""),0,IF(O15="High",'⚙️ Rate Card'!C20,IF(O15="Medium",'⚙️ Rate Card'!C19,'⚙️ Rate Card'!C18)))+M15*IF(OR(P15="Decommission",P15=""),'⚙️ Rate Card'!C29,IF(P15="EC2 (Lift & Shift)",'⚙️ Rate Card'!C25,IF(P15="AWS QuickSight",'⚙️ Rate Card'!C27,IF(P15="Power BI",'⚙️ Rate Card'!C28,IF(P15="Custom Reporting Solution",'⚙️ Rate Card'!C26,0)))))+IF(B15="",0,'⚙️ Rate Card'!C33+(D15/100)*'⚙️ Rate Card'!C34))*'⚙️ Rate Card'!C36) -> 0 | S15: =IF(B15="",0,(((D15/100)*'⚙️ Rate Card'!C7+F15*'⚙️ Rate Card'!C9+G15*'⚙️ Rate Card'!C10+H15*'⚙️ Rate Card'!C11+I15*'⚙️ Rate Card'!C12+J15*'⚙️ Rate Card'!C13+K15*'⚙️ Rate Card'!C14+(D15/100)*'⚙️ Rate Card'!C8+L15*IF(OR(O15="N/A",O15="None",O15=""),0,IF(O15="High",'⚙️ Rate Card'!C20,IF(O15="Medium",'⚙️ Rate Card'!C19,'⚙️ Rate Card'!C18)))+M15*IF(OR(P15="Decommission",P15=""),'⚙️ Rate Card'!C29,IF(P15="EC2 (Lift & Shift)",'⚙️ Rate Card'!C25,IF(P15="AWS QuickSight",'⚙️ Rate Card'!C27,IF(P15="Power BI",'⚙️ Rate Card'!C28,IF(P15="Custom Reporting Solution",'⚙️ Rate Card'!C26,0)))))+IF(B15="",0,'⚙️ Rate Card'!C33+(D15/100)*'⚙️ Rate Card'!C34))*'⚙️ Rate Card'!C37)*(1-'📊 Dashboard'!C10/100)+(((D15/100)*'⚙️ Rate Card'!C7+F15*'⚙️ Rate Card'!C9+G15*'⚙️ Rate Card'!C10+H15*'⚙️ Rate Card'!C11+I15*'⚙️ Rate Card'!C12+J15*'⚙️ Rate Card'!C13+K15*'⚙️ Rate Card'!C14+(D15/100)*'⚙️ Rate Card'!C8+(D15/100)*'⚙️ Rate Card'!C8))*(1-'📊 Dashboard'!C10/100)+(L15*IF(OR(O15="N/A",O15="None",O15=""),0,IF(O15="High",'⚙️ Rate Card'!C20,IF(O15="Medium",'⚙️ Rate Card'!C19,'⚙️ Rate Card'!C18))))*(1-'📊 Dashboard'!C11/100)+(M15*IF(OR(P15="Decommission",P15=""),'⚙️ Rate Card'!C29,IF(P15="EC2 (Lift & Shift)",'⚙️ Rate Card'!C25,IF(P15="AWS QuickSight",'⚙️ Rate Card'!C27,IF(P15="Power BI",'⚙️ Rate Card'!C28,IF(P15="Custom Reporting Solution",'⚙️ Rate Card'!C26,0))))))*(1-'📊 Dashboard'!C12/100)+(IF(B15="",0,'⚙️ Rate Card'!C33+(D15/100)*'⚙️ Rate Card'!C34))*(1-'📊 Dashboard'!C10/100)+(((D15/100)*'⚙️ Rate Card'!C7+F15*'⚙️ Rate Card'!C9+G15*'⚙️ Rate Card'!C10+H15*'⚙️ Rate Card'!C11+I15*'⚙️ Rate Card'!C12+J15*'⚙️ Rate Card'!C13+K15*'⚙️ Rate Card'!C14+(D15/100)*'⚙️ Rate Card'!C8+L15*IF(OR(O15="N/A",O15="None",O15=""),0,IF(O15="High",'⚙️ Rate Card'!C20,IF(O15="Medium",'⚙️ Rate Card'!C19,'⚙️ Rate Card'!C18)))+M15*IF(OR(P15="Decommission",P15=""),'⚙️ Rate Card'!C29,IF(P15="EC2 (Lift & Shift)",'⚙️ Rate Card'!C25,IF(P15="AWS QuickSight",'⚙️ Rate Card'!C27,IF(P15="Power BI",'⚙️ Rate Card'!C28,IF(P15="Custom Reporting Solution",'⚙️ Rate Card'!C26,0)))))+IF(B15="",0,'⚙️ Rate Card'!C33+(D15/100)*'⚙️ Rate Card'!C34))*'⚙️ Rate Card'!C35)*(1-'📊 Dashboard'!C13/100)+(((D15/100)*'⚙️ Rate Card'!C7+F15*'⚙️ Rate Card'!C9+G15*'⚙️ Rate Card'!C10+H15*'⚙️ Rate Card'!C11+I15*'⚙️ Rate Card'!C12+J15*'⚙️ Rate Card'!C13+K15*'⚙️ Rate Card'!C14+(D15/100)*'⚙️ Rate Card'!C8+L15*IF(OR(O15="N/A",O15="None",O15=""),0,IF(O15="High",'⚙️ Rate Card'!C20,IF(O15="Medium",'⚙️ Rate Card'!C19,'⚙️ Rate Card'!C18)))+M15*IF(OR(P15="Decommission",P15=""),'⚙️ Rate Card'!C29,IF(P15="EC2 (Lift & Shift)",'⚙️ Rate Card'!C25,IF(P15="AWS QuickSight",'⚙️ Rate Card'!C27,IF(P15="Power BI",'⚙️ Rate Card'!C28,IF(P15="Custom Reporting Solution",'⚙️ Rate Card'!C26,0)))))+IF(B15="",0,'⚙️ Rate Card'!C33+(D15/100)*'⚙️ Rate Card'!C34))*'⚙️ Rate Card'!C36)*(1-'📊 Dashboard'!C10/100)) -> 0 | T15: =IF(B15="",0,S15*(1+'📊 Dashboard'!C14/100)) -> 0 | U15: =IF(B15="",0,((D15/100)*'⚙️ Rate Card'!C7+F15*'⚙️ Rate Card'!C9+G15*'⚙️ Rate Card'!C10+H15*'⚙️ Rate Card'!C11+I15*'⚙️ Rate Card'!C12+J15*'⚙️ Rate Card'!C13+K15*'⚙️ Rate Card'!C14+(D15/100)*'⚙️ Rate Card'!C8+L15*IF(OR(O15="N/A",O15="None",O15=""),0,IF(O15="High",'⚙️ Rate Card'!C20,IF(O15="Medium",'⚙️ Rate Card'!C19,'⚙️ Rate Card'!C18)))+M15*IF(OR(P15="Decommission",P15=""),'⚙️ Rate Card'!C29,IF(P15="EC2 (Lift & Shift)",'⚙️ Rate Card'!C25,IF(P15="AWS QuickSight",'⚙️ Rate Card'!C27,IF(P15="Power BI",'⚙️ Rate Card'!C28,IF(P15="Custom Reporting Solution",'⚙️ Rate Card'!C26,0)))))+IF(B15="",0,'⚙️ Rate Card'!C33+(D15/100)*'⚙️ Rate Card'!C34))*'⚙️ Rate Card'!C37) -> 0 | V15: =IF(B15="",0,(D15/100)*'⚙️ Rate Card'!C7+F15*'⚙️ Rate Card'!C9+G15*'⚙️ Rate Card'!C10+H15*'⚙️ Rate Card'!C11+I15*'⚙️ Rate Card'!C12+J15*'⚙️ Rate Card'!C13+K15*'⚙️ Rate Card'!C14+(D15/100)*'⚙️ Rate Card'!C8+(D15/100)*'⚙️ Rate Card'!C8) -> 0 | W15: =IF(B15="",0,L15*IF(OR(O15="N/A",O15="None",O15=""),0,IF(O15="High",'⚙️ Rate Card'!C20,IF(O15="Medium",'⚙️ Rate Card'!C19,'⚙️ Rate Card'!C18)))) -> 0 | X15: =IF(B15="",0,M15*IF(OR(P15="Decommission",P15=""),'⚙️ Rate Card'!C29,IF(P15="EC2 (Lift & Shift)",'⚙️ Rate Card'!C25,IF(P15="AWS QuickSight",'⚙️ Rate Card'!C27,IF(P15="Power BI",'⚙️ Rate Card'!C28,IF(P15="Custom Reporting Solution",'⚙️ Rate Card'!C26,0)))))) -> 0 | Y15: =IF(B15="",0,IF(B15="",0,'⚙️ Rate Card'!C33+(D15/100)*'⚙️ Rate Card'!C34)) -> 0 | Z15: =IF(B15="",0,((D15/100)*'⚙️ Rate Card'!C7+F15*'⚙️ Rate Card'!C9+G15*'⚙️ Rate Card'!C10+H15*'⚙️ Rate Card'!C11+I15*'⚙️ Rate Card'!C12+J15*'⚙️ Rate Card'!C13+K15*'⚙️ Rate Card'!C14+(D15/100)*'⚙️ Rate Card'!C8+L15*IF(OR(O15="N/A",O15="None",O15=""),0,IF(O15="High",'⚙️ Rate Card'!C20,IF(O15="Medium",'⚙️ Rate Card'!C19,'⚙️ Rate Card'!C18)))+M15*IF(OR(P15="Decommission",P15=""),'⚙️ Rate Card'!C29,IF(P15="EC2 (Lift & Shift)",'⚙️ Rate Card'!C25,IF(P15="AWS QuickSight",'⚙️ Rate Card'!C27,IF(P15="Power BI",'⚙️ Rate Card'!C28,IF(P15="Custom Reporting Solution",'⚙️ Rate Card'!C26,0)))))+IF(B15="",0,'⚙️ Rate Card'!C33+(D15/100)*'⚙️ Rate Card'!C34))*'⚙️ Rate Card'!C35) -> 0 | AA15: =IF(B15="",0,((D15/100)*'⚙️ Rate Card'!C7+F15*'⚙️ Rate Card'!C9+G15*'⚙️ Rate Card'!C10+H15*'⚙️ Rate Card'!C11+I15*'⚙️ Rate Card'!C12+J15*'⚙️ Rate Card'!C13+K15*'⚙️ Rate Card'!C14+(D15/100)*'⚙️ Rate Card'!C8+L15*IF(OR(O15="N/A",O15="None",O15=""),0,IF(O15="High",'⚙️ Rate Card'!C20,IF(O15="Medium",'⚙️ Rate Card'!C19,'⚙️ Rate Card'!C18)))+M15*IF(OR(P15="Decommission",P15=""),'⚙️ Rate Card'!C29,IF(P15="EC2 (Lift & Shift)",'⚙️ Rate Card'!C25,IF(P15="AWS QuickSight",'⚙️ Rate Card'!C27,IF(P15="Power BI",'⚙️ Rate Card'!C28,IF(P15="Custom Reporting Solution",'⚙️ Rate Card'!C26,0)))))+IF(B15="",0,'⚙️ Rate Card'!C33+(D15/100)*'⚙️ Rate Card'!C34))*'⚙️ Rate Card'!C36) -> 0 | AB15: ='✏️ SME Input'!T16 -> 0 | AC15: =IF(B15="",0,AB15*0.75) -> 0 | AD15: =IF(B15="",0,AB15*0.75) -> 0 | AE15: =IF(B15="",0,AB15*0.75) -> 0 | AF15: =IF(B15="",0,AB15*2.25) -> 0 | AG15: =IF(B15="",0,((D15/100)*'⚙️ Rate Card'!C7+F15*'⚙️ Rate Card'!C9+G15*'⚙️ Rate Card'!C10+H15*'⚙️ Rate Card'!C11+I15*'⚙️ Rate Card'!C12+J15*'⚙️ Rate Card'!C13+K15*'⚙️ Rate Card'!C14+(D15/100)*'⚙️ Rate Card'!C8)*0.4) -> 0 | AH15: =IF(B15="",0,((D15/100)*'⚙️ Rate Card'!C7+F15*'⚙️ Rate Card'!C9+G15*'⚙️ Rate Card'!C10+H15*'⚙️ Rate Card'!C11+I15*'⚙️ Rate Card'!C12+J15*'⚙️ Rate Card'!C13+K15*'⚙️ Rate Card'!C14+(D15/100)*'⚙️ Rate Card'!C8)*0.4) -> 0 | AI15: =IF(B15="",0,((D15/100)*'⚙️ Rate Card'!C7+F15*'⚙️ Rate Card'!C9+G15*'⚙️ Rate Card'!C10+H15*'⚙️ Rate Card'!C11+I15*'⚙️ Rate Card'!C12+J15*'⚙️ Rate Card'!C13+K15*'⚙️ Rate Card'!C14+(D15/100)*'⚙️ Rate Card'!C8)*0.2) -> 0 | AJ15: =IF(B15="",0,(L15*IF(OR(O15="N/A",O15="None",O15=""),0,IF(O15="High",'⚙️ Rate Card'!C20,IF(O15="Medium",'⚙️ Rate Card'!C19,'⚙️ Rate Card'!C18))))*0.5) -> 0 | AK15: =IF(B15="",0,(L15*IF(OR(O15="N/A",O15="None",O15=""),0,IF(O15="High",'⚙️ Rate Card'!C20,IF(O15="Medium",'⚙️ Rate Card'!C19,'⚙️ Rate Card'!C18))))*0.35) -> 0 | AL15: =IF(B15="",0,(L15*IF(OR(O15="N/A",O15="None",O15=""),0,IF(O15="High",'⚙️ Rate Card'!C20,IF(O15="Medium",'⚙️ Rate Card'!C19,'⚙️ Rate Card'!C18))))*0.15) -> 0 | AM15: =IF(B15="",0,AG15+AJ15+(M15*IF(OR(P15="Decommission",P15=""),'⚙️ Rate Card'!C29,IF(P15="EC2 (Lift & Shift)",'⚙️ Rate Card'!C25,IF(P15="AWS QuickSight",'⚙️ Rate Card'!C27,IF(P15="Power BI",'⚙️ Rate Card'!C28,IF(P15="Custom Reporting Solution",'⚙️ Rate Card'!C26,0))))))*0.4+(IF(B15="",0,'⚙️ Rate Card'!C33+(D15/100)*'⚙️ Rate Card'!C34))*0.4+AC15+(((D15/100)*'⚙️ Rate Card'!C7+F15*'⚙️ Rate Card'!C9+G15*'⚙️ Rate Card'!C10+H15*'⚙️ Rate Card'!C11+I15*'⚙️ Rate Card'!C12+J15*'⚙️ Rate Card'!C13+K15*'⚙️ Rate Card'!C14+(D15/100)*'⚙️ Rate Card'!C8+L15*IF(OR(O15="N/A",O15="None",O15=""),0,IF(O15="High",'⚙️ Rate Card'!C20,IF(O15="Medium",'⚙️ Rate Card'!C19,'⚙️ Rate Card'!C18)))+M15*IF(OR(P15="Decommission",P15=""),'⚙️ Rate Card'!C29,IF(P15="EC2 (Lift & Shift)",'⚙️ Rate Card'!C25,IF(P15="AWS QuickSight",'⚙️ Rate Card'!C27,IF(P15="Power BI",'⚙️ Rate Card'!C28,IF(P15="Custom Reporting Solution",'⚙️ Rate Card'!C26,0)))))+IF(B15="",0,'⚙️ Rate Card'!C33+(D15/100)*'⚙️ Rate Card'!C34)))*'⚙️ Rate Card'!C35*0.4+(((D15/100)*'⚙️ Rate Card'!C7+F15*'⚙️ Rate Card'!C9+G15*'⚙️ Rate Card'!C10+H15*'⚙️ Rate Card'!C11+I15*'⚙️ Rate Card'!C12+J15*'⚙️ Rate Card'!C13+K15*'⚙️ Rate Card'!C14+(D15/100)*'⚙️ Rate Card'!C8+L15*IF(OR(O15="N/A",O15="None",O15=""),0,IF(O15="High",'⚙️ Rate Card'!C20,IF(O15="Medium",'⚙️ Rate Card'!C19,'⚙️ Rate Card'!C18)))+M15*IF(OR(P15="Decommission",P15=""),'⚙️ Rate Card'!C29,IF(P15="EC2 (Lift & Shift)",'⚙️ Rate Card'!C25,IF(P15="AWS QuickSight",'⚙️ Rate Card'!C27,IF(P15="Power BI",'⚙️ Rate Card'!C28,IF(P15="Custom Reporting Solution",'⚙️ Rate Card'!C26,0)))))+IF(B15="",0,'⚙️ Rate Card'!C33+(D15/100)*'⚙️ Rate Card'!C34)))*'⚙️ Rate Card'!C36*0.4+(((D15/100)*'⚙️ Rate Card'!C7+F15*'⚙️ Rate Card'!C9+G15*'⚙️ Rate Card'!C10+H15*'⚙️ Rate Card'!C11+I15*'⚙️ Rate Card'!C12+J15*'⚙️ Rate Card'!C13+K15*'⚙️ Rate Card'!C14+(D15/100)*'⚙️ Rate Card'!C8+L15*IF(OR(O15="N/A",O15="None",O15=""),0,IF(O15="High",'⚙️ Rate Card'!C20,IF(O15="Medium",'⚙️ Rate Card'!C19,'⚙️ Rate Card'!C18)))+M15*IF(OR(P15="Decommission",P15=""),'⚙️ Rate Card'!C29,IF(P15="EC2 (Lift & Shift)",'⚙️ Rate Card'!C25,IF(P15="AWS QuickSight",'⚙️ Rate Card'!C27,IF(P15="Power BI",'⚙️ Rate Card'!C28,IF(P15="Custom Reporting Solution",'⚙️ Rate Card'!C26,0)))))+IF(B15="",0,'⚙️ Rate Card'!C33+(D15/100)*'⚙️ Rate Card'!C34)))*'⚙️ Rate Card'!C37*0.4) -> 0 | AN15: =IF(B15="",0,AH15+AK15+(M15*IF(OR(P15="Decommission",P15=""),'⚙️ Rate Card'!C29,IF(P15="EC2 (Lift & Shift)",'⚙️ Rate Card'!C25,IF(P15="AWS QuickSight",'⚙️ Rate Card'!C27,IF(P15="Power BI",'⚙️ Rate Card'!C28,IF(P15="Custom Reporting Solution",'⚙️ Rate Card'!C26,0))))))*0.4+(IF(B15="",0,'⚙️ Rate Card'!C33+(D15/100)*'⚙️ Rate Card'!C34))*0.4+AD15+(((D15/100)*'⚙️ Rate Card'!C7+F15*'⚙️ Rate Card'!C9+G15*'⚙️ Rate Card'!C10+H15*'⚙️ Rate Card'!C11+I15*'⚙️ Rate Card'!C12+J15*'⚙️ Rate Card'!C13+K15*'⚙️ Rate Card'!C14+(D15/100)*'⚙️ Rate Card'!C8+L15*IF(OR(O15="N/A",O15="None",O15=""),0,IF(O15="High",'⚙️ Rate Card'!C20,IF(O15="Medium",'⚙️ Rate Card'!C19,'⚙️ Rate Card'!C18)))+M15*IF(OR(P15="Decommission",P15=""),'⚙️ Rate Card'!C29,IF(P15="EC2 (Lift & Shift)",'⚙️ Rate Card'!C25,IF(P15="AWS QuickSight",'⚙️ Rate Card'!C27,IF(P15="Power BI",'⚙️ Rate Card'!C28,IF(P15="Custom Reporting Solution",'⚙️ Rate Card'!C26,0)))))+IF(B15="",0,'⚙️ Rate Card'!C33+(D15/100)*'⚙️ Rate Card'!C34)))*'⚙️ Rate Card'!C35*0.4+(((D15/100)*'⚙️ Rate Card'!C7+F15*'⚙️ Rate Card'!C9+G15*'⚙️ Rate Card'!C10+H15*'⚙️ Rate Card'!C11+I15*'⚙️ Rate Card'!C12+J15*'⚙️ Rate Card'!C13+K15*'⚙️ Rate Card'!C14+(D15/100)*'⚙️ Rate Card'!C8+L15*IF(OR(O15="N/A",O15="None",O15=""),0,IF(O15="High",'⚙️ Rate Card'!C20,IF(O15="Medium",'⚙️ Rate Card'!C19,'⚙️ Rate Card'!C18)))+M15*IF(OR(P15="Decommission",P15=""),'⚙️ Rate Card'!C29,IF(P15="EC2 (Lift & Shift)",'⚙️ Rate Card'!C25,IF(P15="AWS QuickSight",'⚙️ Rate Card'!C27,IF(P15="Power BI",'⚙️ Rate Card'!C28,IF(P15="Custom Reporting Solution",'⚙️ Rate Card'!C26,0)))))+IF(B15="",0,'⚙️ Rate Card'!C33+(D15/100)*'⚙️ Rate Card'!C34)))*'⚙️ Rate Card'!C36*0.4+(((D15/100)*'⚙️ Rate Card'!C7+F15*'⚙️ Rate Card'!C9+G15*'⚙️ Rate Card'!C10+H15*'⚙️ Rate Card'!C11+I15*'⚙️ Rate Card'!C12+J15*'⚙️ Rate Card'!C13+K15*'⚙️ Rate Card'!C14+(D15/100)*'⚙️ Rate Card'!C8+L15*IF(OR(O15="N/A",O15="None",O15=""),0,IF(O15="High",'⚙️ Rate Card'!C20,IF(O15="Medium",'⚙️ Rate Card'!C19,'⚙️ Rate Card'!C18)))+M15*IF(OR(P15="Decommission",P15=""),'⚙️ Rate Card'!C29,IF(P15="EC2 (Lift & Shift)",'⚙️ Rate Card'!C25,IF(P15="AWS QuickSight",'⚙️ Rate Card'!C27,IF(P15="Power BI",'⚙️ Rate Card'!C28,IF(P15="Custom Reporting Solution",'⚙️ Rate Card'!C26,0)))))+IF(B15="",0,'⚙️ Rate Card'!C33+(D15/100)*'⚙️ Rate Card'!C34)))*'⚙️ Rate Card'!C37*0.4) -> 0 | AO15: =IF(B15="",0,AI15+AL15+(M15*IF(OR(P15="Decommission",P15=""),'⚙️ Rate Card'!C29,IF(P15="EC2 (Lift & Shift)",'⚙️ Rate Card'!C25,IF(P15="AWS QuickSight",'⚙️ Rate Card'!C27,IF(P15="Power BI",'⚙️ Rate Card'!C28,IF(P15="Custom Reporting Solution",'⚙️ Rate Card'!C26,0))))))*0.2+(IF(B15="",0,'⚙️ Rate Card'!C33+(D15/100)*'⚙️ Rate Card'!C34))*0.2+AE15+(((D15/100)*'⚙️ Rate Card'!C7+F15*'⚙️ Rate Card'!C9+G15*'⚙️ Rate Card'!C10+H15*'⚙️ Rate Card'!C11+I15*'⚙️ Rate Card'!C12+J15*'⚙️ Rate Card'!C13+K15*'⚙️ Rate Card'!C14+(D15/100)*'⚙️ Rate Card'!C8+L15*IF(OR(O15="N/A",O15="None",O15=""),0,IF(O15="High",'⚙️ Rate Card'!C20,IF(O15="Medium",'⚙️ Rate Card'!C19,'⚙️ Rate Card'!C18)))+M15*IF(OR(P15="Decommission",P15=""),'⚙️ Rate Card'!C29,IF(P15="EC2 (Lift & Shift)",'⚙️ Rate Card'!C25,IF(P15="AWS QuickSight",'⚙️ Rate Card'!C27,IF(P15="Power BI",'⚙️ Rate Card'!C28,IF(P15="Custom Reporting Solution",'⚙️ Rate Card'!C26,0)))))+IF(B15="",0,'⚙️ Rate Card'!C33+(D15/100)*'⚙️ Rate Card'!C34)))*'⚙️ Rate Card'!C35*0.2+(((D15/100)*'⚙️ Rate Card'!C7+F15*'⚙️ Rate Card'!C9+G15*'⚙️ Rate Card'!C10+H15*'⚙️ Rate Card'!C11+I15*'⚙️ Rate Card'!C12+J15*'⚙️ Rate Card'!C13+K15*'⚙️ Rate Card'!C14+(D15/100)*'⚙️ Rate Card'!C8+L15*IF(OR(O15="N/A",O15="None",O15=""),0,IF(O15="High",'⚙️ Rate Card'!C20,IF(O15="Medium",'⚙️ Rate Card'!C19,'⚙️ Rate Card'!C18)))+M15*IF(OR(P15="Decommission",P15=""),'⚙️ Rate Card'!C29,IF(P15="EC2 (Lift & Shift)",'⚙️ Rate Card'!C25,IF(P15="AWS QuickSight",'⚙️ Rate Card'!C27,IF(P15="Power BI",'⚙️ Rate Card'!C28,IF(P15="Custom Reporting Solution",'⚙️ Rate Card'!C26,0)))))+IF(B15="",0,'⚙️ Rate Card'!C33+(D15/100)*'⚙️ Rate Card'!C34)))*'⚙️ Rate Card'!C36*0.2+(((D15/100)*'⚙️ Rate Card'!C7+F15*'⚙️ Rate Card'!C9+G15*'⚙️ Rate Card'!C10+H15*'⚙️ Rate Card'!C11+I15*'⚙️ Rate Card'!C12+J15*'⚙️ Rate Card'!C13+K15*'⚙️ Rate Card'!C14+(D15/100)*'⚙️ Rate Card'!C8+L15*IF(OR(O15="N/A",O15="None",O15=""),0,IF(O15="High",'⚙️ Rate Card'!C20,IF(O15="Medium",'⚙️ Rate Card'!C19,'⚙️ Rate Card'!C18)))+M15*IF(OR(P15="Decommission",P15=""),'⚙️ Rate Card'!C29,IF(P15="EC2 (Lift & Shift)",'⚙️ Rate Card'!C25,IF(P15="AWS QuickSight",'⚙️ Rate Card'!C27,IF(P15="Power BI",'⚙️ Rate Card'!C28,IF(P15="Custom Reporting Solution",'⚙️ Rate Card'!C26,0)))))+IF(B15="",0,'⚙️ Rate Card'!C33+(D15/100)*'⚙️ Rate Card'!C34)))*'⚙️ Rate Card'!C37*0.2) -> 0 | AP15: ='✏️ SME Input'!B16 -> 0 | AQ15: ='✏️ SME Input'!C16 -> 0 | AR15: ='✏️ SME Input'!D16 -> 0
B16: ='✏️ SME Input'!E17 -> 0 | C16: =IF(B16="","",IF(D16>1000,"T3 Complex",IF(D16>500,"T2 Moderate","T1 Simple"))) | D16: ='✏️ SME Input'!G17 -> 0 | E16: ='✏️ SME Input'!H17 -> 0 | F16: ='✏️ SME Input'!I17 -> 0 | G16: ='✏️ SME Input'!J17 -> 0 | H16: ='✏️ SME Input'!K17 -> 0 | I16: ='✏️ SME Input'!L17 -> 0 | J16: ='✏️ SME Input'!M17 -> 0 | K16: ='✏️ SME Input'!N17 -> 0 | ... P16: ='✏️ SME Input'!S17 -> 0 | Q16: ='✏️ SME Input'!F17 -> 0 | R16: =IF(B16="",0,((D16/100)*'⚙️ Rate Card'!C7+F16*'⚙️ Rate Card'!C9+G16*'⚙️ Rate Card'!C10+H16*'⚙️ Rate Card'!C11+I16*'⚙️ Rate Card'!C12+J16*'⚙️ Rate Card'!C13+K16*'⚙️ Rate Card'!C14+(D16/100)*'⚙️ Rate Card'!C8+L16*IF(OR(O16="N/A",O16="None",O16=""),0,IF(O16="High",'⚙️ Rate Card'!C20,IF(O16="Medium",'⚙️ Rate Card'!C19,'⚙️ Rate Card'!C18)))+M16*IF(OR(P16="Decommission",P16=""),'⚙️ Rate Card'!C29,IF(P16="EC2 (Lift & Shift)",'⚙️ Rate Card'!C25,IF(P16="AWS QuickSight",'⚙️ Rate Card'!C27,IF(P16="Power BI",'⚙️ Rate Card'!C28,IF(P16="Custom Reporting Solution",'⚙️ Rate Card'!C26,0)))))+IF(B16="",0,'⚙️ Rate Card'!C33+(D16/100)*'⚙️ Rate Card'!C34))*'⚙️ Rate Card'!C37+(D16/100)*'⚙️ Rate Card'!C7+F16*'⚙️ Rate Card'!C9+G16*'⚙️ Rate Card'!C10+H16*'⚙️ Rate Card'!C11+I16*'⚙️ Rate Card'!C12+J16*'⚙️ Rate Card'!C13+K16*'⚙️ Rate Card'!C14+(D16/100)*'⚙️ Rate Card'!C8+(D16/100)*'⚙️ Rate Card'!C8+L16*IF(OR(O16="N/A",O16="None",O16=""),0,IF(O16="High",'⚙️ Rate Card'!C20,IF(O16="Medium",'⚙️ Rate Card'!C19,'⚙️ Rate Card'!C18)))+M16*IF(OR(P16="Decommission",P16=""),'⚙️ Rate Card'!C29,IF(P16="EC2 (Lift & Shift)",'⚙️ Rate Card'!C25,IF(P16="AWS QuickSight",'⚙️ Rate Card'!C27,IF(P16="Power BI",'⚙️ Rate Card'!C28,IF(P16="Custom Reporting Solution",'⚙️ Rate Card'!C26,0)))))+IF(B16="",0,'⚙️ Rate Card'!C33+(D16/100)*'⚙️ Rate Card'!C34)+((D16/100)*'⚙️ Rate Card'!C7+F16*'⚙️ Rate Card'!C9+G16*'⚙️ Rate Card'!C10+H16*'⚙️ Rate Card'!C11+I16*'⚙️ Rate Card'!C12+J16*'⚙️ Rate Card'!C13+K16*'⚙️ Rate Card'!C14+(D16/100)*'⚙️ Rate Card'!C8+L16*IF(OR(O16="N/A",O16="None",O16=""),0,IF(O16="High",'⚙️ Rate Card'!C20,IF(O16="Medium",'⚙️ Rate Card'!C19,'⚙️ Rate Card'!C18)))+M16*IF(OR(P16="Decommission",P16=""),'⚙️ Rate Card'!C29,IF(P16="EC2 (Lift & Shift)",'⚙️ Rate Card'!C25,IF(P16="AWS QuickSight",'⚙️ Rate Card'!C27,IF(P16="Power BI",'⚙️ Rate Card'!C28,IF(P16="Custom Reporting Solution",'⚙️ Rate Card'!C26,0)))))+IF(B16="",0,'⚙️ Rate Card'!C33+(D16/100)*'⚙️ Rate Card'!C34))*'⚙️ Rate Card'!C35+((D16/100)*'⚙️ Rate Card'!C7+F16*'⚙️ Rate Card'!C9+G16*'⚙️ Rate Card'!C10+H16*'⚙️ Rate Card'!C11+I16*'⚙️ Rate Card'!C12+J16*'⚙️ Rate Card'!C13+K16*'⚙️ Rate Card'!C14+(D16/100)*'⚙️ Rate Card'!C8+L16*IF(OR(O16="N/A",O16="None",O16=""),0,IF(O16="High",'⚙️ Rate Card'!C20,IF(O16="Medium",'⚙️ Rate Card'!C19,'⚙️ Rate Card'!C18)))+M16*IF(OR(P16="Decommission",P16=""),'⚙️ Rate Card'!C29,IF(P16="EC2 (Lift & Shift)",'⚙️ Rate Card'!C25,IF(P16="AWS QuickSight",'⚙️ Rate Card'!C27,IF(P16="Power BI",'⚙️ Rate Card'!C28,IF(P16="Custom Reporting Solution",'⚙️ Rate Card'!C26,0)))))+IF(B16="",0,'⚙️ Rate Card'!C33+(D16/100)*'⚙️ Rate Card'!C34))*'⚙️ Rate Card'!C36) -> 0 | S16: =IF(B16="",0,(((D16/100)*'⚙️ Rate Card'!C7+F16*'⚙️ Rate Card'!C9+G16*'⚙️ Rate Card'!C10+H16*'⚙️ Rate Card'!C11+I16*'⚙️ Rate Card'!C12+J16*'⚙️ Rate Card'!C13+K16*'⚙️ Rate Card'!C14+(D16/100)*'⚙️ Rate Card'!C8+L16*IF(OR(O16="N/A",O16="None",O16=""),0,IF(O16="High",'⚙️ Rate Card'!C20,IF(O16="Medium",'⚙️ Rate Card'!C19,'⚙️ Rate Card'!C18)))+M16*IF(OR(P16="Decommission",P16=""),'⚙️ Rate Card'!C29,IF(P16="EC2 (Lift & Shift)",'⚙️ Rate Card'!C25,IF(P16="AWS QuickSight",'⚙️ Rate Card'!C27,IF(P16="Power BI",'⚙️ Rate Card'!C28,IF(P16="Custom Reporting Solution",'⚙️ Rate Card'!C26,0)))))+IF(B16="",0,'⚙️ Rate Card'!C33+(D16/100)*'⚙️ Rate Card'!C34))*'⚙️ Rate Card'!C37)*(1-'📊 Dashboard'!C10/100)+(((D16/100)*'⚙️ Rate Card'!C7+F16*'⚙️ Rate Card'!C9+G16*'⚙️ Rate Card'!C10+H16*'⚙️ Rate Card'!C11+I16*'⚙️ Rate Card'!C12+J16*'⚙️ Rate Card'!C13+K16*'⚙️ Rate Card'!C14+(D16/100)*'⚙️ Rate Card'!C8+(D16/100)*'⚙️ Rate Card'!C8))*(1-'📊 Dashboard'!C10/100)+(L16*IF(OR(O16="N/A",O16="None",O16=""),0,IF(O16="High",'⚙️ Rate Card'!C20,IF(O16="Medium",'⚙️ Rate Card'!C19,'⚙️ Rate Card'!C18))))*(1-'📊 Dashboard'!C11/100)+(M16*IF(OR(P16="Decommission",P16=""),'⚙️ Rate Card'!C29,IF(P16="EC2 (Lift & Shift)",'⚙️ Rate Card'!C25,IF(P16="AWS QuickSight",'⚙️ Rate Card'!C27,IF(P16="Power BI",'⚙️ Rate Card'!C28,IF(P16="Custom Reporting Solution",'⚙️ Rate Card'!C26,0))))))*(1-'📊 Dashboard'!C12/100)+(IF(B16="",0,'⚙️ Rate Card'!C33+(D16/100)*'⚙️ Rate Card'!C34))*(1-'📊 Dashboard'!C10/100)+(((D16/100)*'⚙️ Rate Card'!C7+F16*'⚙️ Rate Card'!C9+G16*'⚙️ Rate Card'!C10+H16*'⚙️ Rate Card'!C11+I16*'⚙️ Rate Card'!C12+J16*'⚙️ Rate Card'!C13+K16*'⚙️ Rate Card'!C14+(D16/100)*'⚙️ Rate Card'!C8+L16*IF(OR(O16="N/A",O16="None",O16=""),0,IF(O16="High",'⚙️ Rate Card'!C20,IF(O16="Medium",'⚙️ Rate Card'!C19,'⚙️ Rate Card'!C18)))+M16*IF(OR(P16="Decommission",P16=""),'⚙️ Rate Card'!C29,IF(P16="EC2 (Lift & Shift)",'⚙️ Rate Card'!C25,IF(P16="AWS QuickSight",'⚙️ Rate Card'!C27,IF(P16="Power BI",'⚙️ Rate Card'!C28,IF(P16="Custom Reporting Solution",'⚙️ Rate Card'!C26,0)))))+IF(B16="",0,'⚙️ Rate Card'!C33+(D16/100)*'⚙️ Rate Card'!C34))*'⚙️ Rate Card'!C35)*(1-'📊 Dashboard'!C13/100)+(((D16/100)*'⚙️ Rate Card'!C7+F16*'⚙️ Rate Card'!C9+G16*'⚙️ Rate Card'!C10+H16*'⚙️ Rate Card'!C11+I16*'⚙️ Rate Card'!C12+J16*'⚙️ Rate Card'!C13+K16*'⚙️ Rate Card'!C14+(D16/100)*'⚙️ Rate Card'!C8+L16*IF(OR(O16="N/A",O16="None",O16=""),0,IF(O16="High",'⚙️ Rate Card'!C20,IF(O16="Medium",'⚙️ Rate Card'!C19,'⚙️ Rate Card'!C18)))+M16*IF(OR(P16="Decommission",P16=""),'⚙️ Rate Card'!C29,IF(P16="EC2 (Lift & Shift)",'⚙️ Rate Card'!C25,IF(P16="AWS QuickSight",'⚙️ Rate Card'!C27,IF(P16="Power BI",'⚙️ Rate Card'!C28,IF(P16="Custom Reporting Solution",'⚙️ Rate Card'!C26,0)))))+IF(B16="",0,'⚙️ Rate Card'!C33+(D16/100)*'⚙️ Rate Card'!C34))*'⚙️ Rate Card'!C36)*(1-'📊 Dashboard'!C10/100)) -> 0 | T16: =IF(B16="",0,S16*(1+'📊 Dashboard'!C14/100)) -> 0 | U16: =IF(B16="",0,((D16/100)*'⚙️ Rate Card'!C7+F16*'⚙️ Rate Card'!C9+G16*'⚙️ Rate Card'!C10+H16*'⚙️ Rate Card'!C11+I16*'⚙️ Rate Card'!C12+J16*'⚙️ Rate Card'!C13+K16*'⚙️ Rate Card'!C14+(D16/100)*'⚙️ Rate Card'!C8+L16*IF(OR(O16="N/A",O16="None",O16=""),0,IF(O16="High",'⚙️ Rate Card'!C20,IF(O16="Medium",'⚙️ Rate Card'!C19,'⚙️ Rate Card'!C18)))+M16*IF(OR(P16="Decommission",P16=""),'⚙️ Rate Card'!C29,IF(P16="EC2 (Lift & Shift)",'⚙️ Rate Card'!C25,IF(P16="AWS QuickSight",'⚙️ Rate Card'!C27,IF(P16="Power BI",'⚙️ Rate Card'!C28,IF(P16="Custom Reporting Solution",'⚙️ Rate Card'!C26,0)))))+IF(B16="",0,'⚙️ Rate Card'!C33+(D16/100)*'⚙️ Rate Card'!C34))*'⚙️ Rate Card'!C37) -> 0 | V16: =IF(B16="",0,(D16/100)*'⚙️ Rate Card'!C7+F16*'⚙️ Rate Card'!C9+G16*'⚙️ Rate Card'!C10+H16*'⚙️ Rate Card'!C11+I16*'⚙️ Rate Card'!C12+J16*'⚙️ Rate Card'!C13+K16*'⚙️ Rate Card'!C14+(D16/100)*'⚙️ Rate Card'!C8+(D16/100)*'⚙️ Rate Card'!C8) -> 0 | W16: =IF(B16="",0,L16*IF(OR(O16="N/A",O16="None",O16=""),0,IF(O16="High",'⚙️ Rate Card'!C20,IF(O16="Medium",'⚙️ Rate Card'!C19,'⚙️ Rate Card'!C18)))) -> 0 | X16: =IF(B16="",0,M16*IF(OR(P16="Decommission",P16=""),'⚙️ Rate Card'!C29,IF(P16="EC2 (Lift & Shift)",'⚙️ Rate Card'!C25,IF(P16="AWS QuickSight",'⚙️ Rate Card'!C27,IF(P16="Power BI",'⚙️ Rate Card'!C28,IF(P16="Custom Reporting Solution",'⚙️ Rate Card'!C26,0)))))) -> 0 | Y16: =IF(B16="",0,IF(B16="",0,'⚙️ Rate Card'!C33+(D16/100)*'⚙️ Rate Card'!C34)) -> 0 | Z16: =IF(B16="",0,((D16/100)*'⚙️ Rate Card'!C7+F16*'⚙️ Rate Card'!C9+G16*'⚙️ Rate Card'!C10+H16*'⚙️ Rate Card'!C11+I16*'⚙️ Rate Card'!C12+J16*'⚙️ Rate Card'!C13+K16*'⚙️ Rate Card'!C14+(D16/100)*'⚙️ Rate Card'!C8+L16*IF(OR(O16="N/A",O16="None",O16=""),0,IF(O16="High",'⚙️ Rate Card'!C20,IF(O16="Medium",'⚙️ Rate Card'!C19,'⚙️ Rate Card'!C18)))+M16*IF(OR(P16="Decommission",P16=""),'⚙️ Rate Card'!C29,IF(P16="EC2 (Lift & Shift)",'⚙️ Rate Card'!C25,IF(P16="AWS QuickSight",'⚙️ Rate Card'!C27,IF(P16="Power BI",'⚙️ Rate Card'!C28,IF(P16="Custom Reporting Solution",'⚙️ Rate Card'!C26,0)))))+IF(B16="",0,'⚙️ Rate Card'!C33+(D16/100)*'⚙️ Rate Card'!C34))*'⚙️ Rate Card'!C35) -> 0 | AA16: =IF(B16="",0,((D16/100)*'⚙️ Rate Card'!C7+F16*'⚙️ Rate Card'!C9+G16*'⚙️ Rate Card'!C10+H16*'⚙️ Rate Card'!C11+I16*'⚙️ Rate Card'!C12+J16*'⚙️ Rate Card'!C13+K16*'⚙️ Rate Card'!C14+(D16/100)*'⚙️ Rate Card'!C8+L16*IF(OR(O16="N/A",O16="None",O16=""),0,IF(O16="High",'⚙️ Rate Card'!C20,IF(O16="Medium",'⚙️ Rate Card'!C19,'⚙️ Rate Card'!C18)))+M16*IF(OR(P16="Decommission",P16=""),'⚙️ Rate Card'!C29,IF(P16="EC2 (Lift & Shift)",'⚙️ Rate Card'!C25,IF(P16="AWS QuickSight",'⚙️ Rate Card'!C27,IF(P16="Power BI",'⚙️ Rate Card'!C28,IF(P16="Custom Reporting Solution",'⚙️ Rate Card'!C26,0)))))+IF(B16="",0,'⚙️ Rate Card'!C33+(D16/100)*'⚙️ Rate Card'!C34))*'⚙️ Rate Card'!C36) -> 0 | AB16: ='✏️ SME Input'!T17 -> 0 | AC16: =IF(B16="",0,AB16*0.75) -> 0 | AD16: =IF(B16="",0,AB16*0.75) -> 0 | AE16: =IF(B16="",0,AB16*0.75) -> 0 | AF16: =IF(B16="",0,AB16*2.25) -> 0 | AG16: =IF(B16="",0,((D16/100)*'⚙️ Rate Card'!C7+F16*'⚙️ Rate Card'!C9+G16*'⚙️ Rate Card'!C10+H16*'⚙️ Rate Card'!C11+I16*'⚙️ Rate Card'!C12+J16*'⚙️ Rate Card'!C13+K16*'⚙️ Rate Card'!C14+(D16/100)*'⚙️ Rate Card'!C8)*0.4) -> 0 | AH16: =IF(B16="",0,((D16/100)*'⚙️ Rate Card'!C7+F16*'⚙️ Rate Card'!C9+G16*'⚙️ Rate Card'!C10+H16*'⚙️ Rate Card'!C11+I16*'⚙️ Rate Card'!C12+J16*'⚙️ Rate Card'!C13+K16*'⚙️ Rate Card'!C14+(D16/100)*'⚙️ Rate Card'!C8)*0.4) -> 0 | AI16: =IF(B16="",0,((D16/100)*'⚙️ Rate Card'!C7+F16*'⚙️ Rate Card'!C9+G16*'⚙️ Rate Card'!C10+H16*'⚙️ Rate Card'!C11+I16*'⚙️ Rate Card'!C12+J16*'⚙️ Rate Card'!C13+K16*'⚙️ Rate Card'!C14+(D16/100)*'⚙️ Rate Card'!C8)*0.2) -> 0 | AJ16: =IF(B16="",0,(L16*IF(OR(O16="N/A",O16="None",O16=""),0,IF(O16="High",'⚙️ Rate Card'!C20,IF(O16="Medium",'⚙️ Rate Card'!C19,'⚙️ Rate Card'!C18))))*0.5) -> 0 | AK16: =IF(B16="",0,(L16*IF(OR(O16="N/A",O16="None",O16=""),0,IF(O16="High",'⚙️ Rate Card'!C20,IF(O16="Medium",'⚙️ Rate Card'!C19,'⚙️ Rate Card'!C18))))*0.35) -> 0 | AL16: =IF(B16="",0,(L16*IF(OR(O16="N/A",O16="None",O16=""),0,IF(O16="High",'⚙️ Rate Card'!C20,IF(O16="Medium",'⚙️ Rate Card'!C19,'⚙️ Rate Card'!C18))))*0.15) -> 0 | AM16: =IF(B16="",0,AG16+AJ16+(M16*IF(OR(P16="Decommission",P16=""),'⚙️ Rate Card'!C29,IF(P16="EC2 (Lift & Shift)",'⚙️ Rate Card'!C25,IF(P16="AWS QuickSight",'⚙️ Rate Card'!C27,IF(P16="Power BI",'⚙️ Rate Card'!C28,IF(P16="Custom Reporting Solution",'⚙️ Rate Card'!C26,0))))))*0.4+(IF(B16="",0,'⚙️ Rate Card'!C33+(D16/100)*'⚙️ Rate Card'!C34))*0.4+AC16+(((D16/100)*'⚙️ Rate Card'!C7+F16*'⚙️ Rate Card'!C9+G16*'⚙️ Rate Card'!C10+H16*'⚙️ Rate Card'!C11+I16*'⚙️ Rate Card'!C12+J16*'⚙️ Rate Card'!C13+K16*'⚙️ Rate Card'!C14+(D16/100)*'⚙️ Rate Card'!C8+L16*IF(OR(O16="N/A",O16="None",O16=""),0,IF(O16="High",'⚙️ Rate Card'!C20,IF(O16="Medium",'⚙️ Rate Card'!C19,'⚙️ Rate Card'!C18)))+M16*IF(OR(P16="Decommission",P16=""),'⚙️ Rate Card'!C29,IF(P16="EC2 (Lift & Shift)",'⚙️ Rate Card'!C25,IF(P16="AWS QuickSight",'⚙️ Rate Card'!C27,IF(P16="Power BI",'⚙️ Rate Card'!C28,IF(P16="Custom Reporting Solution",'⚙️ Rate Card'!C26,0)))))+IF(B16="",0,'⚙️ Rate Card'!C33+(D16/100)*'⚙️ Rate Card'!C34)))*'⚙️ Rate Card'!C35*0.4+(((D16/100)*'⚙️ Rate Card'!C7+F16*'⚙️ Rate Card'!C9+G16*'⚙️ Rate Card'!C10+H16*'⚙️ Rate Card'!C11+I16*'⚙️ Rate Card'!C12+J16*'⚙️ Rate Card'!C13+K16*'⚙️ Rate Card'!C14+(D16/100)*'⚙️ Rate Card'!C8+L16*IF(OR(O16="N/A",O16="None",O16=""),0,IF(O16="High",'⚙️ Rate Card'!C20,IF(O16="Medium",'⚙️ Rate Card'!C19,'⚙️ Rate Card'!C18)))+M16*IF(OR(P16="Decommission",P16=""),'⚙️ Rate Card'!C29,IF(P16="EC2 (Lift & Shift)",'⚙️ Rate Card'!C25,IF(P16="AWS QuickSight",'⚙️ Rate Card'!C27,IF(P16="Power BI",'⚙️ Rate Card'!C28,IF(P16="Custom Reporting Solution",'⚙️ Rate Card'!C26,0)))))+IF(B16="",0,'⚙️ Rate Card'!C33+(D16/100)*'⚙️ Rate Card'!C34)))*'⚙️ Rate Card'!C36*0.4+(((D16/100)*'⚙️ Rate Card'!C7+F16*'⚙️ Rate Card'!C9+G16*'⚙️ Rate Card'!C10+H16*'⚙️ Rate Card'!C11+I16*'⚙️ Rate Card'!C12+J16*'⚙️ Rate Card'!C13+K16*'⚙️ Rate Card'!C14+(D16/100)*'⚙️ Rate Card'!C8+L16*IF(OR(O16="N/A",O16="None",O16=""),0,IF(O16="High",'⚙️ Rate Card'!C20,IF(O16="Medium",'⚙️ Rate Card'!C19,'⚙️ Rate Card'!C18)))+M16*IF(OR(P16="Decommission",P16=""),'⚙️ Rate Card'!C29,IF(P16="EC2 (Lift & Shift)",'⚙️ Rate Card'!C25,IF(P16="AWS QuickSight",'⚙️ Rate Card'!C27,IF(P16="Power BI",'⚙️ Rate Card'!C28,IF(P16="Custom Reporting Solution",'⚙️ Rate Card'!C26,0)))))+IF(B16="",0,'⚙️ Rate Card'!C33+(D16/100)*'⚙️ Rate Card'!C34)))*'⚙️ Rate Card'!C37*0.4) -> 0 | AN16: =IF(B16="",0,AH16+AK16+(M16*IF(OR(P16="Decommission",P16=""),'⚙️ Rate Card'!C29,IF(P16="EC2 (Lift & Shift)",'⚙️ Rate Card'!C25,IF(P16="AWS QuickSight",'⚙️ Rate Card'!C27,IF(P16="Power BI",'⚙️ Rate Card'!C28,IF(P16="Custom Reporting Solution",'⚙️ Rate Card'!C26,0))))))*0.4+(IF(B16="",0,'⚙️ Rate Card'!C33+(D16/100)*'⚙️ Rate Card'!C34))*0.4+AD16+(((D16/100)*'⚙️ Rate Card'!C7+F16*'⚙️ Rate Card'!C9+G16*'⚙️ Rate Card'!C10+H16*'⚙️ Rate Card'!C11+I16*'⚙️ Rate Card'!C12+J16*'⚙️ Rate Card'!C13+K16*'⚙️ Rate Card'!C14+(D16/100)*'⚙️ Rate Card'!C8+L16*IF(OR(O16="N/A",O16="None",O16=""),0,IF(O16="High",'⚙️ Rate Card'!C20,IF(O16="Medium",'⚙️ Rate Card'!C19,'⚙️ Rate Card'!C18)))+M16*IF(OR(P16="Decommission",P16=""),'⚙️ Rate Card'!C29,IF(P16="EC2 (Lift & Shift)",'⚙️ Rate Card'!C25,IF(P16="AWS QuickSight",'⚙️ Rate Card'!C27,IF(P16="Power BI",'⚙️ Rate Card'!C28,IF(P16="Custom Reporting Solution",'⚙️ Rate Card'!C26,0)))))+IF(B16="",0,'⚙️ Rate Card'!C33+(D16/100)*'⚙️ Rate Card'!C34)))*'⚙️ Rate Card'!C35*0.4+(((D16/100)*'⚙️ Rate Card'!C7+F16*'⚙️ Rate Card'!C9+G16*'⚙️ Rate Card'!C10+H16*'⚙️ Rate Card'!C11+I16*'⚙️ Rate Card'!C12+J16*'⚙️ Rate Card'!C13+K16*'⚙️ Rate Card'!C14+(D16/100)*'⚙️ Rate Card'!C8+L16*IF(OR(O16="N/A",O16="None",O16=""),0,IF(O16="High",'⚙️ Rate Card'!C20,IF(O16="Medium",'⚙️ Rate Card'!C19,'⚙️ Rate Card'!C18)))+M16*IF(OR(P16="Decommission",P16=""),'⚙️ Rate Card'!C29,IF(P16="EC2 (Lift & Shift)",'⚙️ Rate Card'!C25,IF(P16="AWS QuickSight",'⚙️ Rate Card'!C27,IF(P16="Power BI",'⚙️ Rate Card'!C28,IF(P16="Custom Reporting Solution",'⚙️ Rate Card'!C26,0)))))+IF(B16="",0,'⚙️ Rate Card'!C33+(D16/100)*'⚙️ Rate Card'!C34)))*'⚙️ Rate Card'!C36*0.4+(((D16/100)*'⚙️ Rate Card'!C7+F16*'⚙️ Rate Card'!C9+G16*'⚙️ Rate Card'!C10+H16*'⚙️ Rate Card'!C11+I16*'⚙️ Rate Card'!C12+J16*'⚙️ Rate Card'!C13+K16*'⚙️ Rate Card'!C14+(D16/100)*'⚙️ Rate Card'!C8+L16*IF(OR(O16="N/A",O16="None",O16=""),0,IF(O16="High",'⚙️ Rate Card'!C20,IF(O16="Medium",'⚙️ Rate Card'!C19,'⚙️ Rate Card'!C18)))+M16*IF(OR(P16="Decommission",P16=""),'⚙️ Rate Card'!C29,IF(P16="EC2 (Lift & Shift)",'⚙️ Rate Card'!C25,IF(P16="AWS QuickSight",'⚙️ Rate Card'!C27,IF(P16="Power BI",'⚙️ Rate Card'!C28,IF(P16="Custom Reporting Solution",'⚙️ Rate Card'!C26,0)))))+IF(B16="",0,'⚙️ Rate Card'!C33+(D16/100)*'⚙️ Rate Card'!C34)))*'⚙️ Rate Card'!C37*0.4) -> 0 | AO16: =IF(B16="",0,AI16+AL16+(M16*IF(OR(P16="Decommission",P16=""),'⚙️ Rate Card'!C29,IF(P16="EC2 (Lift & Shift)",'⚙️ Rate Card'!C25,IF(P16="AWS QuickSight",'⚙️ Rate Card'!C27,IF(P16="Power BI",'⚙️ Rate Card'!C28,IF(P16="Custom Reporting Solution",'⚙️ Rate Card'!C26,0))))))*0.2+(IF(B16="",0,'⚙️ Rate Card'!C33+(D16/100)*'⚙️ Rate Card'!C34))*0.2+AE16+(((D16/100)*'⚙️ Rate Card'!C7+F16*'⚙️ Rate Card'!C9+G16*'⚙️ Rate Card'!C10+H16*'⚙️ Rate Card'!C11+I16*'⚙️ Rate Card'!C12+J16*'⚙️ Rate Card'!C13+K16*'⚙️ Rate Card'!C14+(D16/100)*'⚙️ Rate Card'!C8+L16*IF(OR(O16="N/A",O16="None",O16=""),0,IF(O16="High",'⚙️ Rate Card'!C20,IF(O16="Medium",'⚙️ Rate Card'!C19,'⚙️ Rate Card'!C18)))+M16*IF(OR(P16="Decommission",P16=""),'⚙️ Rate Card'!C29,IF(P16="EC2 (Lift & Shift)",'⚙️ Rate Card'!C25,IF(P16="AWS QuickSight",'⚙️ Rate Card'!C27,IF(P16="Power BI",'⚙️ Rate Card'!C28,IF(P16="Custom Reporting Solution",'⚙️ Rate Card'!C26,0)))))+IF(B16="",0,'⚙️ Rate Card'!C33+(D16/100)*'⚙️ Rate Card'!C34)))*'⚙️ Rate Card'!C35*0.2+(((D16/100)*'⚙️ Rate Card'!C7+F16*'⚙️ Rate Card'!C9+G16*'⚙️ Rate Card'!C10+H16*'⚙️ Rate Card'!C11+I16*'⚙️ Rate Card'!C12+J16*'⚙️ Rate Card'!C13+K16*'⚙️ Rate Card'!C14+(D16/100)*'⚙️ Rate Card'!C8+L16*IF(OR(O16="N/A",O16="None",O16=""),0,IF(O16="High",'⚙️ Rate Card'!C20,IF(O16="Medium",'⚙️ Rate Card'!C19,'⚙️ Rate Card'!C18)))+M16*IF(OR(P16="Decommission",P16=""),'⚙️ Rate Card'!C29,IF(P16="EC2 (Lift & Shift)",'⚙️ Rate Card'!C25,IF(P16="AWS QuickSight",'⚙️ Rate Card'!C27,IF(P16="Power BI",'⚙️ Rate Card'!C28,IF(P16="Custom Reporting Solution",'⚙️ Rate Card'!C26,0)))))+IF(B16="",0,'⚙️ Rate Card'!C33+(D16/100)*'⚙️ Rate Card'!C34)))*'⚙️ Rate Card'!C36*0.2+(((D16/100)*'⚙️ Rate Card'!C7+F16*'⚙️ Rate Card'!C9+G16*'⚙️ Rate Card'!C10+H16*'⚙️ Rate Card'!C11+I16*'⚙️ Rate Card'!C12+J16*'⚙️ Rate Card'!C13+K16*'⚙️ Rate Card'!C14+(D16/100)*'⚙️ Rate Card'!C8+L16*IF(OR(O16="N/A",O16="None",O16=""),0,IF(O16="High",'⚙️ Rate Card'!C20,IF(O16="Medium",'⚙️ Rate Card'!C19,'⚙️ Rate Card'!C18)))+M16*IF(OR(P16="Decommission",P16=""),'⚙️ Rate Card'!C29,IF(P16="EC2 (Lift & Shift)",'⚙️ Rate Card'!C25,IF(P16="AWS QuickSight",'⚙️ Rate Card'!C27,IF(P16="Power BI",'⚙️ Rate Card'!C28,IF(P16="Custom Reporting Solution",'⚙️ Rate Card'!C26,0)))))+IF(B16="",0,'⚙️ Rate Card'!C33+(D16/100)*'⚙️ Rate Card'!C34)))*'⚙️ Rate Card'!C37*0.2) -> 0 | AP16: ='✏️ SME Input'!B17 -> 0 | AQ16: ='✏️ SME Input'!C17 -> 0 | AR16: ='✏️ SME Input'!D17 -> 0
B17: ='✏️ SME Input'!E18 -> 0 | C17: =IF(B17="","",IF(D17>1000,"T3 Complex",IF(D17>500,"T2 Moderate","T1 Simple"))) | D17: ='✏️ SME Input'!G18 -> 0 | E17: ='✏️ SME Input'!H18 -> 0 | F17: ='✏️ SME Input'!I18 -> 0 | G17: ='✏️ SME Input'!J18 -> 0 | H17: ='✏️ SME Input'!K18 -> 0 | I17: ='✏️ SME Input'!L18 -> 0 | J17: ='✏️ SME Input'!M18 -> 0 | K17: ='✏️ SME Input'!N18 -> 0 | ... P17: ='✏️ SME Input'!S18 -> 0 | Q17: ='✏️ SME Input'!F18 -> 0 | R17: =IF(B17="",0,((D17/100)*'⚙️ Rate Card'!C7+F17*'⚙️ Rate Card'!C9+G17*'⚙️ Rate Card'!C10+H17*'⚙️ Rate Card'!C11+I17*'⚙️ Rate Card'!C12+J17*'⚙️ Rate Card'!C13+K17*'⚙️ Rate Card'!C14+(D17/100)*'⚙️ Rate Card'!C8+L17*IF(OR(O17="N/A",O17="None",O17=""),0,IF(O17="High",'⚙️ Rate Card'!C20,IF(O17="Medium",'⚙️ Rate Card'!C19,'⚙️ Rate Card'!C18)))+M17*IF(OR(P17="Decommission",P17=""),'⚙️ Rate Card'!C29,IF(P17="EC2 (Lift & Shift)",'⚙️ Rate Card'!C25,IF(P17="AWS QuickSight",'⚙️ Rate Card'!C27,IF(P17="Power BI",'⚙️ Rate Card'!C28,IF(P17="Custom Reporting Solution",'⚙️ Rate Card'!C26,0)))))+IF(B17="",0,'⚙️ Rate Card'!C33+(D17/100)*'⚙️ Rate Card'!C34))*'⚙️ Rate Card'!C37+(D17/100)*'⚙️ Rate Card'!C7+F17*'⚙️ Rate Card'!C9+G17*'⚙️ Rate Card'!C10+H17*'⚙️ Rate Card'!C11+I17*'⚙️ Rate Card'!C12+J17*'⚙️ Rate Card'!C13+K17*'⚙️ Rate Card'!C14+(D17/100)*'⚙️ Rate Card'!C8+(D17/100)*'⚙️ Rate Card'!C8+L17*IF(OR(O17="N/A",O17="None",O17=""),0,IF(O17="High",'⚙️ Rate Card'!C20,IF(O17="Medium",'⚙️ Rate Card'!C19,'⚙️ Rate Card'!C18)))+M17*IF(OR(P17="Decommission",P17=""),'⚙️ Rate Card'!C29,IF(P17="EC2 (Lift & Shift)",'⚙️ Rate Card'!C25,IF(P17="AWS QuickSight",'⚙️ Rate Card'!C27,IF(P17="Power BI",'⚙️ Rate Card'!C28,IF(P17="Custom Reporting Solution",'⚙️ Rate Card'!C26,0)))))+IF(B17="",0,'⚙️ Rate Card'!C33+(D17/100)*'⚙️ Rate Card'!C34)+((D17/100)*'⚙️ Rate Card'!C7+F17*'⚙️ Rate Card'!C9+G17*'⚙️ Rate Card'!C10+H17*'⚙️ Rate Card'!C11+I17*'⚙️ Rate Card'!C12+J17*'⚙️ Rate Card'!C13+K17*'⚙️ Rate Card'!C14+(D17/100)*'⚙️ Rate Card'!C8+L17*IF(OR(O17="N/A",O17="None",O17=""),0,IF(O17="High",'⚙️ Rate Card'!C20,IF(O17="Medium",'⚙️ Rate Card'!C19,'⚙️ Rate Card'!C18)))+M17*IF(OR(P17="Decommission",P17=""),'⚙️ Rate Card'!C29,IF(P17="EC2 (Lift & Shift)",'⚙️ Rate Card'!C25,IF(P17="AWS QuickSight",'⚙️ Rate Card'!C27,IF(P17="Power BI",'⚙️ Rate Card'!C28,IF(P17="Custom Reporting Solution",'⚙️ Rate Card'!C26,0)))))+IF(B17="",0,'⚙️ Rate Card'!C33+(D17/100)*'⚙️ Rate Card'!C34))*'⚙️ Rate Card'!C35+((D17/100)*'⚙️ Rate Card'!C7+F17*'⚙️ Rate Card'!C9+G17*'⚙️ Rate Card'!C10+H17*'⚙️ Rate Card'!C11+I17*'⚙️ Rate Card'!C12+J17*'⚙️ Rate Card'!C13+K17*'⚙️ Rate Card'!C14+(D17/100)*'⚙️ Rate Card'!C8+L17*IF(OR(O17="N/A",O17="None",O17=""),0,IF(O17="High",'⚙️ Rate Card'!C20,IF(O17="Medium",'⚙️ Rate Card'!C19,'⚙️ Rate Card'!C18)))+M17*IF(OR(P17="Decommission",P17=""),'⚙️ Rate Card'!C29,IF(P17="EC2 (Lift & Shift)",'⚙️ Rate Card'!C25,IF(P17="AWS QuickSight",'⚙️ Rate Card'!C27,IF(P17="Power BI",'⚙️ Rate Card'!C28,IF(P17="Custom Reporting Solution",'⚙️ Rate Card'!C26,0)))))+IF(B17="",0,'⚙️ Rate Card'!C33+(D17/100)*'⚙️ Rate Card'!C34))*'⚙️ Rate Card'!C36) -> 0 | S17: =IF(B17="",0,(((D17/100)*'⚙️ Rate Card'!C7+F17*'⚙️ Rate Card'!C9+G17*'⚙️ Rate Card'!C10+H17*'⚙️ Rate Card'!C11+I17*'⚙️ Rate Card'!C12+J17*'⚙️ Rate Card'!C13+K17*'⚙️ Rate Card'!C14+(D17/100)*'⚙️ Rate Card'!C8+L17*IF(OR(O17="N/A",O17="None",O17=""),0,IF(O17="High",'⚙️ Rate Card'!C20,IF(O17="Medium",'⚙️ Rate Card'!C19,'⚙️ Rate Card'!C18)))+M17*IF(OR(P17="Decommission",P17=""),'⚙️ Rate Card'!C29,IF(P17="EC2 (Lift & Shift)",'⚙️ Rate Card'!C25,IF(P17="AWS QuickSight",'⚙️ Rate Card'!C27,IF(P17="Power BI",'⚙️ Rate Card'!C28,IF(P17="Custom Reporting Solution",'⚙️ Rate Card'!C26,0)))))+IF(B17="",0,'⚙️ Rate Card'!C33+(D17/100)*'⚙️ Rate Card'!C34))*'⚙️ Rate Card'!C37)*(1-'📊 Dashboard'!C10/100)+(((D17/100)*'⚙️ Rate Card'!C7+F17*'⚙️ Rate Card'!C9+G17*'⚙️ Rate Card'!C10+H17*'⚙️ Rate Card'!C11+I17*'⚙️ Rate Card'!C12+J17*'⚙️ Rate Card'!C13+K17*'⚙️ Rate Card'!C14+(D17/100)*'⚙️ Rate Card'!C8+(D17/100)*'⚙️ Rate Card'!C8))*(1-'📊 Dashboard'!C10/100)+(L17*IF(OR(O17="N/A",O17="None",O17=""),0,IF(O17="High",'⚙️ Rate Card'!C20,IF(O17="Medium",'⚙️ Rate Card'!C19,'⚙️ Rate Card'!C18))))*(1-'📊 Dashboard'!C11/100)+(M17*IF(OR(P17="Decommission",P17=""),'⚙️ Rate Card'!C29,IF(P17="EC2 (Lift & Shift)",'⚙️ Rate Card'!C25,IF(P17="AWS QuickSight",'⚙️ Rate Card'!C27,IF(P17="Power BI",'⚙️ Rate Card'!C28,IF(P17="Custom Reporting Solution",'⚙️ Rate Card'!C26,0))))))*(1-'📊 Dashboard'!C12/100)+(IF(B17="",0,'⚙️ Rate Card'!C33+(D17/100)*'⚙️ Rate Card'!C34))*(1-'📊 Dashboard'!C10/100)+(((D17/100)*'⚙️ Rate Card'!C7+F17*'⚙️ Rate Card'!C9+G17*'⚙️ Rate Card'!C10+H17*'⚙️ Rate Card'!C11+I17*'⚙️ Rate Card'!C12+J17*'⚙️ Rate Card'!C13+K17*'⚙️ Rate Card'!C14+(D17/100)*'⚙️ Rate Card'!C8+L17*IF(OR(O17="N/A",O17="None",O17=""),0,IF(O17="High",'⚙️ Rate Card'!C20,IF(O17="Medium",'⚙️ Rate Card'!C19,'⚙️ Rate Card'!C18)))+M17*IF(OR(P17="Decommission",P17=""),'⚙️ Rate Card'!C29,IF(P17="EC2 (Lift & Shift)",'⚙️ Rate Card'!C25,IF(P17="AWS QuickSight",'⚙️ Rate Card'!C27,IF(P17="Power BI",'⚙️ Rate Card'!C28,IF(P17="Custom Reporting Solution",'⚙️ Rate Card'!C26,0)))))+IF(B17="",0,'⚙️ Rate Card'!C33+(D17/100)*'⚙️ Rate Card'!C34))*'⚙️ Rate Card'!C35)*(1-'📊 Dashboard'!C13/100)+(((D17/100)*'⚙️ Rate Card'!C7+F17*'⚙️ Rate Card'!C9+G17*'⚙️ Rate Card'!C10+H17*'⚙️ Rate Card'!C11+I17*'⚙️ Rate Card'!C12+J17*'⚙️ Rate Card'!C13+K17*'⚙️ Rate Card'!C14+(D17/100)*'⚙️ Rate Card'!C8+L17*IF(OR(O17="N/A",O17="None",O17=""),0,IF(O17="High",'⚙️ Rate Card'!C20,IF(O17="Medium",'⚙️ Rate Card'!C19,'⚙️ Rate Card'!C18)))+M17*IF(OR(P17="Decommission",P17=""),'⚙️ Rate Card'!C29,IF(P17="EC2 (Lift & Shift)",'⚙️ Rate Card'!C25,IF(P17="AWS QuickSight",'⚙️ Rate Card'!C27,IF(P17="Power BI",'⚙️ Rate Card'!C28,IF(P17="Custom Reporting Solution",'⚙️ Rate Card'!C26,0)))))+IF(B17="",0,'⚙️ Rate Card'!C33+(D17/100)*'⚙️ Rate Card'!C34))*'⚙️ Rate Card'!C36)*(1-'📊 Dashboard'!C10/100)) -> 0 | T17: =IF(B17="",0,S17*(1+'📊 Dashboard'!C14/100)) -> 0 | U17: =IF(B17="",0,((D17/100)*'⚙️ Rate Card'!C7+F17*'⚙️ Rate Card'!C9+G17*'⚙️ Rate Card'!C10+H17*'⚙️ Rate Card'!C11+I17*'⚙️ Rate Card'!C12+J17*'⚙️ Rate Card'!C13+K17*'⚙️ Rate Card'!C14+(D17/100)*'⚙️ Rate Card'!C8+L17*IF(OR(O17="N/A",O17="None",O17=""),0,IF(O17="High",'⚙️ Rate Card'!C20,IF(O17="Medium",'⚙️ Rate Card'!C19,'⚙️ Rate Card'!C18)))+M17*IF(OR(P17="Decommission",P17=""),'⚙️ Rate Card'!C29,IF(P17="EC2 (Lift & Shift)",'⚙️ Rate Card'!C25,IF(P17="AWS QuickSight",'⚙️ Rate Card'!C27,IF(P17="Power BI",'⚙️ Rate Card'!C28,IF(P17="Custom Reporting Solution",'⚙️ Rate Card'!C26,0)))))+IF(B17="",0,'⚙️ Rate Card'!C33+(D17/100)*'⚙️ Rate Card'!C34))*'⚙️ Rate Card'!C37) -> 0 | V17: =IF(B17="",0,(D17/100)*'⚙️ Rate Card'!C7+F17*'⚙️ Rate Card'!C9+G17*'⚙️ Rate Card'!C10+H17*'⚙️ Rate Card'!C11+I17*'⚙️ Rate Card'!C12+J17*'⚙️ Rate Card'!C13+K17*'⚙️ Rate Card'!C14+(D17/100)*'⚙️ Rate Card'!C8+(D17/100)*'⚙️ Rate Card'!C8) -> 0 | W17: =IF(B17="",0,L17*IF(OR(O17="N/A",O17="None",O17=""),0,IF(O17="High",'⚙️ Rate Card'!C20,IF(O17="Medium",'⚙️ Rate Card'!C19,'⚙️ Rate Card'!C18)))) -> 0 | X17: =IF(B17="",0,M17*IF(OR(P17="Decommission",P17=""),'⚙️ Rate Card'!C29,IF(P17="EC2 (Lift & Shift)",'⚙️ Rate Card'!C25,IF(P17="AWS QuickSight",'⚙️ Rate Card'!C27,IF(P17="Power BI",'⚙️ Rate Card'!C28,IF(P17="Custom Reporting Solution",'⚙️ Rate Card'!C26,0)))))) -> 0 | Y17: =IF(B17="",0,IF(B17="",0,'⚙️ Rate Card'!C33+(D17/100)*'⚙️ Rate Card'!C34)) -> 0 | Z17: =IF(B17="",0,((D17/100)*'⚙️ Rate Card'!C7+F17*'⚙️ Rate Card'!C9+G17*'⚙️ Rate Card'!C10+H17*'⚙️ Rate Card'!C11+I17*'⚙️ Rate Card'!C12+J17*'⚙️ Rate Card'!C13+K17*'⚙️ Rate Card'!C14+(D17/100)*'⚙️ Rate Card'!C8+L17*IF(OR(O17="N/A",O17="None",O17=""),0,IF(O17="High",'⚙️ Rate Card'!C20,IF(O17="Medium",'⚙️ Rate Card'!C19,'⚙️ Rate Card'!C18)))+M17*IF(OR(P17="Decommission",P17=""),'⚙️ Rate Card'!C29,IF(P17="EC2 (Lift & Shift)",'⚙️ Rate Card'!C25,IF(P17="AWS QuickSight",'⚙️ Rate Card'!C27,IF(P17="Power BI",'⚙️ Rate Card'!C28,IF(P17="Custom Reporting Solution",'⚙️ Rate Card'!C26,0)))))+IF(B17="",0,'⚙️ Rate Card'!C33+(D17/100)*'⚙️ Rate Card'!C34))*'⚙️ Rate Card'!C35) -> 0 | AA17: =IF(B17="",0,((D17/100)*'⚙️ Rate Card'!C7+F17*'⚙️ Rate Card'!C9+G17*'⚙️ Rate Card'!C10+H17*'⚙️ Rate Card'!C11+I17*'⚙️ Rate Card'!C12+J17*'⚙️ Rate Card'!C13+K17*'⚙️ Rate Card'!C14+(D17/100)*'⚙️ Rate Card'!C8+L17*IF(OR(O17="N/A",O17="None",O17=""),0,IF(O17="High",'⚙️ Rate Card'!C20,IF(O17="Medium",'⚙️ Rate Card'!C19,'⚙️ Rate Card'!C18)))+M17*IF(OR(P17="Decommission",P17=""),'⚙️ Rate Card'!C29,IF(P17="EC2 (Lift & Shift)",'⚙️ Rate Card'!C25,IF(P17="AWS QuickSight",'⚙️ Rate Card'!C27,IF(P17="Power BI",'⚙️ Rate Card'!C28,IF(P17="Custom Reporting Solution",'⚙️ Rate Card'!C26,0)))))+IF(B17="",0,'⚙️ Rate Card'!C33+(D17/100)*'⚙️ Rate Card'!C34))*'⚙️ Rate Card'!C36) -> 0 | AB17: ='✏️ SME Input'!T18 -> 0 | AC17: =IF(B17="",0,AB17*0.75) -> 0 | AD17: =IF(B17="",0,AB17*0.75) -> 0 | AE17: =IF(B17="",0,AB17*0.75) -> 0 | AF17: =IF(B17="",0,AB17*2.25) -> 0 | AG17: =IF(B17="",0,((D17/100)*'⚙️ Rate Card'!C7+F17*'⚙️ Rate Card'!C9+G17*'⚙️ Rate Card'!C10+H17*'⚙️ Rate Card'!C11+I17*'⚙️ Rate Card'!C12+J17*'⚙️ Rate Card'!C13+K17*'⚙️ Rate Card'!C14+(D17/100)*'⚙️ Rate Card'!C8)*0.4) -> 0 | AH17: =IF(B17="",0,((D17/100)*'⚙️ Rate Card'!C7+F17*'⚙️ Rate Card'!C9+G17*'⚙️ Rate Card'!C10+H17*'⚙️ Rate Card'!C11+I17*'⚙️ Rate Card'!C12+J17*'⚙️ Rate Card'!C13+K17*'⚙️ Rate Card'!C14+(D17/100)*'⚙️ Rate Card'!C8)*0.4) -> 0 | AI17: =IF(B17="",0,((D17/100)*'⚙️ Rate Card'!C7+F17*'⚙️ Rate Card'!C9+G17*'⚙️ Rate Card'!C10+H17*'⚙️ Rate Card'!C11+I17*'⚙️ Rate Card'!C12+J17*'⚙️ Rate Card'!C13+K17*'⚙️ Rate Card'!C14+(D17/100)*'⚙️ Rate Card'!C8)*0.2) -> 0 | AJ17: =IF(B17="",0,(L17*IF(OR(O17="N/A",O17="None",O17=""),0,IF(O17="High",'⚙️ Rate Card'!C20,IF(O17="Medium",'⚙️ Rate Card'!C19,'⚙️ Rate Card'!C18))))*0.5) -> 0 | AK17: =IF(B17="",0,(L17*IF(OR(O17="N/A",O17="None",O17=""),0,IF(O17="High",'⚙️ Rate Card'!C20,IF(O17="Medium",'⚙️ Rate Card'!C19,'⚙️ Rate Card'!C18))))*0.35) -> 0 | AL17: =IF(B17="",0,(L17*IF(OR(O17="N/A",O17="None",O17=""),0,IF(O17="High",'⚙️ Rate Card'!C20,IF(O17="Medium",'⚙️ Rate Card'!C19,'⚙️ Rate Card'!C18))))*0.15) -> 0 | AM17: =IF(B17="",0,AG17+AJ17+(M17*IF(OR(P17="Decommission",P17=""),'⚙️ Rate Card'!C29,IF(P17="EC2 (Lift & Shift)",'⚙️ Rate Card'!C25,IF(P17="AWS QuickSight",'⚙️ Rate Card'!C27,IF(P17="Power BI",'⚙️ Rate Card'!C28,IF(P17="Custom Reporting Solution",'⚙️ Rate Card'!C26,0))))))*0.4+(IF(B17="",0,'⚙️ Rate Card'!C33+(D17/100)*'⚙️ Rate Card'!C34))*0.4+AC17+(((D17/100)*'⚙️ Rate Card'!C7+F17*'⚙️ Rate Card'!C9+G17*'⚙️ Rate Card'!C10+H17*'⚙️ Rate Card'!C11+I17*'⚙️ Rate Card'!C12+J17*'⚙️ Rate Card'!C13+K17*'⚙️ Rate Card'!C14+(D17/100)*'⚙️ Rate Card'!C8+L17*IF(OR(O17="N/A",O17="None",O17=""),0,IF(O17="High",'⚙️ Rate Card'!C20,IF(O17="Medium",'⚙️ Rate Card'!C19,'⚙️ Rate Card'!C18)))+M17*IF(OR(P17="Decommission",P17=""),'⚙️ Rate Card'!C29,IF(P17="EC2 (Lift & Shift)",'⚙️ Rate Card'!C25,IF(P17="AWS QuickSight",'⚙️ Rate Card'!C27,IF(P17="Power BI",'⚙️ Rate Card'!C28,IF(P17="Custom Reporting Solution",'⚙️ Rate Card'!C26,0)))))+IF(B17="",0,'⚙️ Rate Card'!C33+(D17/100)*'⚙️ Rate Card'!C34)))*'⚙️ Rate Card'!C35*0.4+(((D17/100)*'⚙️ Rate Card'!C7+F17*'⚙️ Rate Card'!C9+G17*'⚙️ Rate Card'!C10+H17*'⚙️ Rate Card'!C11+I17*'⚙️ Rate Card'!C12+J17*'⚙️ Rate Card'!C13+K17*'⚙️ Rate Card'!C14+(D17/100)*'⚙️ Rate Card'!C8+L17*IF(OR(O17="N/A",O17="None",O17=""),0,IF(O17="High",'⚙️ Rate Card'!C20,IF(O17="Medium",'⚙️ Rate Card'!C19,'⚙️ Rate Card'!C18)))+M17*IF(OR(P17="Decommission",P17=""),'⚙️ Rate Card'!C29,IF(P17="EC2 (Lift & Shift)",'⚙️ Rate Card'!C25,IF(P17="AWS QuickSight",'⚙️ Rate Card'!C27,IF(P17="Power BI",'⚙️ Rate Card'!C28,IF(P17="Custom Reporting Solution",'⚙️ Rate Card'!C26,0)))))+IF(B17="",0,'⚙️ Rate Card'!C33+(D17/100)*'⚙️ Rate Card'!C34)))*'⚙️ Rate Card'!C36*0.4+(((D17/100)*'⚙️ Rate Card'!C7+F17*'⚙️ Rate Card'!C9+G17*'⚙️ Rate Card'!C10+H17*'⚙️ Rate Card'!C11+I17*'⚙️ Rate Card'!C12+J17*'⚙️ Rate Card'!C13+K17*'⚙️ Rate Card'!C14+(D17/100)*'⚙️ Rate Card'!C8+L17*IF(OR(O17="N/A",O17="None",O17=""),0,IF(O17="High",'⚙️ Rate Card'!C20,IF(O17="Medium",'⚙️ Rate Card'!C19,'⚙️ Rate Card'!C18)))+M17*IF(OR(P17="Decommission",P17=""),'⚙️ Rate Card'!C29,IF(P17="EC2 (Lift & Shift)",'⚙️ Rate Card'!C25,IF(P17="AWS QuickSight",'⚙️ Rate Card'!C27,IF(P17="Power BI",'⚙️ Rate Card'!C28,IF(P17="Custom Reporting Solution",'⚙️ Rate Card'!C26,0)))))+IF(B17="",0,'⚙️ Rate Card'!C33+(D17/100)*'⚙️ Rate Card'!C34)))*'⚙️ Rate Card'!C37*0.4) -> 0 | AN17: =IF(B17="",0,AH17+AK17+(M17*IF(OR(P17="Decommission",P17=""),'⚙️ Rate Card'!C29,IF(P17="EC2 (Lift & Shift)",'⚙️ Rate Card'!C25,IF(P17="AWS QuickSight",'⚙️ Rate Card'!C27,IF(P17="Power BI",'⚙️ Rate Card'!C28,IF(P17="Custom Reporting Solution",'⚙️ Rate Card'!C26,0))))))*0.4+(IF(B17="",0,'⚙️ Rate Card'!C33+(D17/100)*'⚙️ Rate Card'!C34))*0.4+AD17+(((D17/100)*'⚙️ Rate Card'!C7+F17*'⚙️ Rate Card'!C9+G17*'⚙️ Rate Card'!C10+H17*'⚙️ Rate Card'!C11+I17*'⚙️ Rate Card'!C12+J17*'⚙️ Rate Card'!C13+K17*'⚙️ Rate Card'!C14+(D17/100)*'⚙️ Rate Card'!C8+L17*IF(OR(O17="N/A",O17="None",O17=""),0,IF(O17="High",'⚙️ Rate Card'!C20,IF(O17="Medium",'⚙️ Rate Card'!C19,'⚙️ Rate Card'!C18)))+M17*IF(OR(P17="Decommission",P17=""),'⚙️ Rate Card'!C29,IF(P17="EC2 (Lift & Shift)",'⚙️ Rate Card'!C25,IF(P17="AWS QuickSight",'⚙️ Rate Card'!C27,IF(P17="Power BI",'⚙️ Rate Card'!C28,IF(P17="Custom Reporting Solution",'⚙️ Rate Card'!C26,0)))))+IF(B17="",0,'⚙️ Rate Card'!C33+(D17/100)*'⚙️ Rate Card'!C34)))*'⚙️ Rate Card'!C35*0.4+(((D17/100)*'⚙️ Rate Card'!C7+F17*'⚙️ Rate Card'!C9+G17*'⚙️ Rate Card'!C10+H17*'⚙️ Rate Card'!C11+I17*'⚙️ Rate Card'!C12+J17*'⚙️ Rate Card'!C13+K17*'⚙️ Rate Card'!C14+(D17/100)*'⚙️ Rate Card'!C8+L17*IF(OR(O17="N/A",O17="None",O17=""),0,IF(O17="High",'⚙️ Rate Card'!C20,IF(O17="Medium",'⚙️ Rate Card'!C19,'⚙️ Rate Card'!C18)))+M17*IF(OR(P17="Decommission",P17=""),'⚙️ Rate Card'!C29,IF(P17="EC2 (Lift & Shift)",'⚙️ Rate Card'!C25,IF(P17="AWS QuickSight",'⚙️ Rate Card'!C27,IF(P17="Power BI",'⚙️ Rate Card'!C28,IF(P17="Custom Reporting Solution",'⚙️ Rate Card'!C26,0)))))+IF(B17="",0,'⚙️ Rate Card'!C33+(D17/100)*'⚙️ Rate Card'!C34)))*'⚙️ Rate Card'!C36*0.4+(((D17/100)*'⚙️ Rate Card'!C7+F17*'⚙️ Rate Card'!C9+G17*'⚙️ Rate Card'!C10+H17*'⚙️ Rate Card'!C11+I17*'⚙️ Rate Card'!C12+J17*'⚙️ Rate Card'!C13+K17*'⚙️ Rate Card'!C14+(D17/100)*'⚙️ Rate Card'!C8+L17*IF(OR(O17="N/A",O17="None",O17=""),0,IF(O17="High",'⚙️ Rate Card'!C20,IF(O17="Medium",'⚙️ Rate Card'!C19,'⚙️ Rate Card'!C18)))+M17*IF(OR(P17="Decommission",P17=""),'⚙️ Rate Card'!C29,IF(P17="EC2 (Lift & Shift)",'⚙️ Rate Card'!C25,IF(P17="AWS QuickSight",'⚙️ Rate Card'!C27,IF(P17="Power BI",'⚙️ Rate Card'!C28,IF(P17="Custom Reporting Solution",'⚙️ Rate Card'!C26,0)))))+IF(B17="",0,'⚙️ Rate Card'!C33+(D17/100)*'⚙️ Rate Card'!C34)))*'⚙️ Rate Card'!C37*0.4) -> 0 | AO17: =IF(B17="",0,AI17+AL17+(M17*IF(OR(P17="Decommission",P17=""),'⚙️ Rate Card'!C29,IF(P17="EC2 (Lift & Shift)",'⚙️ Rate Card'!C25,IF(P17="AWS QuickSight",'⚙️ Rate Card'!C27,IF(P17="Power BI",'⚙️ Rate Card'!C28,IF(P17="Custom Reporting Solution",'⚙️ Rate Card'!C26,0))))))*0.2+(IF(B17="",0,'⚙️ Rate Card'!C33+(D17/100)*'⚙️ Rate Card'!C34))*0.2+AE17+(((D17/100)*'⚙️ Rate Card'!C7+F17*'⚙️ Rate Card'!C9+G17*'⚙️ Rate Card'!C10+H17*'⚙️ Rate Card'!C11+I17*'⚙️ Rate Card'!C12+J17*'⚙️ Rate Card'!C13+K17*'⚙️ Rate Card'!C14+(D17/100)*'⚙️ Rate Card'!C8+L17*IF(OR(O17="N/A",O17="None",O17=""),0,IF(O17="High",'⚙️ Rate Card'!C20,IF(O17="Medium",'⚙️ Rate Card'!C19,'⚙️ Rate Card'!C18)))+M17*IF(OR(P17="Decommission",P17=""),'⚙️ Rate Card'!C29,IF(P17="EC2 (Lift & Shift)",'⚙️ Rate Card'!C25,IF(P17="AWS QuickSight",'⚙️ Rate Card'!C27,IF(P17="Power BI",'⚙️ Rate Card'!C28,IF(P17="Custom Reporting Solution",'⚙️ Rate Card'!C26,0)))))+IF(B17="",0,'⚙️ Rate Card'!C33+(D17/100)*'⚙️ Rate Card'!C34)))*'⚙️ Rate Card'!C35*0.2+(((D17/100)*'⚙️ Rate Card'!C7+F17*'⚙️ Rate Card'!C9+G17*'⚙️ Rate Card'!C10+H17*'⚙️ Rate Card'!C11+I17*'⚙️ Rate Card'!C12+J17*'⚙️ Rate Card'!C13+K17*'⚙️ Rate Card'!C14+(D17/100)*'⚙️ Rate Card'!C8+L17*IF(OR(O17="N/A",O17="None",O17=""),0,IF(O17="High",'⚙️ Rate Card'!C20,IF(O17="Medium",'⚙️ Rate Card'!C19,'⚙️ Rate Card'!C18)))+M17*IF(OR(P17="Decommission",P17=""),'⚙️ Rate Card'!C29,IF(P17="EC2 (Lift & Shift)",'⚙️ Rate Card'!C25,IF(P17="AWS QuickSight",'⚙️ Rate Card'!C27,IF(P17="Power BI",'⚙️ Rate Card'!C28,IF(P17="Custom Reporting Solution",'⚙️ Rate Card'!C26,0)))))+IF(B17="",0,'⚙️ Rate Card'!C33+(D17/100)*'⚙️ Rate Card'!C34)))*'⚙️ Rate Card'!C36*0.2+(((D17/100)*'⚙️ Rate Card'!C7+F17*'⚙️ Rate Card'!C9+G17*'⚙️ Rate Card'!C10+H17*'⚙️ Rate Card'!C11+I17*'⚙️ Rate Card'!C12+J17*'⚙️ Rate Card'!C13+K17*'⚙️ Rate Card'!C14+(D17/100)*'⚙️ Rate Card'!C8+L17*IF(OR(O17="N/A",O17="None",O17=""),0,IF(O17="High",'⚙️ Rate Card'!C20,IF(O17="Medium",'⚙️ Rate Card'!C19,'⚙️ Rate Card'!C18)))+M17*IF(OR(P17="Decommission",P17=""),'⚙️ Rate Card'!C29,IF(P17="EC2 (Lift & Shift)",'⚙️ Rate Card'!C25,IF(P17="AWS QuickSight",'⚙️ Rate Card'!C27,IF(P17="Power BI",'⚙️ Rate Card'!C28,IF(P17="Custom Reporting Solution",'⚙️ Rate Card'!C26,0)))))+IF(B17="",0,'⚙️ Rate Card'!C33+(D17/100)*'⚙️ Rate Card'!C34)))*'⚙️ Rate Card'!C37*0.2) -> 0 | AP17: ='✏️ SME Input'!B18 -> 0 | AQ17: ='✏️ SME Input'!C18 -> 0 | AR17: ='✏️ SME Input'!D18 -> 0
B18: ='✏️ SME Input'!E19 -> 0 | C18: =IF(B18="","",IF(D18>1000,"T3 Complex",IF(D18>500,"T2 Moderate","T1 Simple"))) | D18: ='✏️ SME Input'!G19 -> 0 | E18: ='✏️ SME Input'!H19 -> 0 | F18: ='✏️ SME Input'!I19 -> 0 | G18: ='✏️ SME Input'!J19 -> 0 | H18: ='✏️ SME Input'!K19 -> 0 | I18: ='✏️ SME Input'!L19 -> 0 | J18: ='✏️ SME Input'!M19 -> 0 | K18: ='✏️ SME Input'!N19 -> 0 | ... P18: ='✏️ SME Input'!S19 -> 0 | Q18: ='✏️ SME Input'!F19 -> 0 | R18: =IF(B18="",0,((D18/100)*'⚙️ Rate Card'!C7+F18*'⚙️ Rate Card'!C9+G18*'⚙️ Rate Card'!C10+H18*'⚙️ Rate Card'!C11+I18*'⚙️ Rate Card'!C12+J18*'⚙️ Rate Card'!C13+K18*'⚙️ Rate Card'!C14+(D18/100)*'⚙️ Rate Card'!C8+L18*IF(OR(O18="N/A",O18="None",O18=""),0,IF(O18="High",'⚙️ Rate Card'!C20,IF(O18="Medium",'⚙️ Rate Card'!C19,'⚙️ Rate Card'!C18)))+M18*IF(OR(P18="Decommission",P18=""),'⚙️ Rate Card'!C29,IF(P18="EC2 (Lift & Shift)",'⚙️ Rate Card'!C25,IF(P18="AWS QuickSight",'⚙️ Rate Card'!C27,IF(P18="Power BI",'⚙️ Rate Card'!C28,IF(P18="Custom Reporting Solution",'⚙️ Rate Card'!C26,0)))))+IF(B18="",0,'⚙️ Rate Card'!C33+(D18/100)*'⚙️ Rate Card'!C34))*'⚙️ Rate Card'!C37+(D18/100)*'⚙️ Rate Card'!C7+F18*'⚙️ Rate Card'!C9+G18*'⚙️ Rate Card'!C10+H18*'⚙️ Rate Card'!C11+I18*'⚙️ Rate Card'!C12+J18*'⚙️ Rate Card'!C13+K18*'⚙️ Rate Card'!C14+(D18/100)*'⚙️ Rate Card'!C8+(D18/100)*'⚙️ Rate Card'!C8+L18*IF(OR(O18="N/A",O18="None",O18=""),0,IF(O18="High",'⚙️ Rate Card'!C20,IF(O18="Medium",'⚙️ Rate Card'!C19,'⚙️ Rate Card'!C18)))+M18*IF(OR(P18="Decommission",P18=""),'⚙️ Rate Card'!C29,IF(P18="EC2 (Lift & Shift)",'⚙️ Rate Card'!C25,IF(P18="AWS QuickSight",'⚙️ Rate Card'!C27,IF(P18="Power BI",'⚙️ Rate Card'!C28,IF(P18="Custom Reporting Solution",'⚙️ Rate Card'!C26,0)))))+IF(B18="",0,'⚙️ Rate Card'!C33+(D18/100)*'⚙️ Rate Card'!C34)+((D18/100)*'⚙️ Rate Card'!C7+F18*'⚙️ Rate Card'!C9+G18*'⚙️ Rate Card'!C10+H18*'⚙️ Rate Card'!C11+I18*'⚙️ Rate Card'!C12+J18*'⚙️ Rate Card'!C13+K18*'⚙️ Rate Card'!C14+(D18/100)*'⚙️ Rate Card'!C8+L18*IF(OR(O18="N/A",O18="None",O18=""),0,IF(O18="High",'⚙️ Rate Card'!C20,IF(O18="Medium",'⚙️ Rate Card'!C19,'⚙️ Rate Card'!C18)))+M18*IF(OR(P18="Decommission",P18=""),'⚙️ Rate Card'!C29,IF(P18="EC2 (Lift & Shift)",'⚙️ Rate Card'!C25,IF(P18="AWS QuickSight",'⚙️ Rate Card'!C27,IF(P18="Power BI",'⚙️ Rate Card'!C28,IF(P18="Custom Reporting Solution",'⚙️ Rate Card'!C26,0)))))+IF(B18="",0,'⚙️ Rate Card'!C33+(D18/100)*'⚙️ Rate Card'!C34))*'⚙️ Rate Card'!C35+((D18/100)*'⚙️ Rate Card'!C7+F18*'⚙️ Rate Card'!C9+G18*'⚙️ Rate Card'!C10+H18*'⚙️ Rate Card'!C11+I18*'⚙️ Rate Card'!C12+J18*'⚙️ Rate Card'!C13+K18*'⚙️ Rate Card'!C14+(D18/100)*'⚙️ Rate Card'!C8+L18*IF(OR(O18="N/A",O18="None",O18=""),0,IF(O18="High",'⚙️ Rate Card'!C20,IF(O18="Medium",'⚙️ Rate Card'!C19,'⚙️ Rate Card'!C18)))+M18*IF(OR(P18="Decommission",P18=""),'⚙️ Rate Card'!C29,IF(P18="EC2 (Lift & Shift)",'⚙️ Rate Card'!C25,IF(P18="AWS QuickSight",'⚙️ Rate Card'!C27,IF(P18="Power BI",'⚙️ Rate Card'!C28,IF(P18="Custom Reporting Solution",'⚙️ Rate Card'!C26,0)))))+IF(B18="",0,'⚙️ Rate Card'!C33+(D18/100)*'⚙️ Rate Card'!C34))*'⚙️ Rate Card'!C36) -> 0 | S18: =IF(B18="",0,(((D18/100)*'⚙️ Rate Card'!C7+F18*'⚙️ Rate Card'!C9+G18*'⚙️ Rate Card'!C10+H18*'⚙️ Rate Card'!C11+I18*'⚙️ Rate Card'!C12+J18*'⚙️ Rate Card'!C13+K18*'⚙️ Rate Card'!C14+(D18/100)*'⚙️ Rate Card'!C8+L18*IF(OR(O18="N/A",O18="None",O18=""),0,IF(O18="High",'⚙️ Rate Card'!C20,IF(O18="Medium",'⚙️ Rate Card'!C19,'⚙️ Rate Card'!C18)))+M18*IF(OR(P18="Decommission",P18=""),'⚙️ Rate Card'!C29,IF(P18="EC2 (Lift & Shift)",'⚙️ Rate Card'!C25,IF(P18="AWS QuickSight",'⚙️ Rate Card'!C27,IF(P18="Power BI",'⚙️ Rate Card'!C28,IF(P18="Custom Reporting Solution",'⚙️ Rate Card'!C26,0)))))+IF(B18="",0,'⚙️ Rate Card'!C33+(D18/100)*'⚙️ Rate Card'!C34))*'⚙️ Rate Card'!C37)*(1-'📊 Dashboard'!C10/100)+(((D18/100)*'⚙️ Rate Card'!C7+F18*'⚙️ Rate Card'!C9+G18*'⚙️ Rate Card'!C10+H18*'⚙️ Rate Card'!C11+I18*'⚙️ Rate Card'!C12+J18*'⚙️ Rate Card'!C13+K18*'⚙️ Rate Card'!C14+(D18/100)*'⚙️ Rate Card'!C8+(D18/100)*'⚙️ Rate Card'!C8))*(1-'📊 Dashboard'!C10/100)+(L18*IF(OR(O18="N/A",O18="None",O18=""),0,IF(O18="High",'⚙️ Rate Card'!C20,IF(O18="Medium",'⚙️ Rate Card'!C19,'⚙️ Rate Card'!C18))))*(1-'📊 Dashboard'!C11/100)+(M18*IF(OR(P18="Decommission",P18=""),'⚙️ Rate Card'!C29,IF(P18="EC2 (Lift & Shift)",'⚙️ Rate Card'!C25,IF(P18="AWS QuickSight",'⚙️ Rate Card'!C27,IF(P18="Power BI",'⚙️ Rate Card'!C28,IF(P18="Custom Reporting Solution",'⚙️ Rate Card'!C26,0))))))*(1-'📊 Dashboard'!C12/100)+(IF(B18="",0,'⚙️ Rate Card'!C33+(D18/100)*'⚙️ Rate Card'!C34))*(1-'📊 Dashboard'!C10/100)+(((D18/100)*'⚙️ Rate Card'!C7+F18*'⚙️ Rate Card'!C9+G18*'⚙️ Rate Card'!C10+H18*'⚙️ Rate Card'!C11+I18*'⚙️ Rate Card'!C12+J18*'⚙️ Rate Card'!C13+K18*'⚙️ Rate Card'!C14+(D18/100)*'⚙️ Rate Card'!C8+L18*IF(OR(O18="N/A",O18="None",O18=""),0,IF(O18="High",'⚙️ Rate Card'!C20,IF(O18="Medium",'⚙️ Rate Card'!C19,'⚙️ Rate Card'!C18)))+M18*IF(OR(P18="Decommission",P18=""),'⚙️ Rate Card'!C29,IF(P18="EC2 (Lift & Shift)",'⚙️ Rate Card'!C25,IF(P18="AWS QuickSight",'⚙️ Rate Card'!C27,IF(P18="Power BI",'⚙️ Rate Card'!C28,IF(P18="Custom Reporting Solution",'⚙️ Rate Card'!C26,0)))))+IF(B18="",0,'⚙️ Rate Card'!C33+(D18/100)*'⚙️ Rate Card'!C34))*'⚙️ Rate Card'!C35)*(1-'📊 Dashboard'!C13/100)+(((D18/100)*'⚙️ Rate Card'!C7+F18*'⚙️ Rate Card'!C9+G18*'⚙️ Rate Card'!C10+H18*'⚙️ Rate Card'!C11+I18*'⚙️ Rate Card'!C12+J18*'⚙️ Rate Card'!C13+K18*'⚙️ Rate Card'!C14+(D18/100)*'⚙️ Rate Card'!C8+L18*IF(OR(O18="N/A",O18="None",O18=""),0,IF(O18="High",'⚙️ Rate Card'!C20,IF(O18="Medium",'⚙️ Rate Card'!C19,'⚙️ Rate Card'!C18)))+M18*IF(OR(P18="Decommission",P18=""),'⚙️ Rate Card'!C29,IF(P18="EC2 (Lift & Shift)",'⚙️ Rate Card'!C25,IF(P18="AWS QuickSight",'⚙️ Rate Card'!C27,IF(P18="Power BI",'⚙️ Rate Card'!C28,IF(P18="Custom Reporting Solution",'⚙️ Rate Card'!C26,0)))))+IF(B18="",0,'⚙️ Rate Card'!C33+(D18/100)*'⚙️ Rate Card'!C34))*'⚙️ Rate Card'!C36)*(1-'📊 Dashboard'!C10/100)) -> 0 | T18: =IF(B18="",0,S18*(1+'📊 Dashboard'!C14/100)) -> 0 | U18: =IF(B18="",0,((D18/100)*'⚙️ Rate Card'!C7+F18*'⚙️ Rate Card'!C9+G18*'⚙️ Rate Card'!C10+H18*'⚙️ Rate Card'!C11+I18*'⚙️ Rate Card'!C12+J18*'⚙️ Rate Card'!C13+K18*'⚙️ Rate Card'!C14+(D18/100)*'⚙️ Rate Card'!C8+L18*IF(OR(O18="N/A",O18="None",O18=""),0,IF(O18="High",'⚙️ Rate Card'!C20,IF(O18="Medium",'⚙️ Rate Card'!C19,'⚙️ Rate Card'!C18)))+M18*IF(OR(P18="Decommission",P18=""),'⚙️ Rate Card'!C29,IF(P18="EC2 (Lift & Shift)",'⚙️ Rate Card'!C25,IF(P18="AWS QuickSight",'⚙️ Rate Card'!C27,IF(P18="Power BI",'⚙️ Rate Card'!C28,IF(P18="Custom Reporting Solution",'⚙️ Rate Card'!C26,0)))))+IF(B18="",0,'⚙️ Rate Card'!C33+(D18/100)*'⚙️ Rate Card'!C34))*'⚙️ Rate Card'!C37) -> 0 | V18: =IF(B18="",0,(D18/100)*'⚙️ Rate Card'!C7+F18*'⚙️ Rate Card'!C9+G18*'⚙️ Rate Card'!C10+H18*'⚙️ Rate Card'!C11+I18*'⚙️ Rate Card'!C12+J18*'⚙️ Rate Card'!C13+K18*'⚙️ Rate Card'!C14+(D18/100)*'⚙️ Rate Card'!C8+(D18/100)*'⚙️ Rate Card'!C8) -> 0 | W18: =IF(B18="",0,L18*IF(OR(O18="N/A",O18="None",O18=""),0,IF(O18="High",'⚙️ Rate Card'!C20,IF(O18="Medium",'⚙️ Rate Card'!C19,'⚙️ Rate Card'!C18)))) -> 0 | X18: =IF(B18="",0,M18*IF(OR(P18="Decommission",P18=""),'⚙️ Rate Card'!C29,IF(P18="EC2 (Lift & Shift)",'⚙️ Rate Card'!C25,IF(P18="AWS QuickSight",'⚙️ Rate Card'!C27,IF(P18="Power BI",'⚙️ Rate Card'!C28,IF(P18="Custom Reporting Solution",'⚙️ Rate Card'!C26,0)))))) -> 0 | Y18: =IF(B18="",0,IF(B18="",0,'⚙️ Rate Card'!C33+(D18/100)*'⚙️ Rate Card'!C34)) -> 0 | Z18: =IF(B18="",0,((D18/100)*'⚙️ Rate Card'!C7+F18*'⚙️ Rate Card'!C9+G18*'⚙️ Rate Card'!C10+H18*'⚙️ Rate Card'!C11+I18*'⚙️ Rate Card'!C12+J18*'⚙️ Rate Card'!C13+K18*'⚙️ Rate Card'!C14+(D18/100)*'⚙️ Rate Card'!C8+L18*IF(OR(O18="N/A",O18="None",O18=""),0,IF(O18="High",'⚙️ Rate Card'!C20,IF(O18="Medium",'⚙️ Rate Card'!C19,'⚙️ Rate Card'!C18)))+M18*IF(OR(P18="Decommission",P18=""),'⚙️ Rate Card'!C29,IF(P18="EC2 (Lift & Shift)",'⚙️ Rate Card'!C25,IF(P18="AWS QuickSight",'⚙️ Rate Card'!C27,IF(P18="Power BI",'⚙️ Rate Card'!C28,IF(P18="Custom Reporting Solution",'⚙️ Rate Card'!C26,0)))))+IF(B18="",0,'⚙️ Rate Card'!C33+(D18/100)*'⚙️ Rate Card'!C34))*'⚙️ Rate Card'!C35) -> 0 | AA18: =IF(B18="",0,((D18/100)*'⚙️ Rate Card'!C7+F18*'⚙️ Rate Card'!C9+G18*'⚙️ Rate Card'!C10+H18*'⚙️ Rate Card'!C11+I18*'⚙️ Rate Card'!C12+J18*'⚙️ Rate Card'!C13+K18*'⚙️ Rate Card'!C14+(D18/100)*'⚙️ Rate Card'!C8+L18*IF(OR(O18="N/A",O18="None",O18=""),0,IF(O18="High",'⚙️ Rate Card'!C20,IF(O18="Medium",'⚙️ Rate Card'!C19,'⚙️ Rate Card'!C18)))+M18*IF(OR(P18="Decommission",P18=""),'⚙️ Rate Card'!C29,IF(P18="EC2 (Lift & Shift)",'⚙️ Rate Card'!C25,IF(P18="AWS QuickSight",'⚙️ Rate Card'!C27,IF(P18="Power BI",'⚙️ Rate Card'!C28,IF(P18="Custom Reporting Solution",'⚙️ Rate Card'!C26,0)))))+IF(B18="",0,'⚙️ Rate Card'!C33+(D18/100)*'⚙️ Rate Card'!C34))*'⚙️ Rate Card'!C36) -> 0 | AB18: ='✏️ SME Input'!T19 -> 0 | AC18: =IF(B18="",0,AB18*0.75) -> 0 | AD18: =IF(B18="",0,AB18*0.75) -> 0 | AE18: =IF(B18="",0,AB18*0.75) -> 0 | AF18: =IF(B18="",0,AB18*2.25) -> 0 | AG18: =IF(B18="",0,((D18/100)*'⚙️ Rate Card'!C7+F18*'⚙️ Rate Card'!C9+G18*'⚙️ Rate Card'!C10+H18*'⚙️ Rate Card'!C11+I18*'⚙️ Rate Card'!C12+J18*'⚙️ Rate Card'!C13+K18*'⚙️ Rate Card'!C14+(D18/100)*'⚙️ Rate Card'!C8)*0.4) -> 0 | AH18: =IF(B18="",0,((D18/100)*'⚙️ Rate Card'!C7+F18*'⚙️ Rate Card'!C9+G18*'⚙️ Rate Card'!C10+H18*'⚙️ Rate Card'!C11+I18*'⚙️ Rate Card'!C12+J18*'⚙️ Rate Card'!C13+K18*'⚙️ Rate Card'!C14+(D18/100)*'⚙️ Rate Card'!C8)*0.4) -> 0 | AI18: =IF(B18="",0,((D18/100)*'⚙️ Rate Card'!C7+F18*'⚙️ Rate Card'!C9+G18*'⚙️ Rate Card'!C10+H18*'⚙️ Rate Card'!C11+I18*'⚙️ Rate Card'!C12+J18*'⚙️ Rate Card'!C13+K18*'⚙️ Rate Card'!C14+(D18/100)*'⚙️ Rate Card'!C8)*0.2) -> 0 | AJ18: =IF(B18="",0,(L18*IF(OR(O18="N/A",O18="None",O18=""),0,IF(O18="High",'⚙️ Rate Card'!C20,IF(O18="Medium",'⚙️ Rate Card'!C19,'⚙️ Rate Card'!C18))))*0.5) -> 0 | AK18: =IF(B18="",0,(L18*IF(OR(O18="N/A",O18="None",O18=""),0,IF(O18="High",'⚙️ Rate Card'!C20,IF(O18="Medium",'⚙️ Rate Card'!C19,'⚙️ Rate Card'!C18))))*0.35) -> 0 | AL18: =IF(B18="",0,(L18*IF(OR(O18="N/A",O18="None",O18=""),0,IF(O18="High",'⚙️ Rate Card'!C20,IF(O18="Medium",'⚙️ Rate Card'!C19,'⚙️ Rate Card'!C18))))*0.15) -> 0 | AM18: =IF(B18="",0,AG18+AJ18+(M18*IF(OR(P18="Decommission",P18=""),'⚙️ Rate Card'!C29,IF(P18="EC2 (Lift & Shift)",'⚙️ Rate Card'!C25,IF(P18="AWS QuickSight",'⚙️ Rate Card'!C27,IF(P18="Power BI",'⚙️ Rate Card'!C28,IF(P18="Custom Reporting Solution",'⚙️ Rate Card'!C26,0))))))*0.4+(IF(B18="",0,'⚙️ Rate Card'!C33+(D18/100)*'⚙️ Rate Card'!C34))*0.4+AC18+(((D18/100)*'⚙️ Rate Card'!C7+F18*'⚙️ Rate Card'!C9+G18*'⚙️ Rate Card'!C10+H18*'⚙️ Rate Card'!C11+I18*'⚙️ Rate Card'!C12+J18*'⚙️ Rate Card'!C13+K18*'⚙️ Rate Card'!C14+(D18/100)*'⚙️ Rate Card'!C8+L18*IF(OR(O18="N/A",O18="None",O18=""),0,IF(O18="High",'⚙️ Rate Card'!C20,IF(O18="Medium",'⚙️ Rate Card'!C19,'⚙️ Rate Card'!C18)))+M18*IF(OR(P18="Decommission",P18=""),'⚙️ Rate Card'!C29,IF(P18="EC2 (Lift & Shift)",'⚙️ Rate Card'!C25,IF(P18="AWS QuickSight",'⚙️ Rate Card'!C27,IF(P18="Power BI",'⚙️ Rate Card'!C28,IF(P18="Custom Reporting Solution",'⚙️ Rate Card'!C26,0)))))+IF(B18="",0,'⚙️ Rate Card'!C33+(D18/100)*'⚙️ Rate Card'!C34)))*'⚙️ Rate Card'!C35*0.4+(((D18/100)*'⚙️ Rate Card'!C7+F18*'⚙️ Rate Card'!C9+G18*'⚙️ Rate Card'!C10+H18*'⚙️ Rate Card'!C11+I18*'⚙️ Rate Card'!C12+J18*'⚙️ Rate Card'!C13+K18*'⚙️ Rate Card'!C14+(D18/100)*'⚙️ Rate Card'!C8+L18*IF(OR(O18="N/A",O18="None",O18=""),0,IF(O18="High",'⚙️ Rate Card'!C20,IF(O18="Medium",'⚙️ Rate Card'!C19,'⚙️ Rate Card'!C18)))+M18*IF(OR(P18="Decommission",P18=""),'⚙️ Rate Card'!C29,IF(P18="EC2 (Lift & Shift)",'⚙️ Rate Card'!C25,IF(P18="AWS QuickSight",'⚙️ Rate Card'!C27,IF(P18="Power BI",'⚙️ Rate Card'!C28,IF(P18="Custom Reporting Solution",'⚙️ Rate Card'!C26,0)))))+IF(B18="",0,'⚙️ Rate Card'!C33+(D18/100)*'⚙️ Rate Card'!C34)))*'⚙️ Rate Card'!C36*0.4+(((D18/100)*'⚙️ Rate Card'!C7+F18*'⚙️ Rate Card'!C9+G18*'⚙️ Rate Card'!C10+H18*'⚙️ Rate Card'!C11+I18*'⚙️ Rate Card'!C12+J18*'⚙️ Rate Card'!C13+K18*'⚙️ Rate Card'!C14+(D18/100)*'⚙️ Rate Card'!C8+L18*IF(OR(O18="N/A",O18="None",O18=""),0,IF(O18="High",'⚙️ Rate Card'!C20,IF(O18="Medium",'⚙️ Rate Card'!C19,'⚙️ Rate Card'!C18)))+M18*IF(OR(P18="Decommission",P18=""),'⚙️ Rate Card'!C29,IF(P18="EC2 (Lift & Shift)",'⚙️ Rate Card'!C25,IF(P18="AWS QuickSight",'⚙️ Rate Card'!C27,IF(P18="Power BI",'⚙️ Rate Card'!C28,IF(P18="Custom Reporting Solution",'⚙️ Rate Card'!C26,0)))))+IF(B18="",0,'⚙️ Rate Card'!C33+(D18/100)*'⚙️ Rate Card'!C34)))*'⚙️ Rate Card'!C37*0.4) -> 0 | AN18: =IF(B18="",0,AH18+AK18+(M18*IF(OR(P18="Decommission",P18=""),'⚙️ Rate Card'!C29,IF(P18="EC2 (Lift & Shift)",'⚙️ Rate Card'!C25,IF(P18="AWS QuickSight",'⚙️ Rate Card'!C27,IF(P18="Power BI",'⚙️ Rate Card'!C28,IF(P18="Custom Reporting Solution",'⚙️ Rate Card'!C26,0))))))*0.4+(IF(B18="",0,'⚙️ Rate Card'!C33+(D18/100)*'⚙️ Rate Card'!C34))*0.4+AD18+(((D18/100)*'⚙️ Rate Card'!C7+F18*'⚙️ Rate Card'!C9+G18*'⚙️ Rate Card'!C10+H18*'⚙️ Rate Card'!C11+I18*'⚙️ Rate Card'!C12+J18*'⚙️ Rate Card'!C13+K18*'⚙️ Rate Card'!C14+(D18/100)*'⚙️ Rate Card'!C8+L18*IF(OR(O18="N/A",O18="None",O18=""),0,IF(O18="High",'⚙️ Rate Card'!C20,IF(O18="Medium",'⚙️ Rate Card'!C19,'⚙️ Rate Card'!C18)))+M18*IF(OR(P18="Decommission",P18=""),'⚙️ Rate Card'!C29,IF(P18="EC2 (Lift & Shift)",'⚙️ Rate Card'!C25,IF(P18="AWS QuickSight",'⚙️ Rate Card'!C27,IF(P18="Power BI",'⚙️ Rate Card'!C28,IF(P18="Custom Reporting Solution",'⚙️ Rate Card'!C26,0)))))+IF(B18="",0,'⚙️ Rate Card'!C33+(D18/100)*'⚙️ Rate Card'!C34)))*'⚙️ Rate Card'!C35*0.4+(((D18/100)*'⚙️ Rate Card'!C7+F18*'⚙️ Rate Card'!C9+G18*'⚙️ Rate Card'!C10+H18*'⚙️ Rate Card'!C11+I18*'⚙️ Rate Card'!C12+J18*'⚙️ Rate Card'!C13+K18*'⚙️ Rate Card'!C14+(D18/100)*'⚙️ Rate Card'!C8+L18*IF(OR(O18="N/A",O18="None",O18=""),0,IF(O18="High",'⚙️ Rate Card'!C20,IF(O18="Medium",'⚙️ Rate Card'!C19,'⚙️ Rate Card'!C18)))+M18*IF(OR(P18="Decommission",P18=""),'⚙️ Rate Card'!C29,IF(P18="EC2 (Lift & Shift)",'⚙️ Rate Card'!C25,IF(P18="AWS QuickSight",'⚙️ Rate Card'!C27,IF(P18="Power BI",'⚙️ Rate Card'!C28,IF(P18="Custom Reporting Solution",'⚙️ Rate Card'!C26,0)))))+IF(B18="",0,'⚙️ Rate Card'!C33+(D18/100)*'⚙️ Rate Card'!C34)))*'⚙️ Rate Card'!C36*0.4+(((D18/100)*'⚙️ Rate Card'!C7+F18*'⚙️ Rate Card'!C9+G18*'⚙️ Rate Card'!C10+H18*'⚙️ Rate Card'!C11+I18*'⚙️ Rate Card'!C12+J18*'⚙️ Rate Card'!C13+K18*'⚙️ Rate Card'!C14+(D18/100)*'⚙️ Rate Card'!C8+L18*IF(OR(O18="N/A",O18="None",O18=""),0,IF(O18="High",'⚙️ Rate Card'!C20,IF(O18="Medium",'⚙️ Rate Card'!C19,'⚙️ Rate Card'!C18)))+M18*IF(OR(P18="Decommission",P18=""),'⚙️ Rate Card'!C29,IF(P18="EC2 (Lift & Shift)",'⚙️ Rate Card'!C25,IF(P18="AWS QuickSight",'⚙️ Rate Card'!C27,IF(P18="Power BI",'⚙️ Rate Card'!C28,IF(P18="Custom Reporting Solution",'⚙️ Rate Card'!C26,0)))))+IF(B18="",0,'⚙️ Rate Card'!C33+(D18/100)*'⚙️ Rate Card'!C34)))*'⚙️ Rate Card'!C37*0.4) -> 0 | AO18: =IF(B18="",0,AI18+AL18+(M18*IF(OR(P18="Decommission",P18=""),'⚙️ Rate Card'!C29,IF(P18="EC2 (Lift & Shift)",'⚙️ Rate Card'!C25,IF(P18="AWS QuickSight",'⚙️ Rate Card'!C27,IF(P18="Power BI",'⚙️ Rate Card'!C28,IF(P18="Custom Reporting Solution",'⚙️ Rate Card'!C26,0))))))*0.2+(IF(B18="",0,'⚙️ Rate Card'!C33+(D18/100)*'⚙️ Rate Card'!C34))*0.2+AE18+(((D18/100)*'⚙️ Rate Card'!C7+F18*'⚙️ Rate Card'!C9+G18*'⚙️ Rate Card'!C10+H18*'⚙️ Rate Card'!C11+I18*'⚙️ Rate Card'!C12+J18*'⚙️ Rate Card'!C13+K18*'⚙️ Rate Card'!C14+(D18/100)*'⚙️ Rate Card'!C8+L18*IF(OR(O18="N/A",O18="None",O18=""),0,IF(O18="High",'⚙️ Rate Card'!C20,IF(O18="Medium",'⚙️ Rate Card'!C19,'⚙️ Rate Card'!C18)))+M18*IF(OR(P18="Decommission",P18=""),'⚙️ Rate Card'!C29,IF(P18="EC2 (Lift & Shift)",'⚙️ Rate Card'!C25,IF(P18="AWS QuickSight",'⚙️ Rate Card'!C27,IF(P18="Power BI",'⚙️ Rate Card'!C28,IF(P18="Custom Reporting Solution",'⚙️ Rate Card'!C26,0)))))+IF(B18="",0,'⚙️ Rate Card'!C33+(D18/100)*'⚙️ Rate Card'!C34)))*'⚙️ Rate Card'!C35*0.2+(((D18/100)*'⚙️ Rate Card'!C7+F18*'⚙️ Rate Card'!C9+G18*'⚙️ Rate Card'!C10+H18*'⚙️ Rate Card'!C11+I18*'⚙️ Rate Card'!C12+J18*'⚙️ Rate Card'!C13+K18*'⚙️ Rate Card'!C14+(D18/100)*'⚙️ Rate Card'!C8+L18*IF(OR(O18="N/A",O18="None",O18=""),0,IF(O18="High",'⚙️ Rate Card'!C20,IF(O18="Medium",'⚙️ Rate Card'!C19,'⚙️ Rate Card'!C18)))+M18*IF(OR(P18="Decommission",P18=""),'⚙️ Rate Card'!C29,IF(P18="EC2 (Lift & Shift)",'⚙️ Rate Card'!C25,IF(P18="AWS QuickSight",'⚙️ Rate Card'!C27,IF(P18="Power BI",'⚙️ Rate Card'!C28,IF(P18="Custom Reporting Solution",'⚙️ Rate Card'!C26,0)))))+IF(B18="",0,'⚙️ Rate Card'!C33+(D18/100)*'⚙️ Rate Card'!C34)))*'⚙️ Rate Card'!C36*0.2+(((D18/100)*'⚙️ Rate Card'!C7+F18*'⚙️ Rate Card'!C9+G18*'⚙️ Rate Card'!C10+H18*'⚙️ Rate Card'!C11+I18*'⚙️ Rate Card'!C12+J18*'⚙️ Rate Card'!C13+K18*'⚙️ Rate Card'!C14+(D18/100)*'⚙️ Rate Card'!C8+L18*IF(OR(O18="N/A",O18="None",O18=""),0,IF(O18="High",'⚙️ Rate Card'!C20,IF(O18="Medium",'⚙️ Rate Card'!C19,'⚙️ Rate Card'!C18)))+M18*IF(OR(P18="Decommission",P18=""),'⚙️ Rate Card'!C29,IF(P18="EC2 (Lift & Shift)",'⚙️ Rate Card'!C25,IF(P18="AWS QuickSight",'⚙️ Rate Card'!C27,IF(P18="Power BI",'⚙️ Rate Card'!C28,IF(P18="Custom Reporting Solution",'⚙️ Rate Card'!C26,0)))))+IF(B18="",0,'⚙️ Rate Card'!C33+(D18/100)*'⚙️ Rate Card'!C34)))*'⚙️ Rate Card'!C37*0.2) -> 0 | AP18: ='✏️ SME Input'!B19 -> 0 | AQ18: ='✏️ SME Input'!C19 -> 0 | AR18: ='✏️ SME Input'!D19 -> 0
